company_name,order_id,customer_id,order_date,revenue,quantity,product_id
Starlite Apparel,1,48,2023-01-01,735,2,1014
Starlite Apparel,2,268,2023-01-02,1145,3,1332
Starlite Apparel,3,215,2023-01-03,553,7,1361
Starlite Apparel,4,290,2023-01-04,709,2,1173
Starlite Apparel,5,254,2023-01-05,637,5,1089
Starlite Apparel,6,87,2023-01-06,210,2,1212
Starlite Apparel,7,181,2023-01-07,720,7,1342
Starlite Apparel,8,25,2023-01-08,239,10,1060
Starlite Apparel,9,222,2023-01-09,240,8,1363
Starlite Apparel,10,49,2023-01-10,53,8,1219
Starlite Apparel,11,175,2023-01-11,126,8,1060
Starlite Apparel,12,274,2023-01-12,147,10,1306
Starlite Apparel,13,35,2023-01-13,78,9,1165
Starlite Apparel,14,217,2023-01-14,1165,1,1011
Starlite Apparel,15,209,2023-01-15,640,1,1215
Starlite Apparel,16,160,2023-01-16,581,10,1076
Starlite Apparel,17,7,2023-01-17,138,2,1231
Starlite Apparel,18,269,2023-01-18,879,11,1111
Starlite Apparel,19,126,2023-01-19,700,6,1065
Starlite Apparel,20,90,2023-01-20,1001,1,1181
Starlite Apparel,21,42,2023-01-21,725,5,1203
Starlite Apparel,22,159,2023-01-22,316,5,1370
Starlite Apparel,23,202,2023-01-23,285,4,1205
Starlite Apparel,24,282,2023-01-24,588,11,1285
Starlite Apparel,25,288,2023-01-25,73,5,1104
Starlite Apparel,26,91,2023-01-26,1054,1,1241
Starlite Apparel,27,125,2023-01-27,403,11,1234
Starlite Apparel,28,126,2023-01-28,248,11,1175
Starlite Apparel,29,52,2023-01-29,1071,6,1210
Starlite Apparel,30,103,2023-01-30,1032,7,1030
Starlite Apparel,31,187,2023-01-31,681,8,1234
Starlite Apparel,32,205,2023-02-01,134,2,1241
Starlite Apparel,33,14,2023-02-02,748,7,1152
Starlite Apparel,34,104,2023-02-03,577,6,1195
Starlite Apparel,35,117,2023-02-04,1030,9,1268
Starlite Apparel,36,93,2023-02-05,722,8,1383
Starlite Apparel,37,144,2023-02-06,750,11,1169
Starlite Apparel,38,110,2023-02-07,330,4,1356
Starlite Apparel,39,163,2023-02-08,983,9,1322
Starlite Apparel,40,53,2023-02-09,978,1,1335
Starlite Apparel,41,3,2023-02-10,1199,11,1231
Starlite Apparel,42,68,2023-02-11,645,6,1183
Starlite Apparel,43,246,2023-02-12,654,8,1358
Starlite Apparel,44,138,2023-02-13,901,11,1274
Starlite Apparel,45,287,2023-02-14,580,11,1398
Starlite Apparel,46,66,2023-02-15,91,4,1031
Starlite Apparel,47,155,2023-02-16,859,2,1176
Starlite Apparel,48,87,2023-02-17,230,11,1064
Starlite Apparel,49,33,2023-02-18,810,2,1197
Starlite Apparel,50,68,2023-02-19,179,10,1026
Starlite Apparel,51,187,2023-02-20,1122,1,1150
Starlite Apparel,52,192,2023-02-21,1097,5,1302
Starlite Apparel,53,213,2023-02-22,807,6,1267
Starlite Apparel,54,88,2023-02-23,609,4,1084
Starlite Apparel,55,108,2023-02-24,732,4,1065
Starlite Apparel,56,240,2023-02-25,203,5,1132
Starlite Apparel,57,216,2023-02-26,1096,5,1392
Starlite Apparel,58,177,2023-02-27,1120,9,1365
Starlite Apparel,59,53,2023-02-28,137,8,1081
Starlite Apparel,60,49,2023-03-01,781,9,1380
Starlite Apparel,61,114,2023-03-02,921,3,1318
Starlite Apparel,62,95,2023-03-03,845,3,1327
Starlite Apparel,63,25,2023-03-04,183,1,1097
Starlite Apparel,64,132,2023-03-05,810,10,1072
Starlite Apparel,65,179,2023-03-06,1078,6,1326
Starlite Apparel,66,145,2023-03-07,1145,4,1029
Starlite Apparel,67,198,2023-03-08,275,11,1124
Starlite Apparel,68,84,2023-03-09,1140,8,1209
Starlite Apparel,69,157,2023-03-10,137,2,1271
Starlite Apparel,70,85,2023-03-11,283,11,1212
Starlite Apparel,71,253,2023-03-12,131,2,1132
Starlite Apparel,72,72,2023-03-13,599,7,1156
Starlite Apparel,73,223,2023-03-14,1015,5,1046
Starlite Apparel,74,276,2023-03-15,451,1,1356
Starlite Apparel,75,283,2023-03-16,883,7,1362
Starlite Apparel,76,264,2023-03-17,942,7,1381
Starlite Apparel,77,246,2023-03-18,1168,10,1021
Starlite Apparel,78,61,2023-03-19,651,6,1082
Starlite Apparel,79,259,2023-03-20,499,4,1233
Starlite Apparel,80,7,2023-03-21,576,8,1059
Starlite Apparel,81,188,2023-03-22,368,11,1187
Starlite Apparel,82,4,2023-03-23,652,2,1057
Starlite Apparel,83,231,2023-03-24,160,2,1258
Starlite Apparel,84,133,2023-03-25,301,2,1161
Starlite Apparel,85,125,2023-03-26,55,3,1300
Starlite Apparel,86,15,2023-03-27,271,6,1305
Starlite Apparel,87,13,2023-03-28,435,1,1001
Starlite Apparel,88,118,2023-03-29,51,11,1270
Starlite Apparel,89,240,2023-03-30,97,2,1142
Starlite Apparel,90,263,2023-03-31,1145,10,1187
Starlite Apparel,91,6,2023-04-01,697,2,1351
Starlite Apparel,92,231,2023-04-02,500,1,1340
Starlite Apparel,93,30,2023-04-03,311,3,1223
Starlite Apparel,94,22,2023-04-04,236,10,1366
Starlite Apparel,95,156,2023-04-05,1124,7,1179
Starlite Apparel,96,118,2023-04-06,425,1,1022
Starlite Apparel,97,193,2023-04-07,679,7,1354
Starlite Apparel,98,195,2023-04-08,1082,5,1036
Starlite Apparel,99,168,2023-04-09,522,9,1106
Starlite Apparel,100,239,2023-04-10,872,2,1296
Starlite Apparel,101,244,2023-04-11,122,1,1228
Starlite Apparel,102,69,2023-04-12,390,9,1312
Starlite Apparel,103,95,2023-04-13,487,8,1096
Starlite Apparel,104,77,2023-04-14,52,10,1280
Starlite Apparel,105,171,2023-04-15,737,6,1109
Starlite Apparel,106,1,2023-04-16,297,5,1036
Starlite Apparel,107,62,2023-04-17,850,8,1039
Starlite Apparel,108,207,2023-04-18,1175,8,1084
Starlite Apparel,109,154,2023-04-19,226,5,1301
Starlite Apparel,110,274,2023-04-20,474,7,1187
Starlite Apparel,111,48,2023-04-21,1136,1,1239
Starlite Apparel,112,137,2023-04-22,43,4,1357
Starlite Apparel,113,1,2023-04-23,1155,2,1353
Starlite Apparel,114,235,2023-04-24,335,10,1018
Starlite Apparel,115,256,2023-04-25,436,3,1346
Starlite Apparel,116,107,2023-04-26,766,1,1392
Starlite Apparel,117,173,2023-04-27,648,11,1324
Starlite Apparel,118,130,2023-04-28,756,11,1260
Starlite Apparel,119,294,2023-04-29,659,2,1157
Starlite Apparel,120,40,2023-04-30,522,1,1303
Starlite Apparel,121,16,2023-05-01,268,8,1111
Starlite Apparel,122,127,2023-05-02,714,4,1143
Starlite Apparel,123,203,2023-05-03,601,3,1255
Starlite Apparel,124,134,2023-05-04,539,1,1017
Starlite Apparel,125,259,2023-05-05,231,2,1183
Starlite Apparel,126,14,2023-05-06,972,3,1286
Starlite Apparel,127,66,2023-05-07,418,3,1384
Starlite Apparel,128,195,2023-05-08,1069,6,1130
Starlite Apparel,129,114,2023-05-09,742,10,1280
Starlite Apparel,130,159,2023-05-10,226,8,1244
Starlite Apparel,131,161,2023-05-11,144,6,1007
Starlite Apparel,132,254,2023-05-12,413,2,1192
Starlite Apparel,133,15,2023-05-13,258,2,1317
Starlite Apparel,134,37,2023-05-14,626,7,1390
Starlite Apparel,135,155,2023-05-15,736,1,1006
Starlite Apparel,136,27,2023-05-16,1006,1,1135
Starlite Apparel,137,12,2023-05-17,881,7,1018
Starlite Apparel,138,67,2023-05-18,100,9,1138
Starlite Apparel,139,30,2023-05-19,673,5,1366
Starlite Apparel,140,96,2023-05-20,674,11,1176
Starlite Apparel,141,215,2023-05-21,520,1,1010
Starlite Apparel,142,194,2023-05-22,854,5,1040
Starlite Apparel,143,135,2023-05-23,507,11,1113
Starlite Apparel,144,290,2023-05-24,1108,1,1179
Starlite Apparel,145,32,2023-05-25,1015,10,1193
Starlite Apparel,146,39,2023-05-26,643,9,1195
Starlite Apparel,147,206,2023-05-27,574,4,1347
Starlite Apparel,148,43,2023-05-28,670,9,1224
Starlite Apparel,149,259,2023-05-29,526,2,1330
Starlite Apparel,150,249,2023-05-30,1181,7,1322
Starlite Apparel,151,74,2023-05-31,870,2,1260
Starlite Apparel,152,296,2023-06-01,77,4,1115
Starlite Apparel,153,274,2023-06-02,474,6,1149
Starlite Apparel,154,190,2023-06-03,86,2,1117
Starlite Apparel,155,138,2023-06-04,1071,2,1164
Starlite Apparel,156,282,2023-06-05,68,2,1251
Starlite Apparel,157,166,2023-06-06,844,3,1266
Starlite Apparel,158,278,2023-06-07,683,5,1043
Starlite Apparel,159,26,2023-06-08,752,9,1180
Starlite Apparel,160,73,2023-06-09,876,6,1076
Starlite Apparel,161,115,2023-06-10,71,9,1373
Starlite Apparel,162,51,2023-06-11,844,10,1115
Starlite Apparel,163,171,2023-06-12,1072,5,1066
Starlite Apparel,164,268,2023-06-13,113,11,1012
Starlite Apparel,165,3,2023-06-14,1167,6,1091
Starlite Apparel,166,210,2023-06-15,759,10,1245
Starlite Apparel,167,115,2023-06-16,202,8,1266
Starlite Apparel,168,167,2023-06-17,1043,3,1138
Starlite Apparel,169,265,2023-06-18,1107,2,1340
Starlite Apparel,170,227,2023-06-19,925,3,1243
Starlite Apparel,171,151,2023-06-20,462,9,1340
Starlite Apparel,172,268,2023-06-21,450,6,1390
Starlite Apparel,173,116,2023-06-22,992,10,1272
Starlite Apparel,174,88,2023-06-23,510,4,1303
Starlite Apparel,175,242,2023-06-24,484,10,1397
Starlite Apparel,176,40,2023-06-25,945,3,1190
Starlite Apparel,177,182,2023-06-26,1150,2,1096
Starlite Apparel,178,209,2023-06-27,1063,4,1330
Starlite Apparel,179,273,2023-06-28,772,9,1204
Starlite Apparel,180,119,2023-06-29,75,4,1136
Starlite Apparel,181,24,2023-06-30,333,5,1076
Starlite Apparel,182,258,2023-07-01,1082,8,1383
Starlite Apparel,183,92,2023-07-02,1029,2,1036
Starlite Apparel,184,161,2023-07-03,659,11,1285
Starlite Apparel,185,149,2023-07-04,229,3,1302
Starlite Apparel,186,117,2023-07-05,764,6,1134
Starlite Apparel,187,53,2023-07-06,1118,7,1141
Starlite Apparel,188,45,2023-07-07,557,4,1253
Starlite Apparel,189,265,2023-07-08,132,1,1047
Starlite Apparel,190,262,2023-07-09,900,7,1254
Starlite Apparel,191,234,2023-07-10,275,9,1133
Starlite Apparel,192,35,2023-07-11,159,1,1289
Starlite Apparel,193,197,2023-07-12,1138,1,1207
Starlite Apparel,194,25,2023-07-13,713,1,1100
Starlite Apparel,195,202,2023-07-14,431,10,1045
Starlite Apparel,196,273,2023-07-15,126,7,1069
Starlite Apparel,197,36,2023-07-16,717,11,1135
Starlite Apparel,198,223,2023-07-17,1194,9,1279
Starlite Apparel,199,277,2023-07-18,428,3,1066
Starlite Apparel,200,18,2023-07-19,838,8,1003
Starlite Apparel,201,188,2023-07-20,1050,9,1223
Starlite Apparel,202,257,2023-07-21,1167,3,1000
Starlite Apparel,203,142,2023-07-22,879,3,1289
Starlite Apparel,204,136,2023-07-23,1051,1,1108
Starlite Apparel,205,79,2023-07-24,966,2,1264
Starlite Apparel,206,292,2023-07-25,1045,7,1062
Starlite Apparel,207,62,2023-07-26,201,3,1265
Starlite Apparel,208,129,2023-07-27,897,7,1137
Starlite Apparel,209,298,2023-07-28,501,5,1043
Starlite Apparel,210,257,2023-07-29,422,10,1373
Starlite Apparel,211,212,2023-07-30,244,8,1261
Starlite Apparel,212,54,2023-07-31,197,5,1215
Starlite Apparel,213,175,2023-08-01,760,3,1120
Starlite Apparel,214,100,2023-08-02,526,9,1151
Starlite Apparel,215,39,2023-08-03,785,7,1212
Starlite Apparel,216,263,2023-08-04,155,5,1233
Starlite Apparel,217,150,2023-08-05,1161,7,1350
Starlite Apparel,218,121,2023-08-06,822,11,1110
Starlite Apparel,219,178,2023-08-07,823,10,1360
Starlite Apparel,220,120,2023-08-08,954,9,1319
Starlite Apparel,221,72,2023-08-09,747,5,1221
Starlite Apparel,222,219,2023-08-10,1068,7,1225
Starlite Apparel,223,123,2023-08-11,239,11,1209
Starlite Apparel,224,244,2023-08-12,512,9,1395
Starlite Apparel,225,75,2023-08-13,337,1,1070
Starlite Apparel,226,6,2023-08-14,103,4,1359
Starlite Apparel,227,21,2023-08-15,204,1,1088
Starlite Apparel,228,190,2023-08-16,1028,8,1261
Starlite Apparel,229,225,2023-08-17,699,3,1365
Starlite Apparel,230,103,2023-08-18,38,2,1187
Starlite Apparel,231,99,2023-08-19,883,4,1111
Starlite Apparel,232,83,2023-08-20,270,11,1238
Starlite Apparel,233,181,2023-08-21,1062,3,1255
Starlite Apparel,234,152,2023-08-22,123,11,1149
Starlite Apparel,235,56,2023-08-23,57,5,1126
Starlite Apparel,236,190,2023-08-24,281,8,1391
Starlite Apparel,237,22,2023-08-25,58,10,1318
Starlite Apparel,238,68,2023-08-26,43,8,1396
Starlite Apparel,239,185,2023-08-27,613,11,1273
Starlite Apparel,240,10,2023-08-28,161,7,1332
Starlite Apparel,241,66,2023-08-29,383,8,1397
Starlite Apparel,242,264,2023-08-30,778,5,1138
Starlite Apparel,243,225,2023-08-31,1164,10,1102
Starlite Apparel,244,123,2023-09-01,428,10,1241
Starlite Apparel,245,38,2023-09-02,274,11,1116
Starlite Apparel,246,123,2023-09-03,470,11,1213
Starlite Apparel,247,156,2023-09-04,978,6,1016
Starlite Apparel,248,67,2023-09-05,302,8,1178
Starlite Apparel,249,133,2023-09-06,136,1,1223
Starlite Apparel,250,140,2023-09-07,770,6,1269
Starlite Apparel,251,82,2023-09-08,712,6,1312
Starlite Apparel,252,58,2023-09-09,416,11,1348
Starlite Apparel,253,149,2023-09-10,993,5,1133
Starlite Apparel,254,131,2023-09-11,167,4,1113
Starlite Apparel,255,69,2023-09-12,1080,1,1131
Starlite Apparel,256,250,2023-09-13,205,11,1138
Starlite Apparel,257,177,2023-09-14,603,10,1364
Starlite Apparel,258,72,2023-09-15,822,11,1231
Starlite Apparel,259,17,2023-09-16,293,8,1374
Starlite Apparel,260,160,2023-09-17,577,6,1091
Starlite Apparel,261,70,2023-09-18,657,3,1266
Starlite Apparel,262,113,2023-09-19,299,3,1098
Starlite Apparel,263,232,2023-09-20,767,6,1206
Starlite Apparel,264,21,2023-09-21,110,7,1007
Starlite Apparel,265,135,2023-09-22,1111,8,1369
Starlite Apparel,266,263,2023-09-23,428,5,1320
Starlite Apparel,267,111,2023-09-24,216,10,1092
Starlite Apparel,268,246,2023-09-25,1079,6,1157
Starlite Apparel,269,283,2023-09-26,131,1,1359
Starlite Apparel,270,8,2023-09-27,646,6,1098
Starlite Apparel,271,284,2023-09-28,300,9,1224
Starlite Apparel,272,207,2023-09-29,675,10,1339
Starlite Apparel,273,194,2023-09-30,580,4,1207
Starlite Apparel,274,47,2023-10-01,1130,10,1072
Starlite Apparel,275,242,2023-10-02,1112,1,1058
Starlite Apparel,276,10,2023-10-03,591,11,1286
Starlite Apparel,277,289,2023-10-04,610,9,1063
Starlite Apparel,278,131,2023-10-05,909,4,1255
Starlite Apparel,279,270,2023-10-06,153,2,1047
Starlite Apparel,280,61,2023-10-07,280,1,1278
Starlite Apparel,281,164,2023-10-08,958,3,1197
Starlite Apparel,282,13,2023-10-09,255,7,1157
Starlite Apparel,283,272,2023-10-10,1185,11,1310
Starlite Apparel,284,208,2023-10-11,887,10,1006
Starlite Apparel,285,246,2023-10-12,379,2,1247
Starlite Apparel,286,133,2023-10-13,170,9,1367
Starlite Apparel,287,244,2023-10-14,1081,11,1231
Starlite Apparel,288,294,2023-10-15,284,2,1105
Starlite Apparel,289,38,2023-10-16,111,5,1097
Starlite Apparel,290,56,2023-10-17,867,8,1267
Starlite Apparel,291,48,2023-10-18,289,10,1059
Starlite Apparel,292,105,2023-10-19,416,8,1307
Starlite Apparel,293,59,2023-10-20,256,3,1139
Starlite Apparel,294,77,2023-10-21,925,2,1396
Starlite Apparel,295,218,2023-10-22,612,9,1327
Starlite Apparel,296,55,2023-10-23,471,3,1189
Starlite Apparel,297,55,2023-10-24,1177,8,1124
Starlite Apparel,298,129,2023-10-25,1137,2,1162
Starlite Apparel,299,85,2023-10-26,490,3,1059
Starlite Apparel,300,214,2023-10-27,958,1,1030
Starlite Apparel,301,115,2023-10-28,152,11,1332
Starlite Apparel,302,293,2023-10-29,1074,6,1075
Starlite Apparel,303,49,2023-10-30,597,7,1242
Starlite Apparel,304,67,2023-10-31,535,4,1316
Starlite Apparel,305,275,2023-11-01,512,1,1257
Starlite Apparel,306,129,2023-11-02,915,3,1189
Starlite Apparel,307,29,2023-11-03,603,9,1376
Starlite Apparel,308,33,2023-11-04,974,5,1314
Starlite Apparel,309,119,2023-11-05,430,6,1295
Starlite Apparel,310,180,2023-11-06,1074,4,1176
Starlite Apparel,311,151,2023-11-07,1131,1,1287
Starlite Apparel,312,133,2023-11-08,388,5,1293
Starlite Apparel,313,185,2023-11-09,1108,5,1347
Starlite Apparel,314,134,2023-11-10,575,5,1206
Starlite Apparel,315,177,2023-11-11,316,6,1214
Starlite Apparel,316,22,2023-11-12,813,11,1343
Starlite Apparel,317,241,2023-11-13,840,2,1140
Starlite Apparel,318,77,2023-11-14,215,1,1084
Starlite Apparel,319,204,2023-11-15,485,2,1181
Starlite Apparel,320,4,2023-11-16,688,10,1331
Starlite Apparel,321,165,2023-11-17,257,6,1127
Starlite Apparel,322,128,2023-11-18,498,5,1268
Starlite Apparel,323,45,2023-11-19,682,5,1038
Starlite Apparel,324,218,2023-11-20,295,6,1022
Starlite Apparel,325,235,2023-11-21,1182,10,1241
Starlite Apparel,326,136,2023-11-22,195,7,1365
Starlite Apparel,327,168,2023-11-23,52,9,1106
Starlite Apparel,328,237,2023-11-24,160,7,1347
Starlite Apparel,329,93,2023-11-25,949,2,1141
Starlite Apparel,330,5,2023-11-26,429,6,1144
Starlite Apparel,331,156,2023-11-27,1001,9,1279
Starlite Apparel,332,245,2023-11-28,912,7,1244
Starlite Apparel,333,81,2023-11-29,880,2,1190
Starlite Apparel,334,247,2023-11-30,468,3,1289
Starlite Apparel,335,137,2023-12-01,458,8,1178
Starlite Apparel,336,63,2023-12-02,533,11,1111
Starlite Apparel,337,116,2023-12-03,58,9,1213
Starlite Apparel,338,113,2023-12-04,1050,4,1137
Starlite Apparel,339,31,2023-12-05,386,9,1373
Starlite Apparel,340,7,2023-12-06,630,2,1199
Starlite Apparel,341,3,2023-12-07,740,11,1006
Starlite Apparel,342,243,2023-12-08,274,5,1345
Starlite Apparel,343,56,2023-12-09,171,11,1012
Starlite Apparel,344,73,2023-12-10,372,2,1079
Starlite Apparel,345,10,2023-12-11,423,11,1285
Starlite Apparel,346,61,2023-12-12,149,1,1158
Starlite Apparel,347,50,2023-12-13,787,5,1388
Starlite Apparel,348,122,2023-12-14,422,2,1271
Starlite Apparel,349,175,2023-12-15,155,7,1200
Starlite Apparel,350,1,2023-12-16,629,8,1149
Starlite Apparel,351,38,2023-12-17,916,2,1295
Starlite Apparel,352,190,2023-12-18,846,7,1292
Starlite Apparel,353,79,2023-12-19,926,4,1333
Starlite Apparel,354,190,2023-12-20,969,1,1271
Starlite Apparel,355,184,2023-12-21,756,11,1042
Starlite Apparel,356,67,2023-12-22,358,3,1318
Starlite Apparel,357,17,2023-12-23,1068,11,1014
Starlite Apparel,358,296,2023-12-24,229,1,1247
Starlite Apparel,359,209,2023-12-25,980,5,1171
Starlite Apparel,360,41,2023-12-26,379,8,1217
Starlite Apparel,361,115,2023-12-27,848,1,1136
Starlite Apparel,362,100,2023-12-28,1050,9,1320
Starlite Apparel,363,139,2023-12-29,965,3,1226
Starlite Apparel,364,294,2023-12-30,192,5,1043
Starlite Apparel,365,17,2023-12-31,392,9,1019
Starlite Apparel,366,292,2024-01-01,560,5,1118
Starlite Apparel,367,74,2024-01-02,987,9,1233
Starlite Apparel,368,263,2024-01-03,604,10,1367
Starlite Apparel,369,16,2024-01-04,974,8,1378
Starlite Apparel,370,14,2024-01-05,231,7,1335
Starlite Apparel,371,281,2024-01-06,1097,11,1355
Starlite Apparel,372,4,2024-01-07,568,1,1261
Starlite Apparel,373,127,2024-01-08,153,4,1082
Starlite Apparel,374,6,2024-01-09,638,9,1030
Starlite Apparel,375,129,2024-01-10,59,10,1321
Starlite Apparel,376,232,2024-01-11,843,8,1273
Starlite Apparel,377,195,2024-01-12,223,4,1233
Starlite Apparel,378,65,2024-01-13,101,1,1027
Starlite Apparel,379,103,2024-01-14,393,10,1251
Starlite Apparel,380,277,2024-01-15,857,4,1323
Starlite Apparel,381,158,2024-01-16,550,3,1252
Starlite Apparel,382,224,2024-01-17,373,6,1238
Starlite Apparel,383,289,2024-01-18,530,11,1369
Starlite Apparel,384,278,2024-01-19,667,5,1313
Starlite Apparel,385,182,2024-01-20,262,5,1174
Starlite Apparel,386,4,2024-01-21,162,2,1193
Starlite Apparel,387,215,2024-01-22,1190,3,1179
Starlite Apparel,388,217,2024-01-23,636,11,1384
Starlite Apparel,389,209,2024-01-24,704,6,1294
Starlite Apparel,390,74,2024-01-25,863,2,1214
Starlite Apparel,391,227,2024-01-26,962,4,1202
Starlite Apparel,392,93,2024-01-27,379,2,1249
Starlite Apparel,393,65,2024-01-28,602,9,1361
Starlite Apparel,394,10,2024-01-29,871,3,1256
Starlite Apparel,395,278,2024-01-30,583,10,1074
Starlite Apparel,396,86,2024-01-31,873,10,1343
Starlite Apparel,397,26,2024-02-01,1194,6,1201
Starlite Apparel,398,218,2024-02-02,164,1,1141
Starlite Apparel,399,95,2024-02-03,687,11,1205
Starlite Apparel,400,244,2024-02-04,45,10,1198
Starlite Apparel,401,107,2024-02-05,88,3,1170
Starlite Apparel,402,248,2024-02-06,1120,8,1315
Starlite Apparel,403,14,2024-02-07,1014,5,1227
Starlite Apparel,404,161,2024-02-08,186,8,1385
Starlite Apparel,405,71,2024-02-09,154,2,1178
Starlite Apparel,406,152,2024-02-10,605,7,1365
Starlite Apparel,407,75,2024-02-11,249,9,1274
Starlite Apparel,408,215,2024-02-12,604,7,1061
Starlite Apparel,409,51,2024-02-13,1007,3,1326
Starlite Apparel,410,143,2024-02-14,1029,7,1203
Starlite Apparel,411,36,2024-02-15,131,8,1366
Starlite Apparel,412,167,2024-02-16,645,1,1132
Starlite Apparel,413,236,2024-02-17,864,3,1071
Starlite Apparel,414,260,2024-02-18,1151,5,1077
Starlite Apparel,415,192,2024-02-19,1189,6,1188
Starlite Apparel,416,202,2024-02-20,601,3,1355
Starlite Apparel,417,262,2024-02-21,1182,4,1070
Starlite Apparel,418,185,2024-02-22,223,5,1262
Starlite Apparel,419,158,2024-02-23,534,3,1305
Starlite Apparel,420,246,2024-02-24,691,4,1045
Starlite Apparel,421,110,2024-02-25,103,5,1223
Starlite Apparel,422,99,2024-02-26,918,2,1327
Starlite Apparel,423,241,2024-02-27,536,10,1249
Starlite Apparel,424,202,2024-02-28,274,9,1075
Starlite Apparel,425,122,2024-02-29,913,10,1073
Starlite Apparel,426,117,2024-03-01,1048,8,1141
Starlite Apparel,427,96,2024-03-02,623,6,1072
Starlite Apparel,428,234,2024-03-03,777,10,1101
Starlite Apparel,429,67,2024-03-04,624,11,1093
Starlite Apparel,430,218,2024-03-05,999,3,1068
Starlite Apparel,431,15,2024-03-06,507,11,1064
Starlite Apparel,432,273,2024-03-07,860,2,1192
Starlite Apparel,433,219,2024-03-08,196,7,1061
Starlite Apparel,434,274,2024-03-09,893,8,1019
Starlite Apparel,435,147,2024-03-10,41,10,1240
Starlite Apparel,436,152,2024-03-11,418,1,1202
Starlite Apparel,437,15,2024-03-12,258,6,1299
Starlite Apparel,438,84,2024-03-13,272,7,1194
Starlite Apparel,439,192,2024-03-14,76,9,1061
Starlite Apparel,440,41,2024-03-15,39,3,1106
Starlite Apparel,441,261,2024-03-16,465,2,1124
Starlite Apparel,442,136,2024-03-17,1160,5,1300
Starlite Apparel,443,278,2024-03-18,720,10,1266
Starlite Apparel,444,106,2024-03-19,31,1,1201
Starlite Apparel,445,7,2024-03-20,850,6,1161
Starlite Apparel,446,30,2024-03-21,1154,9,1343
Starlite Apparel,447,126,2024-03-22,1061,10,1301
Starlite Apparel,448,79,2024-03-23,1194,9,1111
Starlite Apparel,449,67,2024-03-24,502,7,1336
Starlite Apparel,450,23,2024-03-25,655,11,1031
Starlite Apparel,451,189,2024-03-26,739,7,1097
Starlite Apparel,452,74,2024-03-27,139,8,1246
Starlite Apparel,453,5,2024-03-28,533,10,1260
Starlite Apparel,454,82,2024-03-29,81,2,1190
Starlite Apparel,455,25,2024-03-30,406,6,1028
Starlite Apparel,456,264,2024-03-31,976,5,1047
Starlite Apparel,457,2,2024-04-01,1181,5,1249
Starlite Apparel,458,278,2024-04-02,299,3,1225
Starlite Apparel,459,224,2024-04-03,1125,3,1271
Starlite Apparel,460,72,2024-04-04,68,6,1152
Starlite Apparel,461,68,2024-04-05,742,10,1327
Starlite Apparel,462,94,2024-04-06,342,10,1284
Starlite Apparel,463,19,2024-04-07,558,7,1179
Starlite Apparel,464,128,2024-04-08,261,1,1301
Starlite Apparel,465,82,2024-04-09,917,3,1152
Starlite Apparel,466,254,2024-04-10,541,1,1233
Starlite Apparel,467,221,2024-04-11,62,10,1022
Starlite Apparel,468,97,2024-04-12,678,3,1093
Starlite Apparel,469,52,2024-04-13,771,5,1369
Starlite Apparel,470,175,2024-04-14,865,9,1244
Starlite Apparel,471,182,2024-04-15,472,3,1289
Starlite Apparel,472,115,2024-04-16,708,10,1159
Starlite Apparel,473,1,2024-04-17,149,10,1372
Starlite Apparel,474,63,2024-04-18,1113,9,1284
Starlite Apparel,475,248,2024-04-19,817,1,1008
Starlite Apparel,476,231,2024-04-20,808,6,1184
Starlite Apparel,477,226,2024-04-21,250,9,1294
Starlite Apparel,478,19,2024-04-22,489,5,1134
Starlite Apparel,479,31,2024-04-23,667,11,1109
Starlite Apparel,480,121,2024-04-24,317,10,1068
Starlite Apparel,481,24,2024-04-25,745,2,1135
Starlite Apparel,482,211,2024-04-26,780,5,1095
Starlite Apparel,483,161,2024-04-27,190,1,1118
Starlite Apparel,484,255,2024-04-28,793,9,1373
Starlite Apparel,485,59,2024-04-29,1031,10,1273
Starlite Apparel,486,114,2024-04-30,895,10,1357
Starlite Apparel,487,160,2024-05-01,1100,9,1365
Starlite Apparel,488,220,2024-05-02,591,6,1337
Starlite Apparel,489,169,2024-05-03,1062,11,1176
Starlite Apparel,490,12,2024-05-04,626,9,1360
Starlite Apparel,491,242,2024-05-05,1137,3,1236
Starlite Apparel,492,139,2024-05-06,929,4,1271
Starlite Apparel,493,97,2024-05-07,65,6,1276
Starlite Apparel,494,147,2024-05-08,1186,4,1137
Starlite Apparel,495,182,2024-05-09,1054,1,1361
Starlite Apparel,496,57,2024-05-10,266,7,1131
Starlite Apparel,497,42,2024-05-11,186,5,1043
Starlite Apparel,498,199,2024-05-12,1043,8,1122
Starlite Apparel,499,31,2024-05-13,716,9,1135
Starlite Apparel,500,180,2024-05-14,833,5,1366
Starlite Apparel,501,2,2024-05-15,1003,8,1372
Starlite Apparel,502,288,2024-05-16,542,1,1125
Starlite Apparel,503,138,2024-05-17,922,1,1274
Starlite Apparel,504,105,2024-05-18,807,7,1063
Starlite Apparel,505,218,2024-05-19,808,6,1295
Starlite Apparel,506,222,2024-05-20,109,5,1231
Starlite Apparel,507,105,2024-05-21,1058,5,1050
Starlite Apparel,508,127,2024-05-22,162,9,1136
Starlite Apparel,509,265,2024-05-23,778,1,1157
Starlite Apparel,510,200,2024-05-24,930,8,1055
Starlite Apparel,511,252,2024-05-25,737,2,1080
Starlite Apparel,512,15,2024-05-26,180,7,1231
Starlite Apparel,513,226,2024-05-27,432,6,1398
Starlite Apparel,514,105,2024-05-28,811,10,1325
Starlite Apparel,515,233,2024-05-29,604,2,1127
Starlite Apparel,516,219,2024-05-30,578,3,1125
Starlite Apparel,517,277,2024-05-31,420,4,1316
Starlite Apparel,518,261,2024-06-01,1182,7,1079
Starlite Apparel,519,190,2024-06-02,834,8,1376
Starlite Apparel,520,198,2024-06-03,986,11,1356
Starlite Apparel,521,277,2024-06-04,566,2,1332
Starlite Apparel,522,39,2024-06-05,1057,8,1174
Starlite Apparel,523,162,2024-06-06,1011,11,1144
Starlite Apparel,524,121,2024-06-07,194,9,1125
Starlite Apparel,525,262,2024-06-08,314,7,1181
Starlite Apparel,526,216,2024-06-09,1193,1,1218
Starlite Apparel,527,49,2024-06-10,764,6,1277
Starlite Apparel,528,92,2024-06-11,612,8,1082
Starlite Apparel,529,129,2024-06-12,759,5,1140
Starlite Apparel,530,28,2024-06-13,481,2,1333
Starlite Apparel,531,148,2024-06-14,725,5,1094
Starlite Apparel,532,65,2024-06-15,1003,8,1364
Starlite Apparel,533,218,2024-06-16,70,2,1193
Starlite Apparel,534,51,2024-06-17,1065,1,1109
Starlite Apparel,535,74,2024-06-18,1171,4,1051
Starlite Apparel,536,199,2024-06-19,255,4,1102
Starlite Apparel,537,192,2024-06-20,974,9,1100
Starlite Apparel,538,189,2024-06-21,661,3,1141
Starlite Apparel,539,12,2024-06-22,136,4,1200
Starlite Apparel,540,239,2024-06-23,617,3,1318
Starlite Apparel,541,81,2024-06-24,883,2,1198
Starlite Apparel,542,270,2024-06-25,415,4,1283
Starlite Apparel,543,290,2024-06-26,416,8,1216
Starlite Apparel,544,48,2024-06-27,352,1,1045
Starlite Apparel,545,209,2024-06-28,771,8,1027
Starlite Apparel,546,35,2024-06-29,391,8,1001
Starlite Apparel,547,119,2024-06-30,106,3,1382
Starlite Apparel,548,65,2024-07-01,830,10,1016
Starlite Apparel,549,242,2024-07-02,846,10,1314
Starlite Apparel,550,36,2024-07-03,1124,6,1387
Starlite Apparel,551,252,2024-07-04,976,4,1076
Starlite Apparel,552,243,2024-07-05,396,1,1386
Starlite Apparel,553,42,2024-07-06,288,1,1370
Starlite Apparel,554,69,2024-07-07,134,5,1164
Starlite Apparel,555,107,2024-07-08,331,8,1096
Starlite Apparel,556,39,2024-07-09,250,1,1104
Starlite Apparel,557,69,2024-07-10,209,2,1023
Starlite Apparel,558,180,2024-07-11,988,7,1199
Starlite Apparel,559,12,2024-07-12,55,8,1034
Starlite Apparel,560,204,2024-07-13,638,3,1001
Starlite Apparel,561,36,2024-07-14,123,11,1288
Starlite Apparel,562,126,2024-07-15,835,8,1331
Starlite Apparel,563,63,2024-07-16,676,1,1341
Starlite Apparel,564,82,2024-07-17,838,9,1137
Starlite Apparel,565,299,2024-07-18,1044,2,1336
Starlite Apparel,566,34,2024-07-19,1002,2,1061
Starlite Apparel,567,240,2024-07-20,112,4,1298
Starlite Apparel,568,97,2024-07-21,1111,10,1196
Starlite Apparel,569,49,2024-07-22,946,3,1376
Starlite Apparel,570,146,2024-07-23,610,4,1058
Starlite Apparel,571,125,2024-07-24,842,6,1264
Starlite Apparel,572,189,2024-07-25,956,7,1332
Starlite Apparel,573,57,2024-07-26,821,5,1187
Starlite Apparel,574,109,2024-07-27,1043,2,1062
Starlite Apparel,575,5,2024-07-28,1037,3,1307
Starlite Apparel,576,24,2024-07-29,997,10,1278
Starlite Apparel,577,221,2024-07-30,657,11,1029
Starlite Apparel,578,294,2024-07-31,370,3,1170
Starlite Apparel,579,10,2024-08-01,748,5,1020
Starlite Apparel,580,165,2024-08-02,925,11,1298
Starlite Apparel,581,215,2024-08-03,1126,5,1200
Starlite Apparel,582,126,2024-08-04,1062,4,1134
Starlite Apparel,583,267,2024-08-05,160,8,1271
Starlite Apparel,584,280,2024-08-06,421,6,1022
Starlite Apparel,585,88,2024-08-07,816,6,1086
Starlite Apparel,586,114,2024-08-08,103,1,1030
Starlite Apparel,587,21,2024-08-09,729,6,1120
Starlite Apparel,588,148,2024-08-10,1006,3,1068
Starlite Apparel,589,245,2024-08-11,1099,6,1133
Starlite Apparel,590,266,2024-08-12,768,10,1370
Starlite Apparel,591,217,2024-08-13,408,11,1314
Starlite Apparel,592,240,2024-08-14,399,6,1145
Starlite Apparel,593,232,2024-08-15,230,2,1332
Starlite Apparel,594,232,2024-08-16,513,1,1393
Starlite Apparel,595,242,2024-08-17,905,11,1262
Starlite Apparel,596,190,2024-08-18,656,3,1292
Starlite Apparel,597,229,2024-08-19,616,5,1085
Starlite Apparel,598,66,2024-08-20,1090,4,1015
Starlite Apparel,599,279,2024-08-21,557,7,1215
Starlite Apparel,600,269,2024-08-22,546,4,1115
Starlite Apparel,601,209,2024-08-23,849,8,1117
Starlite Apparel,602,16,2024-08-24,622,7,1269
Starlite Apparel,603,297,2024-08-25,137,10,1394
Starlite Apparel,604,220,2024-08-26,1160,9,1342
Starlite Apparel,605,257,2024-08-27,758,1,1161
Starlite Apparel,606,268,2024-08-28,342,5,1187
Starlite Apparel,607,229,2024-08-29,1020,4,1103
Starlite Apparel,608,119,2024-08-30,237,6,1140
Starlite Apparel,609,178,2024-08-31,277,1,1166
Starlite Apparel,610,20,2024-09-01,148,6,1299
Starlite Apparel,611,36,2024-09-02,648,1,1027
Starlite Apparel,612,108,2024-09-03,1133,1,1271
Starlite Apparel,613,189,2024-09-04,1113,8,1049
Starlite Apparel,614,178,2024-09-05,922,2,1370
Starlite Apparel,615,96,2024-09-06,1185,10,1155
Starlite Apparel,616,20,2024-09-07,271,6,1323
Starlite Apparel,617,164,2024-09-08,465,6,1347
Starlite Apparel,618,97,2024-09-09,69,6,1120
Starlite Apparel,619,143,2024-09-10,682,8,1139
Starlite Apparel,620,62,2024-09-11,904,4,1015
Starlite Apparel,621,242,2024-09-12,1041,3,1308
Starlite Apparel,622,238,2024-09-13,578,6,1048
Starlite Apparel,623,131,2024-09-14,833,4,1163
Starlite Apparel,624,93,2024-09-15,995,2,1061
Starlite Apparel,625,91,2024-09-16,1137,6,1339
Starlite Apparel,626,133,2024-09-17,754,10,1153
Starlite Apparel,627,123,2024-09-18,1045,5,1311
Starlite Apparel,628,118,2024-09-19,978,11,1375
Starlite Apparel,629,198,2024-09-20,1115,9,1345
Starlite Apparel,630,282,2024-09-21,1089,11,1149
Starlite Apparel,631,1,2024-09-22,123,6,1375
Starlite Apparel,632,211,2024-09-23,896,3,1072
Starlite Apparel,633,263,2024-09-24,325,11,1068
Starlite Apparel,634,212,2024-09-25,512,5,1176
Starlite Apparel,635,87,2024-09-26,1154,10,1353
Starlite Apparel,636,153,2024-09-27,1029,8,1001
Starlite Apparel,637,187,2024-09-28,501,9,1308
Starlite Apparel,638,61,2024-09-29,1170,8,1118
Starlite Apparel,639,285,2024-09-30,1125,3,1006
Starlite Apparel,640,95,2024-10-01,1160,9,1254
Starlite Apparel,641,274,2024-10-02,885,3,1074
Starlite Apparel,642,41,2024-10-03,833,8,1350
Starlite Apparel,643,147,2024-10-04,542,10,1194
Starlite Apparel,644,246,2024-10-05,1146,9,1186
Starlite Apparel,645,132,2024-10-06,483,7,1002
Starlite Apparel,646,297,2024-10-07,254,4,1183
Starlite Apparel,647,123,2024-10-08,32,10,1334
Starlite Apparel,648,143,2024-10-09,219,9,1272
Starlite Apparel,649,182,2024-10-10,1067,3,1367
Starlite Apparel,650,192,2024-10-11,378,3,1051
Starlite Apparel,651,207,2024-10-12,1097,2,1262
Starlite Apparel,652,231,2024-10-13,488,10,1367
Starlite Apparel,653,22,2024-10-14,380,3,1132
Starlite Apparel,654,80,2024-10-15,874,1,1224
Starlite Apparel,655,130,2024-10-16,998,4,1309
Starlite Apparel,656,292,2024-10-17,90,8,1060
Starlite Apparel,657,276,2024-10-18,883,5,1364
Starlite Apparel,658,55,2024-10-19,595,2,1015
Starlite Apparel,659,66,2024-10-20,332,3,1228
Starlite Apparel,660,227,2024-10-21,807,1,1194
Starlite Apparel,661,26,2024-10-22,145,2,1250
Starlite Apparel,662,253,2024-10-23,790,1,1302
Starlite Apparel,663,197,2024-10-24,797,2,1047
Starlite Apparel,664,130,2024-10-25,120,3,1234
Starlite Apparel,665,243,2024-10-26,1162,1,1120
Starlite Apparel,666,212,2024-10-27,1011,11,1319
Starlite Apparel,667,190,2024-10-28,564,9,1049
Starlite Apparel,668,290,2024-10-29,26,10,1040
Starlite Apparel,669,226,2024-10-30,604,5,1021
Starlite Apparel,670,246,2024-10-31,357,8,1370
Starlite Apparel,671,56,2024-11-01,1072,5,1181
Starlite Apparel,672,55,2024-11-02,766,8,1004
Starlite Apparel,673,276,2024-11-03,530,7,1144
Starlite Apparel,674,153,2024-11-04,1024,4,1356
Starlite Apparel,675,53,2024-11-05,757,7,1077
Starlite Apparel,676,111,2024-11-06,538,6,1230
Starlite Apparel,677,204,2024-11-07,919,3,1296
Starlite Apparel,678,112,2024-11-08,385,9,1347
Starlite Apparel,679,258,2024-11-09,298,10,1208
Starlite Apparel,680,16,2024-11-10,201,9,1162
Starlite Apparel,681,166,2024-11-11,551,5,1167
Starlite Apparel,682,280,2024-11-12,937,8,1277
Starlite Apparel,683,158,2024-11-13,303,7,1236
Starlite Apparel,684,249,2024-11-14,730,9,1175
Starlite Apparel,685,181,2024-11-15,88,7,1052
Starlite Apparel,686,191,2024-11-16,314,4,1348
Starlite Apparel,687,139,2024-11-17,42,4,1009
Starlite Apparel,688,78,2024-11-18,88,11,1145
Starlite Apparel,689,50,2024-11-19,354,8,1226
Starlite Apparel,690,85,2024-11-20,787,6,1235
Starlite Apparel,691,183,2024-11-21,1065,9,1241
Starlite Apparel,692,183,2024-11-22,467,10,1304
Starlite Apparel,693,4,2024-11-23,165,7,1070
Starlite Apparel,694,111,2024-11-24,468,7,1157
Starlite Apparel,695,251,2024-11-25,520,4,1018
Starlite Apparel,696,133,2024-11-26,450,3,1054
Starlite Apparel,697,100,2024-11-27,474,8,1214
Starlite Apparel,698,172,2024-11-28,375,7,1208
Starlite Apparel,699,287,2024-11-29,623,4,1020
Starlite Apparel,700,119,2024-11-30,735,4,1281
Starlite Apparel,701,175,2024-12-01,894,1,1248
Starlite Apparel,702,30,2024-12-02,1188,11,1027
Starlite Apparel,703,55,2024-12-03,417,7,1295
Starlite Apparel,704,196,2024-12-04,866,1,1210
Starlite Apparel,705,41,2024-12-05,425,10,1284
Starlite Apparel,706,173,2024-12-06,74,10,1019
Starlite Apparel,707,219,2024-12-07,768,4,1019
Starlite Apparel,708,208,2024-12-08,930,11,1329
Starlite Apparel,709,158,2024-12-09,1060,3,1395
Starlite Apparel,710,228,2024-12-10,1015,11,1119
Starlite Apparel,711,85,2024-12-11,1063,3,1096
Starlite Apparel,712,173,2024-12-12,52,1,1119
Starlite Apparel,713,245,2024-12-13,412,4,1024
Starlite Apparel,714,173,2024-12-14,857,1,1152
Starlite Apparel,715,212,2024-12-15,274,8,1244
Starlite Apparel,716,84,2024-12-16,122,1,1259
Starlite Apparel,717,173,2024-12-17,1087,6,1003
Starlite Apparel,718,183,2024-12-18,1086,7,1392
Starlite Apparel,719,133,2024-12-19,203,10,1142
Starlite Apparel,720,288,2024-12-20,916,2,1281
Starlite Apparel,721,262,2024-12-21,774,4,1334
Starlite Apparel,722,282,2024-12-22,477,11,1345
Starlite Apparel,723,293,2024-12-23,121,3,1219
Starlite Apparel,724,269,2024-12-24,333,9,1326
Starlite Apparel,725,197,2024-12-25,286,7,1159
Starlite Apparel,726,25,2024-12-26,317,2,1075
Starlite Apparel,727,141,2024-12-27,273,11,1098
Starlite Apparel,728,223,2024-12-28,269,6,1179
Starlite Apparel,729,20,2024-12-29,275,9,1126
Starlite Apparel,730,247,2024-12-30,147,3,1031
Starlite Apparel,731,201,2024-12-31,349,11,1264
Starlite Apparel,732,115,2025-01-01,1010,6,1333
Starlite Apparel,733,189,2025-01-02,525,3,1012
Starlite Apparel,734,26,2025-01-03,711,3,1379
Starlite Apparel,735,54,2025-01-04,1114,4,1351
Starlite Apparel,736,170,2025-01-05,860,9,1338
Starlite Apparel,737,11,2025-01-06,83,11,1399
Starlite Apparel,738,27,2025-01-07,755,8,1395
Starlite Apparel,739,83,2025-01-08,290,1,1201
Starlite Apparel,740,290,2025-01-09,260,11,1017
Starlite Apparel,741,38,2025-01-10,922,1,1396
Starlite Apparel,742,87,2025-01-11,242,7,1092
Starlite Apparel,743,156,2025-01-12,999,3,1279
Starlite Apparel,744,286,2025-01-13,613,11,1357
Starlite Apparel,745,186,2025-01-14,941,7,1395
Starlite Apparel,746,182,2025-01-15,942,9,1315
Starlite Apparel,747,143,2025-01-16,1158,3,1059
Starlite Apparel,748,206,2025-01-17,377,3,1213
Starlite Apparel,749,142,2025-01-18,115,2,1099
Starlite Apparel,750,185,2025-01-19,726,10,1000
Starlite Apparel,751,241,2025-01-20,97,1,1042
Starlite Apparel,752,8,2025-01-21,709,9,1310
Starlite Apparel,753,72,2025-01-22,746,6,1167
Starlite Apparel,754,288,2025-01-23,982,6,1191
Starlite Apparel,755,95,2025-01-24,1080,8,1033
Starlite Apparel,756,157,2025-01-25,672,11,1033
Starlite Apparel,757,41,2025-01-26,784,5,1175
Starlite Apparel,758,269,2025-01-27,895,9,1195
Starlite Apparel,759,155,2025-01-28,167,11,1157
Starlite Apparel,760,275,2025-01-29,973,5,1244
Starlite Apparel,761,154,2025-01-30,68,2,1365
Starlite Apparel,762,53,2025-01-31,56,6,1339
Starlite Apparel,763,179,2025-02-01,52,9,1345
Starlite Apparel,764,240,2025-02-02,1044,3,1334
Starlite Apparel,765,137,2025-02-03,447,10,1070
Starlite Apparel,766,255,2025-02-04,515,4,1326
Starlite Apparel,767,224,2025-02-05,184,10,1113
Starlite Apparel,768,180,2025-02-06,869,11,1284
Starlite Apparel,769,182,2025-02-07,42,8,1142
Starlite Apparel,770,259,2025-02-08,1151,6,1096
Starlite Apparel,771,243,2025-02-09,696,7,1308
Starlite Apparel,772,96,2025-02-10,256,7,1319
Starlite Apparel,773,197,2025-02-11,448,4,1211
Starlite Apparel,774,14,2025-02-12,928,6,1316
Starlite Apparel,775,120,2025-02-13,779,9,1184
Starlite Apparel,776,269,2025-02-14,861,3,1204
Starlite Apparel,777,171,2025-02-15,918,8,1363
Starlite Apparel,778,72,2025-02-16,263,7,1215
Starlite Apparel,779,179,2025-02-17,173,4,1245
Starlite Apparel,780,170,2025-02-18,647,10,1238
Starlite Apparel,781,159,2025-02-19,41,3,1292
Starlite Apparel,782,154,2025-02-20,938,7,1390
Starlite Apparel,783,82,2025-02-21,250,10,1007
Starlite Apparel,784,57,2025-02-22,676,9,1077
Starlite Apparel,785,7,2025-02-23,284,10,1323
Starlite Apparel,786,112,2025-02-24,698,3,1276
Starlite Apparel,787,48,2025-02-25,198,10,1201
Starlite Apparel,788,80,2025-02-26,229,9,1213
Starlite Apparel,789,33,2025-02-27,439,8,1093
Starlite Apparel,790,115,2025-02-28,1151,3,1074
Starlite Apparel,791,3,2025-03-01,816,8,1156
Starlite Apparel,792,4,2025-03-02,1113,4,1152
Starlite Apparel,793,260,2025-03-03,1165,6,1141
Starlite Apparel,794,42,2025-03-04,1130,10,1077
Starlite Apparel,795,9,2025-03-05,542,2,1321
Starlite Apparel,796,145,2025-03-06,1115,8,1181
Starlite Apparel,797,97,2025-03-07,1003,9,1194
Starlite Apparel,798,276,2025-03-08,1034,7,1157
Starlite Apparel,799,142,2025-03-09,614,8,1145
Starlite Apparel,800,278,2025-03-10,91,7,1053
Starlite Apparel,801,27,2025-03-11,708,11,1355
Starlite Apparel,802,43,2025-03-12,87,10,1276
Starlite Apparel,803,131,2025-03-13,838,4,1308
Starlite Apparel,804,216,2025-03-14,427,1,1082
Starlite Apparel,805,94,2025-03-15,216,3,1399
Starlite Apparel,806,8,2025-03-16,95,7,1155
Starlite Apparel,807,86,2025-03-17,902,11,1003
Starlite Apparel,808,138,2025-03-18,765,11,1310
Starlite Apparel,809,246,2025-03-19,970,7,1270
Starlite Apparel,810,21,2025-03-20,1111,11,1063
Starlite Apparel,811,265,2025-03-21,269,3,1111
Starlite Apparel,812,148,2025-03-22,543,1,1238
Starlite Apparel,813,184,2025-03-23,417,10,1143
Starlite Apparel,814,227,2025-03-24,796,9,1373
Starlite Apparel,815,292,2025-03-25,935,6,1019
Starlite Apparel,816,36,2025-03-26,1176,7,1063
Starlite Apparel,817,246,2025-03-27,208,1,1288
Starlite Apparel,818,73,2025-03-28,271,1,1080
Starlite Apparel,819,150,2025-03-29,348,4,1196
Starlite Apparel,820,1,2025-03-30,184,7,1381
Starlite Apparel,821,69,2025-03-31,730,11,1068
Starlite Apparel,822,293,2025-04-01,646,11,1185
Starlite Apparel,823,230,2025-04-02,949,8,1166
Starlite Apparel,824,211,2025-04-03,90,10,1204
Starlite Apparel,825,72,2025-04-04,954,9,1163
Starlite Apparel,826,96,2025-04-05,278,1,1093
Starlite Apparel,827,84,2025-04-06,307,4,1248
Starlite Apparel,828,228,2025-04-07,1108,4,1067
Starlite Apparel,829,299,2025-04-08,142,3,1342
Starlite Apparel,830,236,2025-04-09,447,7,1020
Starlite Apparel,831,293,2025-04-10,580,1,1318
Starlite Apparel,832,222,2025-04-11,60,9,1084
Starlite Apparel,833,223,2025-04-12,555,8,1389
Starlite Apparel,834,281,2025-04-13,115,2,1023
Starlite Apparel,835,221,2025-04-14,122,2,1110
Starlite Apparel,836,216,2025-04-15,555,8,1350
Starlite Apparel,837,231,2025-04-16,562,11,1082
Starlite Apparel,838,169,2025-04-17,1076,1,1357
Starlite Apparel,839,42,2025-04-18,104,7,1077
Starlite Apparel,840,258,2025-04-19,587,9,1379
Starlite Apparel,841,196,2025-04-20,638,3,1139
Starlite Apparel,842,96,2025-04-21,200,7,1375
Starlite Apparel,843,14,2025-04-22,546,6,1270
Starlite Apparel,844,113,2025-04-23,447,7,1338
Starlite Apparel,845,77,2025-04-24,1148,7,1168
Starlite Apparel,846,277,2025-04-25,600,10,1196
Starlite Apparel,847,160,2025-04-26,555,1,1261
Starlite Apparel,848,119,2025-04-27,356,3,1214
Starlite Apparel,849,161,2025-04-28,677,10,1066
Starlite Apparel,850,146,2025-04-29,764,1,1228
Starlite Apparel,851,163,2025-04-30,1137,5,1160
Starlite Apparel,852,179,2025-05-01,535,3,1121
Starlite Apparel,853,89,2025-05-02,66,1,1148
Starlite Apparel,854,223,2025-05-03,909,2,1339
Starlite Apparel,855,266,2025-05-04,105,10,1192
Starlite Apparel,856,239,2025-05-05,426,5,1230
Starlite Apparel,857,34,2025-05-06,131,11,1110
Starlite Apparel,858,167,2025-05-07,1159,3,1144
Starlite Apparel,859,125,2025-05-08,530,6,1220
Starlite Apparel,860,224,2025-05-09,1169,9,1391
Starlite Apparel,861,150,2025-05-10,1182,6,1063
Starlite Apparel,862,189,2025-05-11,744,2,1125
Starlite Apparel,863,43,2025-05-12,281,2,1217
Starlite Apparel,864,29,2025-05-13,978,8,1283
Starlite Apparel,865,120,2025-05-14,957,11,1353
Starlite Apparel,866,31,2025-05-15,1096,8,1396
Starlite Apparel,867,181,2025-05-16,921,6,1235
Starlite Apparel,868,162,2025-05-17,43,10,1012
Starlite Apparel,869,128,2025-05-18,1094,7,1152
Starlite Apparel,870,255,2025-05-19,475,1,1238
Starlite Apparel,871,294,2025-05-20,922,9,1189
Starlite Apparel,872,254,2025-05-21,1104,5,1150
Starlite Apparel,873,130,2025-05-22,765,9,1085
Starlite Apparel,874,12,2025-05-23,1140,2,1020
Starlite Apparel,875,35,2025-05-24,106,8,1181
Starlite Apparel,876,198,2025-05-25,761,7,1318
Starlite Apparel,877,248,2025-05-26,103,11,1157
Starlite Apparel,878,110,2025-05-27,307,4,1366
Starlite Apparel,879,245,2025-05-28,1021,3,1075
Starlite Apparel,880,250,2025-05-29,184,4,1328
Starlite Apparel,881,163,2025-05-30,912,4,1202
Starlite Apparel,882,48,2025-05-31,492,10,1228
Starlite Apparel,883,71,2025-06-01,877,10,1151
Starlite Apparel,884,134,2025-06-02,486,8,1262
Starlite Apparel,885,239,2025-06-03,878,4,1071
Starlite Apparel,886,68,2025-06-04,141,5,1224
Starlite Apparel,887,278,2025-06-05,388,2,1384
Starlite Apparel,888,32,2025-06-06,490,4,1130
Starlite Apparel,889,123,2025-06-07,208,7,1359
Starlite Apparel,890,22,2025-06-08,684,3,1027
Starlite Apparel,891,155,2025-06-09,99,1,1298
Starlite Apparel,892,110,2025-06-10,850,8,1096
Starlite Apparel,893,271,2025-06-11,527,8,1045
Starlite Apparel,894,115,2025-06-12,819,6,1000
Starlite Apparel,895,220,2025-06-13,611,7,1165
Starlite Apparel,896,230,2025-06-14,680,10,1244
Starlite Apparel,897,252,2025-06-15,724,11,1218
Starlite Apparel,898,249,2025-06-16,659,2,1101
Starlite Apparel,899,9,2025-06-17,868,5,1290
Starlite Apparel,900,34,2025-06-18,859,7,1203
Starlite Apparel,901,228,2025-06-19,1178,9,1201
Starlite Apparel,902,73,2025-06-20,788,1,1053
Starlite Apparel,903,212,2025-06-21,382,3,1279
Starlite Apparel,904,72,2025-06-22,716,6,1277
Starlite Apparel,905,58,2025-06-23,646,7,1015
Starlite Apparel,906,220,2025-06-24,506,6,1012
Starlite Apparel,907,275,2025-06-25,1004,1,1355
Starlite Apparel,908,249,2025-06-26,1126,4,1355
Starlite Apparel,909,16,2025-06-27,1002,6,1317
Starlite Apparel,910,75,2025-06-28,314,8,1086
Starlite Apparel,911,106,2025-06-29,776,10,1077
Starlite Apparel,912,136,2025-06-30,47,4,1066
Starlite Apparel,913,74,2025-07-01,830,7,1346
Starlite Apparel,914,254,2025-07-02,196,11,1210
Starlite Apparel,915,18,2025-07-03,859,3,1213
Starlite Apparel,916,43,2025-07-04,342,8,1184
Starlite Apparel,917,50,2025-07-05,932,1,1032
Starlite Apparel,918,3,2025-07-06,822,4,1114
Starlite Apparel,919,232,2025-07-07,1015,8,1274
Starlite Apparel,920,219,2025-07-08,879,10,1197
Starlite Apparel,921,59,2025-07-09,705,4,1379
Starlite Apparel,922,284,2025-07-10,940,2,1142
Starlite Apparel,923,64,2025-07-11,1166,2,1227
Starlite Apparel,924,70,2025-07-12,1054,4,1119
Starlite Apparel,925,142,2025-07-13,867,4,1352
Starlite Apparel,926,202,2025-07-14,507,2,1023
Starlite Apparel,927,207,2025-07-15,156,7,1026
Starlite Apparel,928,221,2025-07-16,1141,6,1074
Starlite Apparel,929,246,2025-07-17,885,11,1240
Starlite Apparel,930,81,2025-07-18,318,3,1022
Starlite Apparel,931,251,2025-07-19,665,8,1160
Starlite Apparel,932,51,2025-07-20,1024,8,1040
Starlite Apparel,933,285,2025-07-21,416,1,1237
Starlite Apparel,934,204,2025-07-22,273,3,1238
Starlite Apparel,935,25,2025-07-23,727,5,1055
Starlite Apparel,936,41,2025-07-24,1191,2,1097
Starlite Apparel,937,69,2025-07-25,311,5,1145
Starlite Apparel,938,4,2025-07-26,301,11,1261
Starlite Apparel,939,240,2025-07-27,411,10,1039
Starlite Apparel,940,31,2025-07-28,474,3,1192
Starlite Apparel,941,117,2025-07-29,315,9,1238
Starlite Apparel,942,195,2025-07-30,467,11,1041
Starlite Apparel,943,90,2025-07-31,680,1,1221
Starlite Apparel,944,178,2025-08-01,1093,4,1195
Starlite Apparel,945,145,2025-08-02,851,10,1287
Starlite Apparel,946,202,2025-08-03,500,6,1009
Starlite Apparel,947,203,2025-08-04,277,9,1234
Starlite Apparel,948,24,2025-08-05,313,3,1324
Starlite Apparel,949,105,2025-08-06,1024,3,1264
Starlite Apparel,950,275,2025-08-07,45,5,1068
Starlite Apparel,951,60,2025-08-08,340,7,1138
Starlite Apparel,952,15,2025-08-09,588,5,1354
Starlite Apparel,953,85,2025-08-10,147,11,1218
Starlite Apparel,954,197,2025-08-11,898,8,1195
Starlite Apparel,955,235,2025-08-12,984,5,1073
Starlite Apparel,956,263,2025-08-13,238,7,1102
Starlite Apparel,957,6,2025-08-14,863,6,1224
Starlite Apparel,958,289,2025-08-15,671,10,1122
Starlite Apparel,959,58,2025-08-16,992,2,1101
Starlite Apparel,960,145,2025-08-17,754,3,1263
Starlite Apparel,961,42,2025-08-18,624,11,1160
Starlite Apparel,962,200,2025-08-19,816,11,1232
Starlite Apparel,963,174,2025-08-20,64,4,1274
Starlite Apparel,964,95,2025-08-21,776,5,1257
Starlite Apparel,965,217,2025-08-22,967,9,1310
Starlite Apparel,966,111,2025-08-23,672,6,1138
Starlite Apparel,967,180,2025-08-24,206,1,1226
Starlite Apparel,968,163,2025-08-25,289,3,1272
Starlite Apparel,969,119,2025-08-26,795,7,1316
Starlite Apparel,970,228,2025-08-27,887,8,1386
Starlite Apparel,971,145,2025-08-28,456,7,1085
Starlite Apparel,972,142,2025-08-29,533,5,1290
Starlite Apparel,973,122,2025-08-30,471,10,1216
Starlite Apparel,974,285,2025-08-31,552,8,1358
Starlite Apparel,975,226,2025-09-01,899,9,1065
Starlite Apparel,976,257,2025-09-02,1181,7,1256
Starlite Apparel,977,285,2025-09-03,1187,11,1134
Starlite Apparel,978,165,2025-09-04,693,9,1374
Starlite Apparel,979,221,2025-09-05,871,1,1389
Starlite Apparel,980,69,2025-09-06,94,9,1054
Starlite Apparel,981,224,2025-09-07,840,3,1355
Starlite Apparel,982,124,2025-09-08,1063,6,1242
Starlite Apparel,983,12,2025-09-09,1108,8,1251
Starlite Apparel,984,52,2025-09-10,470,3,1020
Starlite Apparel,985,129,2025-09-11,1050,4,1306
Starlite Apparel,986,135,2025-09-12,43,7,1162
Starlite Apparel,987,145,2025-09-13,585,7,1355
Starlite Apparel,988,127,2025-09-14,1126,4,1263
Starlite Apparel,989,226,2025-09-15,496,9,1067
Starlite Apparel,990,71,2025-09-16,52,3,1106
Starlite Apparel,991,273,2025-09-17,584,8,1399
Starlite Apparel,992,187,2025-09-18,632,8,1066
Starlite Apparel,993,3,2025-09-19,482,4,1198
Starlite Apparel,994,285,2025-09-20,969,7,1191
Starlite Apparel,995,22,2025-09-21,1008,4,1001
Starlite Apparel,996,166,2025-09-22,892,1,1256
Starlite Apparel,997,246,2025-09-23,1040,1,1000
Starlite Apparel,998,234,2025-09-24,53,1,1357
Starlite Apparel,999,158,2025-09-25,693,2,1114
Starlite Apparel,1000,151,2025-09-26,850,6,1390
Starlite Apparel,1001,213,2025-09-27,840,10,1087
Starlite Apparel,1002,218,2025-09-28,303,11,1196
Starlite Apparel,1003,246,2025-09-29,307,5,1091
Starlite Apparel,1004,276,2025-09-30,1027,11,1273
Starlite Apparel,1005,151,2025-10-01,329,2,1343
Starlite Apparel,1006,196,2025-10-02,718,8,1159
Starlite Apparel,1007,21,2025-10-03,133,9,1172
Starlite Apparel,1008,257,2025-10-04,348,7,1032
Starlite Apparel,1009,17,2025-10-05,482,9,1072
Starlite Apparel,1010,51,2025-10-06,506,4,1195
Starlite Apparel,1011,270,2025-10-07,946,7,1283
Starlite Apparel,1012,83,2025-10-08,544,5,1086
Starlite Apparel,1013,124,2025-10-09,1101,5,1308
Starlite Apparel,1014,290,2025-10-10,415,3,1223
Starlite Apparel,1015,262,2025-10-11,795,9,1043
Starlite Apparel,1016,49,2025-10-12,937,10,1335
Starlite Apparel,1017,6,2025-10-13,110,5,1137
Starlite Apparel,1018,117,2025-10-14,582,6,1269
Starlite Apparel,1019,118,2025-10-15,882,3,1358
Starlite Apparel,1020,263,2025-10-16,690,10,1035
Starlite Apparel,1021,129,2025-10-17,1178,7,1033
Starlite Apparel,1022,171,2025-10-18,867,9,1087
Starlite Apparel,1023,27,2025-10-19,1129,9,1145
