policy_id,customer_id,policy_start_date,premium_amount,policy_type,claim_flag,claim_amount,premium,claim_status,is_fraud,fraud_rule,loss_date
POL-1,CUST-3152,2024-06-05,7615.65,Life,No,,7615.65,,,,
POL-2,CUST-4089,2024-07-23,4147.42,Auto,No,,4147.42,,,,
POL-3,CUST-8510,2024-03-24,5806.28,Health,No,,5806.28,,,,
POL-4,CUST-1781,2024-05-11,3098.15,Health,No,,3098.15,,,,
POL-5,CUST-1432,2023-01-16,3971.21,Property,No,,3971.21,,,,
POL-6,CUST-2859,2023-11-23,5076.91,Life,No,,5076.91,,,,
POL-7,CUST-4574,2024-07-20,2457.07,Auto,No,,2457.07,,,,
POL-8,CUST-4170,2024-09-15,7541.75,Auto,No,,7541.75,,,,
POL-9,CUST-6158,2023-11-26,1091.88,Health,No,,1091.88,,,,
POL-10,CUST-1542,2023-11-12,2521.87,Auto,No,,2521.87,,,,
POL-11,CUST-8012,2024-11-28,6623.72,Health,No,,6623.72,,,,
POL-12,CUST-2760,2023-07-01,3788.61,Health,Yes,9821.2,3788.61,Open,False,,2025-01-28
POL-13,CUST-2028,2023-06-16,2786.82,Life,No,,2786.82,,,,
POL-14,CUST-3234,2024-08-12,2805.68,Health,No,,2805.68,,,,
POL-15,CUST-8430,2023-12-10,4710.72,Life,No,,4710.72,,,,
POL-16,CUST-5065,2023-03-03,1770.15,Property,No,,1770.15,,,,
POL-17,CUST-8330,2023-08-29,3928.64,Auto,No,,3928.64,,,,
POL-18,CUST-4939,2024-04-08,5272.34,Auto,No,,5272.34,,,,
POL-19,CUST-9367,2023-02-22,5604.63,Life,No,,5604.63,,,,
POL-20,CUST-2730,2023-05-16,4597.44,Health,No,,4597.44,,,,
POL-21,CUST-1911,2023-03-12,974.27,Property,No,,974.27,,,,
POL-22,CUST-4067,2023-12-02,5776.67,Property,No,,5776.67,,,,
POL-23,CUST-5332,2024-08-10,516.49,Life,Yes,8091.01,516.49,Open,False,,2025-01-13
POL-24,CUST-5097,2024-09-25,1697.54,Property,No,,1697.54,,,,
POL-25,CUST-7513,2024-07-06,4641.59,Life,Yes,2684.4,4641.59,Closed,False,,2024-05-31
POL-26,CUST-6485,2023-12-22,7438.57,Health,No,,7438.57,,,,
POL-27,CUST-5532,2024-11-09,463.71,Health,No,,463.71,,,,
POL-28,CUST-4642,2023-09-17,3485.18,Property,No,,3485.18,,,,
POL-29,CUST-6964,2024-05-04,6017.06,Property,No,,6017.06,,,,
POL-30,CUST-1285,2024-01-02,3278.43,Property,Yes,7868.16,3278.43,Open,False,,2024-10-05
POL-31,CUST-2976,2023-06-20,4017.42,Auto,No,,4017.42,,,,
POL-32,CUST-4723,2023-10-25,2838.53,Health,No,,2838.53,,,,
POL-33,CUST-4795,2023-09-29,2121.38,Health,No,,2121.38,,,,
POL-34,CUST-8739,2024-09-12,2236.21,Property,No,,2236.21,,,,
POL-35,CUST-7677,2023-12-07,4977.03,Health,Yes,6551.14,4977.03,Closed,False,,2025-08-01
POL-36,CUST-9783,2024-01-01,1314.5,Auto,Yes,12577.88,1314.5,Closed,False,,2024-07-30
POL-37,CUST-4642,2024-05-04,3630.65,Auto,No,,3630.65,,,,
POL-38,CUST-9803,2023-11-07,1663.1,Life,No,,1663.1,,,,
POL-39,CUST-3108,2023-07-05,4375.83,Property,No,,4375.83,,,,
POL-40,CUST-3081,2024-02-09,987.24,Health,No,,987.24,,,,
POL-41,CUST-3075,2023-04-16,4696.39,Auto,No,,4696.39,,,,
POL-42,CUST-2256,2023-07-15,7683.16,Health,No,,7683.16,,,,
POL-43,CUST-6857,2023-02-10,3998.32,Health,No,,3998.32,,,,
POL-44,CUST-3462,2024-01-07,794.2,Property,No,,794.2,,,,
POL-45,CUST-3518,2024-05-14,506.06,Life,No,,506.06,,,,
POL-46,CUST-6842,2023-08-22,1181.68,Health,No,,1181.68,,,,
POL-47,CUST-4985,2023-04-23,2237.6,Health,No,,2237.6,,,,
POL-48,CUST-9443,2024-07-06,6824.57,Property,Yes,6680.98,6824.57,Closed,False,,2025-12-10
POL-49,CUST-3642,2023-01-24,930.09,Auto,Yes,8281.24,930.09,Closed,False,,2025-02-27
POL-50,CUST-1770,2023-01-30,3842.18,Property,No,,3842.18,,,,
POL-51,CUST-2747,2023-01-27,4992.5,Health,No,,4992.5,,,,
POL-52,CUST-9985,2023-09-27,3571.84,Property,No,,3571.84,,,,
POL-53,CUST-5637,2024-09-08,3367.02,Property,Yes,3194.6,3367.02,Closed,False,,2024-08-18
POL-54,CUST-5080,2023-02-11,2857.83,Health,No,,2857.83,,,,
POL-55,CUST-2211,2023-03-29,4601.35,Auto,No,,4601.35,,,,
POL-56,CUST-3419,2024-10-17,2203.39,Auto,No,,2203.39,,,,
POL-57,CUST-1408,2023-12-29,5709.73,Auto,Yes,7731.36,5709.73,Closed,False,,2024-06-16
POL-58,CUST-8891,2024-04-22,2725.68,Property,No,,2725.68,,,,
POL-59,CUST-8122,2024-10-21,5561.08,Life,No,,5561.08,,,,
POL-60,CUST-8582,2023-10-18,1595.12,Auto,No,,1595.12,,,,
POL-61,CUST-8432,2023-04-05,1201.0,Life,Yes,2922.24,1201.0,Closed,False,,2024-04-18
POL-62,CUST-2746,2024-05-29,7178.07,Health,Yes,80102.88,7178.07,Closed,False,,2024-11-05
POL-63,CUST-1343,2024-04-09,5866.26,Life,Yes,9188.2,5866.26,Closed,False,,2024-05-29
POL-64,CUST-8236,2023-04-17,3390.04,Health,No,,3390.04,,,,
POL-65,CUST-4360,2023-05-17,3177.25,Life,Yes,5357.56,3177.25,Open,False,,2025-09-03
POL-66,CUST-9469,2023-07-31,6980.25,Property,No,,6980.25,,,,
POL-67,CUST-1677,2023-08-16,5134.03,Health,No,,5134.03,,,,
POL-68,CUST-3442,2024-07-08,6587.56,Property,No,,6587.56,,,,
POL-69,CUST-3005,2024-11-27,6141.67,Auto,No,,6141.67,,,,
POL-70,CUST-5309,2024-03-13,2339.73,Property,No,,2339.73,,,,
POL-71,CUST-4871,2023-05-03,5701.88,Life,Yes,3325.67,5701.88,Closed,False,,2025-08-25
POL-72,CUST-6698,2023-08-31,4735.49,Property,No,,4735.49,,,,
POL-73,CUST-8037,2024-03-31,311.39,Life,No,,311.39,,,,
POL-74,CUST-5534,2023-04-07,2938.3,Life,No,,2938.3,,,,
POL-75,CUST-6317,2023-02-10,3375.46,Auto,No,,3375.46,,,,
POL-76,CUST-4539,2023-07-02,6921.57,Life,Yes,1624.4,6921.57,Open,False,,2025-04-02
POL-77,CUST-3117,2024-08-03,4657.81,Property,No,,4657.81,,,,
POL-78,CUST-5553,2023-07-02,3900.67,Property,Yes,2747.3,3900.67,Closed,False,,2025-03-27
POL-79,CUST-7072,2023-03-13,6981.49,Health,No,,6981.49,,,,
POL-80,CUST-9964,2024-04-26,4038.51,Life,No,,4038.51,,,,
POL-81,CUST-6790,2023-08-25,4336.73,Life,Yes,14288.4,4336.73,Open,False,,2025-03-02
POL-82,CUST-9255,2023-10-06,7484.74,Auto,Yes,3910.57,7484.74,Closed,False,,2024-10-19
POL-83,CUST-9696,2024-07-21,6274.24,Auto,No,,6274.24,,,,
POL-84,CUST-3808,2024-05-24,6823.25,Health,No,,6823.25,,,,
POL-85,CUST-4165,2024-04-30,2973.75,Health,No,,2973.75,,,,
POL-86,CUST-5003,2024-01-30,4487.94,Health,No,,4487.94,,,,
POL-87,CUST-9254,2024-05-28,242.49,Life,Yes,3242.3,242.49,Closed,False,,2024-06-22
POL-88,CUST-5403,2024-05-19,5641.03,Health,Yes,4520.33,5641.03,Closed,False,,2025-02-23
POL-89,CUST-4455,2023-04-14,4002.73,Health,No,,4002.73,,,,
POL-90,CUST-6151,2024-11-09,7746.49,Health,No,,7746.49,,,,
POL-91,CUST-7839,2024-07-18,2671.07,Life,No,,2671.07,,,,
POL-92,CUST-4220,2023-03-17,2381.2,Auto,No,,2381.2,,,,
POL-93,CUST-5644,2024-10-08,1753.98,Auto,No,,1753.98,,,,
POL-94,CUST-7523,2023-12-13,7895.72,Property,No,,7895.72,,,,
POL-95,CUST-5008,2023-05-15,6538.81,Property,No,,6538.81,,,,
POL-96,CUST-1653,2024-01-09,1427.27,Health,Yes,5111.05,1427.27,Closed,False,,2025-04-29
POL-97,CUST-2660,2024-05-05,975.25,Property,No,,975.25,,,,
POL-98,CUST-5098,2023-05-11,6968.68,Health,Yes,5065.51,6968.68,Closed,False,,2024-01-30
POL-99,CUST-2023,2023-06-09,940.64,Life,No,,940.64,,,,
POL-100,CUST-3530,2023-06-04,3424.9,Auto,No,,3424.9,,,,
POL-101,CUST-8825,2024-05-29,5919.12,Health,No,,5919.12,,,,
POL-102,CUST-2309,2024-07-13,4442.09,Auto,No,,4442.09,,,,
POL-103,CUST-6629,2023-10-24,6660.65,Auto,No,,6660.65,,,,
POL-104,CUST-5965,2024-12-05,2773.27,Life,No,,2773.27,,,,
POL-105,CUST-1509,2024-08-16,630.1,Property,No,,630.1,,,,
POL-106,CUST-6293,2023-12-12,342.8,Auto,No,,342.8,,,,
POL-107,CUST-4822,2024-08-09,1677.25,Life,Yes,46223.64,1677.25,Closed,False,,2024-08-02
POL-108,CUST-7565,2024-04-21,1195.99,Auto,No,,1195.99,,,,
POL-109,CUST-9881,2023-12-14,6427.52,Life,No,,6427.52,,,,
POL-110,CUST-4962,2023-12-20,2825.29,Health,No,,2825.29,,,,
POL-111,CUST-9025,2024-05-03,1640.56,Property,No,,1640.56,,,,
POL-112,CUST-4330,2023-12-14,4486.57,Health,Yes,7033.44,4486.57,Closed,False,,2025-07-08
POL-113,CUST-4825,2024-04-28,2771.78,Auto,Yes,9019.28,2771.78,Closed,True,velocity_rule,2024-10-16
POL-114,CUST-9494,2024-02-22,2469.18,Health,Yes,8779.15,2469.18,Open,False,,2025-10-17
POL-115,CUST-3646,2023-02-08,1940.82,Health,No,,1940.82,,,,
POL-116,CUST-6045,2023-05-03,5395.02,Life,No,,5395.02,,,,
POL-117,CUST-6394,2023-08-24,3415.36,Auto,No,,3415.36,,,,
POL-118,CUST-6216,2023-01-21,1828.48,Auto,No,,1828.48,,,,
POL-119,CUST-2802,2024-11-19,7296.2,Health,Yes,1794.34,7296.2,Closed,False,,2025-06-19
POL-120,CUST-1727,2023-05-12,1088.62,Health,No,,1088.62,,,,
POL-121,CUST-5172,2024-12-27,6572.14,Life,No,,6572.14,,,,
POL-122,CUST-9523,2023-10-21,6873.28,Health,No,,6873.28,,,,
POL-123,CUST-4511,2023-11-17,5612.65,Property,No,,5612.65,,,,
POL-124,CUST-4416,2023-08-21,2687.16,Property,No,,2687.16,,,,
POL-125,CUST-9448,2024-02-01,4656.25,Auto,No,,4656.25,,,,
POL-126,CUST-7972,2023-07-22,3370.58,Property,No,,3370.58,,,,
POL-127,CUST-2048,2023-01-18,3063.01,Property,No,,3063.01,,,,
POL-128,CUST-8283,2023-05-29,7032.35,Auto,No,,7032.35,,,,
POL-129,CUST-3984,2024-09-24,831.81,Life,Yes,24500.0,831.81,Open,False,,2025-03-12
POL-130,CUST-2348,2023-07-19,5199.49,Property,Yes,9569.67,5199.49,Closed,False,,2025-01-16
POL-131,CUST-1178,2024-04-20,7568.38,Auto,No,,7568.38,,,,
POL-132,CUST-3170,2023-10-12,5394.93,Property,No,,5394.93,,,,
POL-133,CUST-9453,2024-11-10,7293.94,Auto,No,,7293.94,,,,
POL-134,CUST-3819,2024-03-22,1285.83,Auto,No,,1285.83,,,,
POL-135,CUST-7583,2023-07-19,6793.18,Health,No,,6793.18,,,,
POL-136,CUST-1293,2023-07-24,833.59,Auto,Yes,3155.19,833.59,Closed,False,,2025-07-26
POL-137,CUST-2161,2024-02-15,4894.45,Health,No,,4894.45,,,,
POL-138,CUST-5879,2024-01-05,7761.51,Life,Yes,7021.61,7761.51,Closed,False,,2024-01-22
POL-139,CUST-1706,2024-10-31,5568.84,Property,Yes,6982.67,5568.84,Open,False,,2025-07-22
POL-140,CUST-4107,2024-09-15,4179.15,Property,No,,4179.15,,,,
POL-141,CUST-6605,2024-02-15,4305.02,Health,Yes,21380.53,4305.02,Closed,False,,2025-08-21
POL-142,CUST-1175,2023-10-05,357.49,Property,Yes,6836.76,357.49,Closed,False,,2024-08-15
POL-143,CUST-6938,2023-02-02,2095.71,Health,Yes,3051.12,2095.71,Closed,False,,2024-10-26
POL-144,CUST-3894,2023-12-24,1860.57,Auto,Yes,8567.18,1860.57,Closed,False,,2025-11-04
POL-145,CUST-2746,2024-05-28,4804.95,Health,No,,4804.95,,,,
POL-146,CUST-6786,2023-06-26,6143.88,Life,No,,6143.88,,,,
POL-147,CUST-3663,2023-09-27,2251.44,Property,No,,2251.44,,,,
POL-148,CUST-4428,2024-10-07,6565.95,Life,No,,6565.95,,,,
POL-149,CUST-6817,2024-02-16,2077.65,Auto,No,,2077.65,,,,
POL-150,CUST-9094,2023-01-27,2881.7,Auto,No,,2881.7,,,,
POL-151,CUST-5742,2024-11-19,5306.47,Health,Yes,7076.59,5306.47,Open,False,,2024-12-04
POL-152,CUST-2636,2023-09-24,6434.83,Auto,Yes,116109.47,6434.83,Open,False,,2024-12-29
POL-153,CUST-3821,2024-01-30,422.25,Auto,No,,422.25,,,,
POL-154,CUST-3026,2023-06-23,5862.72,Life,No,,5862.72,,,,
POL-155,CUST-8474,2023-10-08,1873.84,Health,No,,1873.84,,,,
POL-156,CUST-8147,2024-03-03,560.4,Property,Yes,3353.81,560.4,Closed,False,,2025-09-04
POL-157,CUST-5253,2023-04-15,7922.27,Health,Yes,2888.02,7922.27,Closed,False,,2025-01-17
POL-158,CUST-8861,2023-07-04,7539.18,Life,No,,7539.18,,,,
POL-159,CUST-5320,2024-11-17,5196.12,Property,No,,5196.12,,,,
POL-160,CUST-4645,2023-02-23,7565.27,Life,No,,7565.27,,,,
POL-161,CUST-6390,2024-09-17,6107.36,Auto,Yes,3943.48,6107.36,Open,False,,2025-05-22
POL-162,CUST-2627,2024-09-20,1460.45,Health,No,,1460.45,,,,
POL-163,CUST-8588,2023-05-29,567.96,Health,No,,567.96,,,,
POL-164,CUST-6789,2023-04-23,1099.56,Property,Yes,5405.44,1099.56,Closed,False,,2024-05-21
POL-165,CUST-9632,2024-09-23,7926.38,Life,Yes,5059.53,7926.38,Closed,False,,2024-09-27
POL-166,CUST-7371,2024-09-01,7506.4,Health,No,,7506.4,,,,
POL-167,CUST-1827,2024-10-22,2096.31,Life,No,,2096.31,,,,
POL-168,CUST-1791,2024-05-17,5126.38,Health,No,,5126.38,,,,
POL-169,CUST-3048,2023-12-26,4736.13,Auto,No,,4736.13,,,,
POL-170,CUST-4502,2024-06-22,6050.38,Property,No,,6050.38,,,,
POL-171,CUST-9106,2024-07-17,840.44,Health,Yes,86326.43,840.44,Closed,False,,2025-09-03
POL-172,CUST-9174,2024-11-09,232.47,Life,No,,232.47,,,,
POL-173,CUST-5321,2024-05-27,7114.84,Property,Yes,16293.25,7114.84,Closed,False,,2024-01-03
POL-174,CUST-4583,2024-09-26,3037.73,Auto,Yes,2647.92,3037.73,Open,False,,2025-10-02
POL-175,CUST-7458,2024-07-10,1501.11,Life,No,,1501.11,,,,
POL-176,CUST-3414,2023-11-27,5446.86,Property,No,,5446.86,,,,
POL-177,CUST-6697,2024-05-25,6327.1,Health,No,,6327.1,,,,
POL-178,CUST-7551,2023-04-05,3874.63,Life,No,,3874.63,,,,
POL-179,CUST-6638,2023-02-13,1280.51,Life,No,,1280.51,,,,
POL-180,CUST-2598,2023-09-28,4877.64,Auto,No,,4877.64,,,,
POL-181,CUST-7037,2023-12-11,1706.34,Property,No,,1706.34,,,,
POL-182,CUST-5269,2024-09-22,2137.42,Life,No,,2137.42,,,,
POL-183,CUST-7453,2024-12-25,2923.67,Health,No,,2923.67,,,,
POL-184,CUST-3738,2023-10-19,7812.98,Health,Yes,7674.4,7812.98,Closed,False,,2024-08-27
POL-185,CUST-3435,2023-09-06,653.62,Life,Yes,9574.45,653.62,Open,False,,2024-09-23
POL-186,CUST-6896,2023-10-08,1027.95,Life,No,,1027.95,,,,
POL-187,CUST-8284,2023-01-27,6177.95,Life,No,,6177.95,,,,
POL-188,CUST-9581,2024-11-05,2375.02,Health,No,,2375.02,,,,
POL-189,CUST-4058,2024-06-13,540.48,Property,No,,540.48,,,,
POL-190,CUST-9421,2024-05-20,7978.27,Property,No,,7978.27,,,,
POL-191,CUST-2680,2023-06-08,7153.75,Auto,No,,7153.75,,,,
POL-192,CUST-4876,2023-11-26,7871.46,Auto,No,,7871.46,,,,
POL-193,CUST-9550,2023-08-17,4528.93,Life,No,,4528.93,,,,
POL-194,CUST-3695,2023-01-01,5461.91,Life,No,,5461.91,,,,
POL-195,CUST-7624,2023-09-29,5513.6,Property,Yes,5415.41,5513.6,Closed,False,,2025-05-07
POL-196,CUST-3186,2024-05-12,5054.71,Property,Yes,7609.58,5054.71,Closed,False,,2025-01-17
POL-197,CUST-8053,2023-06-26,961.54,Auto,No,,961.54,,,,
POL-198,CUST-9741,2023-12-01,630.72,Auto,No,,630.72,,,,
POL-199,CUST-3433,2023-06-16,7274.44,Property,No,,7274.44,,,,
POL-200,CUST-1434,2024-06-05,4470.3,Life,No,,4470.3,,,,
POL-201,CUST-7843,2023-03-11,2423.51,Auto,No,,2423.51,,,,
POL-202,CUST-5778,2023-04-19,2105.45,Health,No,,2105.45,,,,
POL-203,CUST-9720,2023-04-04,7049.31,Life,No,,7049.31,,,,
POL-204,CUST-2644,2024-07-22,1201.29,Auto,No,,1201.29,,,,
POL-205,CUST-6550,2023-04-09,4649.24,Auto,Yes,3821.5,4649.24,Closed,False,,2024-06-24
POL-206,CUST-6308,2023-11-01,1706.25,Auto,No,,1706.25,,,,
POL-207,CUST-4925,2023-02-09,1442.76,Health,No,,1442.76,,,,
POL-208,CUST-8789,2024-06-15,3061.1,Auto,No,,3061.1,,,,
POL-209,CUST-3312,2023-11-11,1147.37,Property,No,,1147.37,,,,
POL-210,CUST-9098,2024-01-04,6660.9,Health,No,,6660.9,,,,
POL-211,CUST-1229,2024-10-07,6604.2,Life,No,,6604.2,,,,
POL-212,CUST-1280,2024-04-12,5098.86,Health,Yes,7316.24,5098.86,Closed,False,,2025-08-02
POL-213,CUST-6993,2023-01-15,7109.02,Property,No,,7109.02,,,,
POL-214,CUST-5246,2023-04-20,3624.1,Health,No,,3624.1,,,,
POL-215,CUST-7761,2023-01-14,7903.89,Property,No,,7903.89,,,,
POL-216,CUST-6506,2023-03-16,2820.57,Auto,Yes,8727.82,2820.57,Open,False,,2024-07-09
POL-217,CUST-4966,2024-03-11,4440.45,Life,No,,4440.45,,,,
POL-218,CUST-9015,2024-04-14,5236.87,Property,No,,5236.87,,,,
POL-219,CUST-7169,2024-12-19,3229.7,Health,No,,3229.7,,,,
POL-220,CUST-5094,2024-05-11,6881.56,Property,No,,6881.56,,,,
POL-221,CUST-1095,2024-03-14,4765.9,Property,Yes,6198.92,4765.9,Closed,False,,2025-02-03
POL-222,CUST-8204,2023-07-29,6541.08,Life,No,,6541.08,,,,
POL-223,CUST-9004,2023-04-08,1226.46,Property,No,,1226.46,,,,
POL-224,CUST-6634,2024-10-04,7488.85,Life,No,,7488.85,,,,
POL-225,CUST-8048,2024-06-21,2153.98,Life,No,,2153.98,,,,
POL-226,CUST-5925,2024-08-30,5536.37,Health,No,,5536.37,,,,
POL-227,CUST-5761,2023-11-25,4177.73,Property,No,,4177.73,,,,
POL-228,CUST-3034,2024-06-02,7706.38,Life,No,,7706.38,,,,
POL-229,CUST-8367,2024-02-07,3940.84,Property,No,,3940.84,,,,
POL-230,CUST-1038,2024-10-26,1088.03,Life,No,,1088.03,,,,
POL-231,CUST-6057,2023-11-05,625.99,Auto,No,,625.99,,,,
POL-232,CUST-6369,2023-01-02,1146.17,Health,No,,1146.17,,,,
POL-233,CUST-3923,2023-02-18,3798.56,Health,Yes,9325.43,3798.56,Closed,False,,2024-02-27
POL-234,CUST-9571,2024-05-18,1439.07,Property,No,,1439.07,,,,
POL-235,CUST-9256,2024-11-15,5217.7,Auto,No,,5217.7,,,,
POL-236,CUST-6720,2024-01-29,2954.57,Auto,No,,2954.57,,,,
POL-237,CUST-4990,2023-04-20,3539.03,Life,No,,3539.03,,,,
POL-238,CUST-1959,2024-06-19,5239.65,Property,No,,5239.65,,,,
POL-239,CUST-4773,2023-09-23,1835.2,Auto,No,,1835.2,,,,
POL-240,CUST-5694,2024-06-02,4675.34,Property,No,,4675.34,,,,
POL-241,CUST-9148,2023-12-14,2812.63,Life,Yes,4579.02,2812.63,Closed,False,,2025-06-18
POL-242,CUST-2992,2023-06-09,5541.76,Property,No,,5541.76,,,,
POL-243,CUST-2861,2023-07-17,3472.22,Health,No,,3472.22,,,,
POL-244,CUST-4562,2024-02-13,646.75,Property,No,,646.75,,,,
POL-245,CUST-8883,2023-03-14,5961.12,Auto,No,,5961.12,,,,
POL-246,CUST-6628,2024-04-27,3937.53,Property,Yes,3277.81,3937.53,Closed,False,,2024-01-25
POL-247,CUST-1764,2024-06-25,483.7,Health,No,,483.7,,,,
POL-248,CUST-8126,2024-12-15,3807.67,Auto,Yes,3259.14,3807.67,Closed,False,,2025-11-13
POL-249,CUST-9501,2024-07-10,4087.4,Health,No,,4087.4,,,,
POL-250,CUST-1434,2023-02-21,4998.84,Health,No,,4998.84,,,,
POL-251,CUST-3671,2023-04-30,2740.34,Health,No,,2740.34,,,,
POL-252,CUST-6816,2024-10-30,1488.79,Health,No,,1488.79,,,,
POL-253,CUST-2646,2024-03-29,7996.27,Life,No,,7996.27,,,,
POL-254,CUST-1561,2023-11-12,4882.19,Property,No,,4882.19,,,,
POL-255,CUST-4735,2024-06-16,6511.95,Auto,No,,6511.95,,,,
POL-256,CUST-1676,2024-10-24,4454.06,Auto,No,,4454.06,,,,
POL-257,CUST-2340,2024-09-21,2258.66,Health,No,,2258.66,,,,
POL-258,CUST-8934,2023-06-17,7968.93,Auto,No,,7968.93,,,,
POL-259,CUST-2545,2024-05-21,3444.45,Life,No,,3444.45,,,,
POL-260,CUST-1378,2023-12-06,4009.01,Life,Yes,10430.31,4009.01,Closed,False,,2025-03-27
POL-261,CUST-7282,2024-01-27,211.14,Auto,Yes,2751.38,211.14,Closed,False,,2024-10-27
POL-262,CUST-4520,2023-07-22,529.92,Property,No,,529.92,,,,
POL-263,CUST-1737,2023-08-05,7194.89,Health,No,,7194.89,,,,
POL-264,CUST-3653,2023-02-07,4316.25,Auto,Yes,7617.91,4316.25,Closed,False,,2025-11-19
POL-265,CUST-7749,2023-11-09,4710.51,Life,No,,4710.51,,,,
POL-266,CUST-7733,2024-12-10,6405.65,Auto,No,,6405.65,,,,
POL-267,CUST-2024,2024-08-22,2405.15,Health,Yes,9098.45,2405.15,Closed,False,,2025-09-21
POL-268,CUST-1645,2024-03-27,332.89,Auto,Yes,2579.11,332.89,Closed,False,,2024-06-09
POL-269,CUST-4372,2024-10-13,5556.31,Health,Yes,2228.92,5556.31,Closed,False,,2024-04-18
POL-270,CUST-5319,2023-08-12,5974.1,Life,No,,5974.1,,,,
POL-271,CUST-4414,2023-12-23,7728.74,Property,No,,7728.74,,,,
POL-272,CUST-2427,2023-02-11,5002.96,Life,No,,5002.96,,,,
POL-273,CUST-3374,2023-02-23,2212.2,Health,No,,2212.2,,,,
POL-274,CUST-2383,2024-07-02,5902.16,Property,No,,5902.16,,,,
POL-275,CUST-3270,2023-04-18,5807.51,Health,No,,5807.51,,,,
POL-276,CUST-1960,2023-01-06,7068.03,Life,Yes,1349.06,7068.03,Closed,False,,2024-08-22
POL-277,CUST-3803,2023-06-29,1784.25,Auto,No,,1784.25,,,,
POL-278,CUST-4788,2024-05-24,7000.6,Health,No,,7000.6,,,,
POL-279,CUST-5134,2023-09-19,7118.23,Property,Yes,6752.07,7118.23,Closed,False,,2025-06-12
POL-280,CUST-4599,2024-01-21,4901.97,Life,Yes,3984.22,4901.97,Open,False,,2024-02-29
POL-281,CUST-2539,2024-10-04,5485.44,Property,No,,5485.44,,,,
POL-282,CUST-3056,2024-06-20,954.04,Health,Yes,6952.33,954.04,Closed,False,,2025-03-19
POL-283,CUST-1800,2023-01-22,6035.2,Life,Yes,7695.49,6035.2,Closed,False,,2025-09-04
POL-284,CUST-2485,2023-03-19,6768.14,Health,Yes,3849.8,6768.14,Closed,False,,2024-04-13
POL-285,CUST-9530,2023-10-01,3541.76,Health,Yes,3337.89,3541.76,Closed,False,,2024-02-24
POL-286,CUST-5528,2024-09-01,5337.28,Auto,Yes,10911.47,5337.28,Open,False,,2025-03-18
POL-287,CUST-5091,2024-11-15,5913.49,Life,No,,5913.49,,,,
POL-288,CUST-4512,2023-09-29,5641.22,Auto,Yes,6602.85,5641.22,Closed,False,,2024-10-20
POL-289,CUST-1555,2023-07-26,4030.5,Auto,Yes,6660.49,4030.5,Closed,False,,2025-08-18
POL-290,CUST-8962,2024-05-13,3994.32,Auto,No,,3994.32,,,,
POL-291,CUST-4099,2024-06-27,1741.89,Life,Yes,1766.3,1741.89,Closed,False,,2024-06-28
POL-292,CUST-3868,2024-11-01,5637.69,Health,No,,5637.69,,,,
POL-293,CUST-7357,2024-10-27,730.17,Auto,No,,730.17,,,,
POL-294,CUST-1280,2024-11-22,6877.43,Auto,No,,6877.43,,,,
POL-295,CUST-4021,2024-05-19,6144.88,Life,No,,6144.88,,,,
POL-296,CUST-8616,2024-01-15,6600.76,Property,Yes,2029.05,6600.76,Closed,False,,2024-04-03
POL-297,CUST-8243,2023-09-18,416.03,Health,No,,416.03,,,,
POL-298,CUST-9884,2024-02-02,2967.87,Property,No,,2967.87,,,,
POL-299,CUST-7544,2024-12-09,7110.68,Health,No,,7110.68,,,,
POL-300,CUST-9492,2023-04-13,6318.38,Auto,No,,6318.38,,,,
POL-301,CUST-6720,2023-06-27,434.01,Health,No,,434.01,,,,
POL-302,CUST-5192,2024-11-08,6433.88,Property,No,,6433.88,,,,
POL-303,CUST-5776,2023-05-16,7732.48,Auto,No,,7732.48,,,,
POL-304,CUST-6421,2023-12-15,6741.26,Property,No,,6741.26,,,,
POL-305,CUST-2537,2024-04-07,3078.87,Auto,No,,3078.87,,,,
POL-306,CUST-6873,2023-07-07,6088.14,Auto,Yes,4124.47,6088.14,Closed,False,,2024-10-02
POL-307,CUST-6014,2023-06-26,6880.08,Health,No,,6880.08,,,,
POL-308,CUST-9464,2023-11-23,3553.54,Life,No,,3553.54,,,,
POL-309,CUST-4518,2023-12-07,3102.9,Auto,Yes,13715.61,3102.9,Closed,False,,2024-08-06
POL-310,CUST-9820,2023-09-07,7932.19,Property,No,,7932.19,,,,
POL-311,CUST-9747,2023-12-11,7480.69,Health,Yes,4666.7,7480.69,Closed,False,,2024-12-07
POL-312,CUST-4115,2024-05-16,5713.82,Auto,No,,5713.82,,,,
POL-313,CUST-5444,2024-02-02,4523.38,Health,Yes,2630.61,4523.38,Closed,False,,2024-10-29
POL-314,CUST-3596,2023-05-18,7295.05,Life,Yes,6980.29,7295.05,Open,False,,2025-06-20
POL-315,CUST-8280,2024-02-13,4919.94,Life,No,,4919.94,,,,
POL-316,CUST-8862,2023-09-29,5613.08,Property,Yes,3061.27,5613.08,Closed,False,,2024-02-01
POL-317,CUST-8266,2024-07-24,4363.17,Auto,No,,4363.17,,,,
POL-318,CUST-9402,2024-06-17,515.53,Life,No,,515.53,,,,
POL-319,CUST-1516,2023-04-26,3938.9,Auto,No,,3938.9,,,,
POL-320,CUST-8605,2024-07-23,3033.47,Auto,No,,3033.47,,,,
POL-321,CUST-7655,2024-10-13,685.16,Life,Yes,3204.7,685.16,Closed,False,,2025-01-29
POL-322,CUST-6768,2023-10-09,4678.39,Auto,No,,4678.39,,,,
POL-323,CUST-2725,2023-06-27,1418.31,Health,No,,1418.31,,,,
POL-324,CUST-2382,2024-02-14,1355.23,Health,Yes,13816.44,1355.23,Closed,False,,2025-04-14
POL-325,CUST-7114,2023-05-25,1013.85,Property,No,,1013.85,,,,
POL-326,CUST-5989,2023-05-08,7013.5,Auto,Yes,5092.45,7013.5,Closed,False,,2025-04-13
POL-327,CUST-2281,2024-10-22,1973.61,Auto,Yes,10023.92,1973.61,Closed,False,,2024-12-15
POL-328,CUST-5815,2023-06-02,7012.77,Life,No,,7012.77,,,,
POL-329,CUST-5052,2023-06-29,6627.29,Life,No,,6627.29,,,,
POL-330,CUST-1741,2023-11-10,639.47,Property,Yes,3708.81,639.47,Open,False,,2024-01-09
POL-331,CUST-2268,2024-08-31,6831.5,Property,No,,6831.5,,,,
POL-332,CUST-2643,2024-12-26,4180.35,Auto,No,,4180.35,,,,
POL-333,CUST-3663,2023-06-30,6868.33,Life,No,,6868.33,,,,
POL-334,CUST-1032,2023-11-30,6859.51,Health,No,,6859.51,,,,
POL-335,CUST-7887,2024-03-03,7652.11,Life,No,,7652.11,,,,
POL-336,CUST-1569,2023-11-28,7940.68,Life,No,,7940.68,,,,
POL-337,CUST-1344,2023-11-07,5270.07,Auto,No,,5270.07,,,,
POL-338,CUST-5716,2023-05-30,1665.26,Health,No,,1665.26,,,,
POL-339,CUST-7746,2024-01-10,1920.04,Property,Yes,33767.99,1920.04,Closed,False,,2025-08-23
POL-340,CUST-6665,2023-01-11,5007.8,Property,Yes,3860.86,5007.8,Closed,False,,2024-12-13
POL-341,CUST-6914,2024-02-15,3293.53,Health,Yes,6438.46,3293.53,Closed,False,,2025-11-26
POL-342,CUST-7760,2023-12-20,4895.28,Property,No,,4895.28,,,,
POL-343,CUST-1161,2024-09-30,5104.31,Health,Yes,10845.19,5104.31,Closed,False,,2025-01-21
POL-344,CUST-3784,2023-06-16,7738.82,Property,Yes,3729.33,7738.82,Closed,False,,2024-07-03
POL-345,CUST-5294,2023-02-19,2023.07,Health,No,,2023.07,,,,
POL-346,CUST-3327,2023-12-30,4045.62,Auto,Yes,13268.78,4045.62,Closed,True,ip_mismatch,2024-01-16
POL-347,CUST-2754,2024-05-06,4258.03,Auto,Yes,83867.8,4258.03,Open,False,,2024-08-18
POL-348,CUST-6759,2024-11-28,6062.89,Health,No,,6062.89,,,,
POL-349,CUST-9704,2024-02-16,2052.64,Health,No,,2052.64,,,,
POL-350,CUST-7232,2023-09-11,7083.42,Health,No,,7083.42,,,,
POL-351,CUST-7669,2023-11-24,2585.84,Health,Yes,2806.95,2585.84,Closed,False,,2025-11-10
POL-352,CUST-7733,2023-09-01,2369.82,Property,No,,2369.82,,,,
POL-353,CUST-5722,2023-05-04,2696.04,Health,No,,2696.04,,,,
POL-354,CUST-1562,2024-12-06,6110.25,Life,Yes,78437.85,6110.25,Closed,False,,2024-04-28
POL-355,CUST-9104,2023-11-29,2862.04,Property,Yes,3931.84,2862.04,Closed,False,,2025-07-14
POL-356,CUST-3091,2023-10-24,308.85,Health,No,,308.85,,,,
POL-357,CUST-1472,2023-09-30,439.51,Property,No,,439.51,,,,
POL-358,CUST-8900,2024-10-16,1842.26,Auto,No,,1842.26,,,,
POL-359,CUST-3404,2024-12-03,7272.75,Auto,Yes,6530.21,7272.75,Closed,False,,2025-01-24
POL-360,CUST-2952,2023-03-14,2064.75,Life,No,,2064.75,,,,
POL-361,CUST-1094,2024-11-14,7464.38,Property,No,,7464.38,,,,
POL-362,CUST-9049,2024-10-15,5992.45,Auto,Yes,9386.03,5992.45,Closed,False,,2024-03-12
POL-363,CUST-1060,2023-03-13,466.54,Life,Yes,3297.9,466.54,Open,False,,2025-06-26
POL-364,CUST-7001,2024-06-15,4260.08,Life,No,,4260.08,,,,
POL-365,CUST-7550,2024-05-04,3280.96,Auto,Yes,14338.29,3280.96,Open,False,,2025-11-26
POL-366,CUST-3718,2023-07-03,6041.39,Life,No,,6041.39,,,,
POL-367,CUST-5738,2024-06-25,7612.85,Health,No,,7612.85,,,,
POL-368,CUST-6121,2024-08-31,2265.95,Auto,No,,2265.95,,,,
POL-369,CUST-2261,2024-07-05,2398.99,Health,Yes,18389.6,2398.99,Open,False,,2024-01-25
POL-370,CUST-2817,2023-08-29,2420.18,Life,Yes,1879.01,2420.18,Closed,False,,2024-10-01
POL-371,CUST-8228,2023-03-03,7302.29,Auto,Yes,6711.87,7302.29,Closed,False,,2024-01-20
POL-372,CUST-8406,2023-02-12,2381.61,Auto,Yes,10375.64,2381.61,Closed,False,,2024-05-09
POL-373,CUST-4223,2023-03-21,2928.88,Health,No,,2928.88,,,,
POL-374,CUST-7526,2023-06-14,7304.14,Health,No,,7304.14,,,,
POL-375,CUST-9559,2024-10-09,7032.57,Auto,Yes,10317.5,7032.57,Closed,False,,2025-03-31
POL-376,CUST-2051,2024-02-04,3647.99,Life,No,,3647.99,,,,
POL-377,CUST-2274,2023-12-08,1512.0,Life,No,,1512.0,,,,
POL-378,CUST-2961,2023-05-13,1391.16,Property,No,,1391.16,,,,
POL-379,CUST-3154,2023-03-07,2510.86,Life,No,,2510.86,,,,
POL-380,CUST-8330,2023-08-29,4543.85,Health,Yes,7522.22,4543.85,Open,False,,2024-05-26
POL-381,CUST-4862,2024-05-07,6879.48,Auto,No,,6879.48,,,,
POL-382,CUST-5580,2024-09-20,2772.34,Health,No,,2772.34,,,,
POL-383,CUST-3736,2023-01-16,1524.15,Health,No,,1524.15,,,,
POL-384,CUST-7227,2023-06-30,5915.94,Life,No,,5915.94,,,,
POL-385,CUST-7216,2023-09-12,1760.52,Life,No,,1760.52,,,,
POL-386,CUST-8867,2023-10-17,6443.74,Property,No,,6443.74,,,,
POL-387,CUST-1587,2023-01-02,4024.41,Health,No,,4024.41,,,,
POL-388,CUST-9395,2023-01-26,1304.61,Auto,Yes,4754.69,1304.61,Closed,False,,2024-09-12
POL-389,CUST-6661,2023-01-17,5981.52,Auto,No,,5981.52,,,,
POL-390,CUST-2050,2023-07-02,2388.07,Auto,No,,2388.07,,,,
POL-391,CUST-7731,2024-02-24,7417.06,Health,No,,7417.06,,,,
POL-392,CUST-1522,2024-07-24,5745.37,Property,No,,5745.37,,,,
POL-393,CUST-3452,2024-02-06,4213.84,Auto,No,,4213.84,,,,
POL-394,CUST-2334,2023-06-17,732.57,Property,No,,732.57,,,,
POL-395,CUST-2085,2023-03-25,1787.36,Auto,No,,1787.36,,,,
POL-396,CUST-8826,2024-04-19,6842.75,Life,Yes,9555.95,6842.75,Closed,False,,2024-03-06
POL-397,CUST-2725,2023-11-02,3345.19,Health,Yes,5766.39,3345.19,Closed,False,,2024-06-15
POL-398,CUST-9616,2023-02-27,4207.04,Property,Yes,6423.94,4207.04,Closed,False,,2025-05-05
POL-399,CUST-6618,2023-03-03,2203.88,Health,No,,2203.88,,,,
POL-400,CUST-3916,2024-01-08,7867.83,Life,No,,7867.83,,,,
POL-401,CUST-9514,2024-08-14,6789.4,Auto,No,,6789.4,,,,
POL-402,CUST-8850,2023-06-04,614.52,Health,No,,614.52,,,,
POL-403,CUST-6518,2024-09-02,2461.59,Auto,No,,2461.59,,,,
POL-404,CUST-5352,2024-12-15,4171.47,Life,Yes,3246.56,4171.47,Open,False,,2024-12-02
POL-405,CUST-7748,2024-07-15,6141.15,Auto,Yes,4152.22,6141.15,Closed,False,,2025-08-05
POL-406,CUST-5838,2023-12-04,3058.77,Life,No,,3058.77,,,,
POL-407,CUST-1301,2024-08-01,2984.98,Life,Yes,2344.46,2984.98,Closed,False,,2024-04-20
POL-408,CUST-9131,2024-02-10,3062.06,Health,Yes,1764.7,3062.06,Closed,False,,2024-01-28
POL-409,CUST-5601,2024-09-26,2541.96,Life,No,,2541.96,,,,
POL-410,CUST-8375,2024-10-22,1381.92,Health,No,,1381.92,,,,
POL-411,CUST-9495,2023-06-16,1467.77,Health,No,,1467.77,,,,
POL-412,CUST-8089,2023-12-19,3733.51,Health,Yes,4437.84,3733.51,Open,False,,2025-09-18
POL-413,CUST-4820,2023-11-13,5572.66,Health,No,,5572.66,,,,
POL-414,CUST-5865,2024-08-04,4966.16,Auto,No,,4966.16,,,,
POL-415,CUST-9719,2023-01-06,2810.58,Life,No,,2810.58,,,,
POL-416,CUST-7546,2023-06-06,4744.65,Property,No,,4744.65,,,,
POL-417,CUST-7732,2024-06-15,6136.37,Auto,No,,6136.37,,,,
POL-418,CUST-5723,2023-09-07,3826.48,Auto,Yes,14529.39,3826.48,Closed,False,,2024-06-21
POL-419,CUST-3341,2024-03-19,3257.67,Life,No,,3257.67,,,,
POL-420,CUST-4414,2024-05-31,5018.0,Life,Yes,8710.58,5018.0,Closed,False,,2025-08-10
POL-421,CUST-5704,2024-11-23,7388.37,Health,No,,7388.37,,,,
POL-422,CUST-4011,2023-03-06,4982.51,Life,No,,4982.51,,,,
POL-423,CUST-2004,2024-06-19,7919.64,Life,No,,7919.64,,,,
POL-424,CUST-9198,2024-05-30,4645.65,Property,No,,4645.65,,,,
POL-425,CUST-5050,2024-04-08,4311.59,Property,No,,4311.59,,,,
POL-426,CUST-4905,2024-01-01,3745.63,Life,No,,3745.63,,,,
POL-427,CUST-7572,2023-02-04,3853.88,Health,No,,3853.88,,,,
POL-428,CUST-2900,2023-06-11,4144.14,Property,No,,4144.14,,,,
POL-429,CUST-5456,2024-08-12,2829.57,Property,Yes,12081.76,2829.57,Closed,False,,2024-01-08
POL-430,CUST-3382,2023-10-18,5771.65,Property,Yes,2088.28,5771.65,Closed,False,,2025-10-03
POL-431,CUST-1566,2023-02-18,3145.36,Auto,No,,3145.36,,,,
POL-432,CUST-3102,2023-11-08,1233.31,Auto,No,,1233.31,,,,
POL-433,CUST-8141,2023-03-29,2948.94,Health,No,,2948.94,,,,
POL-434,CUST-6991,2024-04-04,5971.27,Life,Yes,10039.36,5971.27,Closed,False,,2024-08-12
POL-435,CUST-4613,2024-12-20,1815.92,Property,Yes,5378.66,1815.92,Closed,False,,2024-02-19
POL-436,CUST-8581,2023-05-12,7257.32,Life,No,,7257.32,,,,
POL-437,CUST-5890,2024-04-10,2905.08,Property,No,,2905.08,,,,
POL-438,CUST-7379,2023-09-26,4396.75,Health,No,,4396.75,,,,
POL-439,CUST-5424,2023-10-26,2421.14,Life,No,,2421.14,,,,
POL-440,CUST-5472,2023-05-25,1261.63,Health,No,,1261.63,,,,
POL-441,CUST-9437,2023-11-29,4512.27,Auto,No,,4512.27,,,,
POL-442,CUST-8175,2023-12-30,4919.7,Property,No,,4919.7,,,,
POL-443,CUST-3005,2023-01-18,1021.79,Auto,Yes,4338.85,1021.79,Open,False,,2024-06-01
POL-444,CUST-2448,2023-06-28,7670.84,Auto,Yes,7558.41,7670.84,Open,False,,2025-07-09
POL-445,CUST-7740,2023-10-22,6797.51,Health,No,,6797.51,,,,
POL-446,CUST-6389,2024-07-06,7522.45,Auto,No,,7522.45,,,,
POL-447,CUST-6423,2024-06-05,4025.78,Health,No,,4025.78,,,,
POL-448,CUST-3352,2024-03-01,4871.46,Health,No,,4871.46,,,,
POL-449,CUST-7555,2023-08-08,1918.54,Auto,Yes,13017.83,1918.54,Closed,False,,2024-01-11
POL-450,CUST-8557,2023-07-05,828.1,Auto,No,,828.1,,,,
POL-451,CUST-7076,2024-06-12,5788.2,Health,No,,5788.2,,,,
POL-452,CUST-5182,2024-09-26,4320.27,Health,No,,4320.27,,,,
POL-453,CUST-3860,2023-11-27,7273.63,Auto,Yes,6064.07,7273.63,Closed,False,,2025-12-01
POL-454,CUST-3082,2024-09-07,5486.43,Auto,No,,5486.43,,,,
POL-455,CUST-8368,2023-08-21,5338.95,Auto,No,,5338.95,,,,
POL-456,CUST-7123,2024-01-09,5623.17,Health,Yes,41527.11,5623.17,Closed,False,,2025-09-09
POL-457,CUST-9034,2024-01-30,2669.48,Auto,No,,2669.48,,,,
POL-458,CUST-7212,2024-10-15,5900.59,Property,Yes,9939.13,5900.59,Closed,False,,2025-12-03
POL-459,CUST-3421,2023-10-01,5374.11,Property,Yes,6380.77,5374.11,Closed,False,,2025-04-28
POL-460,CUST-4999,2023-12-23,2197.97,Life,No,,2197.97,,,,
POL-461,CUST-3779,2024-11-24,1406.94,Health,No,,1406.94,,,,
POL-462,CUST-2374,2023-08-06,981.64,Life,No,,981.64,,,,
POL-463,CUST-8792,2023-07-15,4858.34,Life,No,,4858.34,,,,
POL-464,CUST-3875,2024-08-02,3634.73,Auto,No,,3634.73,,,,
POL-465,CUST-1463,2023-12-08,4561.18,Property,No,,4561.18,,,,
POL-466,CUST-3933,2024-11-26,4528.6,Auto,Yes,4293.06,4528.6,Closed,False,,2024-11-23
POL-467,CUST-1665,2023-07-07,2206.72,Life,Yes,24500.0,2206.72,Open,False,,2024-07-21
POL-468,CUST-2337,2023-02-07,2798.69,Property,No,,2798.69,,,,
POL-469,CUST-2411,2024-10-20,2142.54,Health,Yes,15745.02,2142.54,Closed,False,,2024-09-28
POL-470,CUST-7898,2023-05-07,6004.36,Health,No,,6004.36,,,,
POL-471,CUST-8570,2023-08-14,5687.2,Health,No,,5687.2,,,,
POL-472,CUST-5384,2023-07-20,3179.67,Life,No,,3179.67,,,,
POL-473,CUST-6009,2024-11-05,1862.66,Property,No,,1862.66,,,,
POL-474,CUST-3178,2023-07-24,4762.52,Property,No,,4762.52,,,,
POL-475,CUST-1110,2023-10-17,3878.91,Auto,No,,3878.91,,,,
POL-476,CUST-6741,2024-02-25,4068.04,Property,Yes,5040.66,4068.04,Closed,False,,2024-07-26
POL-477,CUST-3307,2024-06-18,4719.99,Property,No,,4719.99,,,,
POL-478,CUST-9593,2023-02-22,2268.74,Property,Yes,8913.48,2268.74,Closed,False,,2025-11-07
POL-479,CUST-4896,2024-12-12,2698.65,Life,No,,2698.65,,,,
POL-480,CUST-2359,2023-08-18,7282.92,Life,Yes,3671.05,7282.92,Closed,False,,2025-09-17
POL-481,CUST-5067,2024-02-27,3214.06,Auto,No,,3214.06,,,,
POL-482,CUST-5861,2023-07-18,1630.67,Property,No,,1630.67,,,,
POL-483,CUST-4161,2023-01-14,7383.99,Auto,No,,7383.99,,,,
POL-484,CUST-6951,2023-01-02,2830.8,Property,Yes,3485.77,2830.8,Open,False,,2024-07-04
POL-485,CUST-3333,2023-09-11,468.96,Auto,No,,468.96,,,,
POL-486,CUST-9829,2023-01-10,4882.25,Life,No,,4882.25,,,,
POL-487,CUST-1680,2024-04-17,6845.93,Auto,Yes,7383.97,6845.93,Open,False,,2024-02-28
POL-488,CUST-5324,2024-02-12,7016.65,Property,No,,7016.65,,,,
POL-489,CUST-5822,2024-11-19,602.62,Health,Yes,4142.06,602.62,Closed,False,,2024-03-12
POL-490,CUST-8551,2024-04-03,2902.69,Life,No,,2902.69,,,,
POL-491,CUST-2449,2024-01-27,5481.13,Property,Yes,6300.17,5481.13,Closed,False,,2025-05-03
POL-492,CUST-5166,2024-03-19,4216.54,Auto,No,,4216.54,,,,
POL-493,CUST-8710,2023-06-04,3966.66,Auto,No,,3966.66,,,,
POL-494,CUST-2095,2024-10-01,1407.07,Health,Yes,7434.71,1407.07,Closed,False,,2025-02-14
POL-495,CUST-4141,2024-05-10,4160.54,Life,Yes,5378.16,4160.54,Closed,False,,2025-01-07
POL-496,CUST-7057,2023-12-10,4911.26,Health,No,,4911.26,,,,
POL-497,CUST-3889,2024-05-20,5218.52,Auto,No,,5218.52,,,,
POL-498,CUST-2848,2024-05-19,4194.76,Health,No,,4194.76,,,,
POL-499,CUST-1344,2024-01-14,7392.24,Auto,Yes,5290.65,7392.24,Closed,False,,2025-09-10
POL-500,CUST-6028,2024-10-24,2313.59,Life,No,,2313.59,,,,
POL-501,CUST-4089,2024-06-07,3201.92,Life,Yes,8115.02,3201.92,Open,False,,2024-04-10
POL-502,CUST-5454,2023-02-21,1576.89,Life,Yes,5550.88,1576.89,Open,False,,2024-09-09
POL-503,CUST-1435,2024-02-23,7572.3,Auto,No,,7572.3,,,,
POL-504,CUST-2073,2024-03-17,7256.75,Health,No,,7256.75,,,,
POL-505,CUST-3593,2024-03-11,2609.7,Property,No,,2609.7,,,,
POL-506,CUST-8743,2023-06-04,2376.75,Auto,No,,2376.75,,,,
POL-507,CUST-6495,2023-04-30,6960.25,Health,No,,6960.25,,,,
POL-508,CUST-3669,2024-01-06,1617.24,Property,No,,1617.24,,,,
POL-509,CUST-4008,2023-10-16,4564.49,Health,No,,4564.49,,,,
POL-510,CUST-8555,2024-07-19,6970.98,Life,No,,6970.98,,,,
POL-511,CUST-2615,2023-07-20,6463.87,Property,Yes,10135.94,6463.87,Open,False,,2024-08-27
POL-512,CUST-3735,2023-08-07,5912.58,Life,No,,5912.58,,,,
POL-513,CUST-2116,2024-10-25,4648.65,Property,No,,4648.65,,,,
POL-514,CUST-3130,2023-03-15,5353.26,Health,No,,5353.26,,,,
POL-515,CUST-5279,2024-07-31,4590.12,Property,No,,4590.12,,,,
POL-516,CUST-6503,2024-04-19,4970.41,Property,No,,4970.41,,,,
POL-517,CUST-2985,2023-07-29,7570.57,Property,No,,7570.57,,,,
POL-518,CUST-3567,2023-09-02,436.83,Auto,No,,436.83,,,,
POL-519,CUST-2911,2024-12-11,7566.04,Life,Yes,9904.76,7566.04,Closed,False,,2024-08-24
POL-520,CUST-2340,2024-08-31,3770.29,Auto,No,,3770.29,,,,
POL-521,CUST-1752,2024-05-20,2910.84,Life,No,,2910.84,,,,
POL-522,CUST-9023,2024-10-28,3377.95,Auto,Yes,4075.74,3377.95,Closed,False,,2024-05-29
POL-523,CUST-2703,2023-01-06,6216.64,Auto,No,,6216.64,,,,
POL-524,CUST-3252,2024-11-23,2591.9,Property,No,,2591.9,,,,
POL-525,CUST-6833,2023-02-01,7319.01,Life,No,,7319.01,,,,
POL-526,CUST-6702,2023-10-25,5808.69,Property,No,,5808.69,,,,
POL-527,CUST-7119,2023-11-28,657.61,Auto,No,,657.61,,,,
POL-528,CUST-7323,2023-01-03,1779.87,Property,No,,1779.87,,,,
POL-529,CUST-6393,2024-08-15,5910.03,Life,No,,5910.03,,,,
POL-530,CUST-7796,2023-09-30,2970.93,Life,No,,2970.93,,,,
POL-531,CUST-4776,2023-10-10,4960.75,Life,No,,4960.75,,,,
POL-532,CUST-1735,2024-06-24,3730.47,Auto,No,,3730.47,,,,
POL-533,CUST-4131,2024-10-21,5679.98,Property,No,,5679.98,,,,
POL-534,CUST-3365,2024-10-22,6047.61,Life,Yes,52182.61,6047.61,Closed,False,,2024-03-07
POL-535,CUST-3171,2023-10-05,3277.07,Life,No,,3277.07,,,,
POL-536,CUST-9096,2024-10-18,4123.94,Auto,No,,4123.94,,,,
POL-537,CUST-3693,2023-06-27,6070.79,Health,Yes,3769.47,6070.79,Closed,False,,2025-07-12
POL-538,CUST-5631,2024-06-13,894.52,Life,No,,894.52,,,,
POL-539,CUST-3905,2023-11-24,3044.58,Property,Yes,4483.11,3044.58,Open,False,,2025-08-05
POL-540,CUST-8346,2023-10-16,1373.61,Life,No,,1373.61,,,,
POL-541,CUST-8406,2024-03-20,864.75,Property,Yes,13330.06,864.75,Closed,False,,2025-09-05
POL-542,CUST-7110,2024-08-18,7762.36,Auto,No,,7762.36,,,,
POL-543,CUST-1785,2024-12-10,3218.88,Health,No,,3218.88,,,,
POL-544,CUST-6665,2024-08-13,7344.62,Life,No,,7344.62,,,,
POL-545,CUST-9208,2023-02-16,735.3,Property,No,,735.3,,,,
POL-546,CUST-1915,2024-10-29,5523.89,Health,Yes,7904.41,5523.89,Closed,False,,2024-07-22
POL-547,CUST-4401,2024-12-26,5290.05,Property,No,,5290.05,,,,
POL-548,CUST-8851,2023-11-01,3198.41,Auto,Yes,4694.36,3198.41,Open,False,,2025-06-07
POL-549,CUST-7905,2024-04-05,5322.48,Property,No,,5322.48,,,,
POL-550,CUST-5637,2024-05-31,2091.69,Auto,No,,2091.69,,,,
POL-551,CUST-5774,2024-01-21,5259.4,Property,No,,5259.4,,,,
POL-552,CUST-2307,2023-04-09,4934.0,Life,No,,4934.0,,,,
POL-553,CUST-3757,2023-05-27,5124.31,Auto,No,,5124.31,,,,
POL-554,CUST-2993,2023-08-13,420.89,Health,Yes,2439.54,420.89,Closed,False,,2025-06-22
POL-555,CUST-3975,2023-08-23,2471.38,Life,Yes,10779.41,2471.38,Closed,False,,2024-10-19
POL-556,CUST-5842,2024-06-29,2563.34,Auto,Yes,14730.01,2563.34,Open,False,,2025-06-19
POL-557,CUST-1653,2024-07-14,6939.02,Health,No,,6939.02,,,,
POL-558,CUST-4373,2024-12-15,1345.58,Property,No,,1345.58,,,,
POL-559,CUST-7029,2023-02-26,2950.27,Health,No,,2950.27,,,,
POL-560,CUST-4571,2024-12-20,1349.63,Auto,No,,1349.63,,,,
POL-561,CUST-1007,2023-04-12,4779.68,Auto,No,,4779.68,,,,
POL-562,CUST-8546,2024-01-16,7199.42,Life,No,,7199.42,,,,
POL-563,CUST-4755,2024-10-11,5804.52,Auto,No,,5804.52,,,,
POL-564,CUST-5606,2023-10-06,280.83,Auto,No,,280.83,,,,
POL-565,CUST-6002,2024-09-21,2628.33,Health,No,,2628.33,,,,
POL-566,CUST-3348,2024-01-29,1401.5,Property,No,,1401.5,,,,
POL-567,CUST-8311,2023-09-07,4017.4,Health,No,,4017.4,,,,
POL-568,CUST-1761,2023-09-24,7293.65,Property,No,,7293.65,,,,
POL-569,CUST-6466,2023-09-24,1340.64,Health,Yes,113151.76,1340.64,Closed,True,identity_risk,2025-01-30
POL-570,CUST-4205,2024-07-08,5838.04,Life,No,,5838.04,,,,
POL-571,CUST-8903,2023-01-17,4880.55,Health,No,,4880.55,,,,
POL-572,CUST-3095,2024-09-02,5326.61,Health,No,,5326.61,,,,
POL-573,CUST-1512,2023-06-05,2116.1,Health,No,,2116.1,,,,
POL-574,CUST-6884,2023-02-10,561.42,Life,Yes,9637.83,561.42,Open,False,,2025-11-17
POL-575,CUST-1751,2023-11-09,7602.79,Auto,Yes,1842.86,7602.79,Closed,False,,2024-04-13
POL-576,CUST-1001,2024-07-24,2132.44,Property,Yes,4440.43,2132.44,Closed,False,,2024-01-18
POL-577,CUST-8619,2024-06-13,2830.96,Life,No,,2830.96,,,,
POL-578,CUST-1617,2023-08-21,555.37,Life,No,,555.37,,,,
POL-579,CUST-9989,2024-10-06,2131.66,Health,No,,2131.66,,,,
POL-580,CUST-6662,2023-06-18,7412.91,Health,Yes,18921.13,7412.91,Closed,False,,2025-04-09
POL-581,CUST-1471,2023-10-22,1913.86,Auto,No,,1913.86,,,,
POL-582,CUST-5743,2024-08-25,6191.88,Life,No,,6191.88,,,,
POL-583,CUST-5884,2023-06-14,3827.54,Auto,No,,3827.54,,,,
POL-584,CUST-9665,2023-12-20,1612.58,Auto,No,,1612.58,,,,
POL-585,CUST-2117,2023-12-31,1234.9,Auto,No,,1234.9,,,,
POL-586,CUST-2319,2024-11-12,5345.99,Life,No,,5345.99,,,,
POL-587,CUST-3346,2024-12-08,464.2,Property,No,,464.2,,,,
POL-588,CUST-8035,2024-10-06,498.78,Property,No,,498.78,,,,
POL-589,CUST-7664,2023-02-12,2936.57,Property,No,,2936.57,,,,
POL-590,CUST-9593,2024-04-15,4731.16,Life,No,,4731.16,,,,
POL-591,CUST-5628,2023-09-26,492.08,Life,No,,492.08,,,,
POL-592,CUST-8912,2024-12-10,4034.53,Property,Yes,4939.31,4034.53,Open,False,,2024-02-22
POL-593,CUST-9616,2023-01-04,5143.47,Health,No,,5143.47,,,,
POL-594,CUST-5752,2023-02-26,4689.97,Property,Yes,5106.39,4689.97,Closed,False,,2024-12-08
POL-595,CUST-1951,2024-06-03,2280.81,Health,Yes,4794.03,2280.81,Closed,False,,2025-04-21
POL-596,CUST-2974,2023-09-27,4925.52,Property,Yes,6086.4,4925.52,Closed,False,,2024-02-01
POL-597,CUST-6461,2023-05-20,6391.06,Life,No,,6391.06,,,,
POL-598,CUST-4131,2023-03-21,6589.19,Health,No,,6589.19,,,,
POL-599,CUST-9713,2023-08-14,3558.12,Property,Yes,3891.02,3558.12,Closed,False,,2024-11-22
POL-600,CUST-7676,2023-11-27,7178.32,Property,No,,7178.32,,,,
POL-601,CUST-8972,2024-03-03,2645.27,Health,No,,2645.27,,,,
POL-602,CUST-1220,2024-03-02,3044.4,Property,No,,3044.4,,,,
POL-603,CUST-1251,2024-11-25,7689.49,Life,No,,7689.49,,,,
POL-604,CUST-6634,2023-06-28,1453.85,Health,Yes,2102.34,1453.85,Open,False,,2024-01-22
POL-605,CUST-7869,2024-03-05,3333.23,Property,No,,3333.23,,,,
POL-606,CUST-8261,2023-09-13,3989.06,Property,No,,3989.06,,,,
POL-607,CUST-3483,2024-07-02,2353.92,Property,No,,2353.92,,,,
POL-608,CUST-8626,2023-10-13,4625.05,Health,No,,4625.05,,,,
POL-609,CUST-9511,2024-01-10,4987.71,Life,Yes,1917.06,4987.71,Closed,False,,2025-01-22
POL-610,CUST-3779,2023-05-06,4558.84,Property,Yes,2201.64,4558.84,Closed,False,,2025-09-20
POL-611,CUST-9035,2024-04-06,6024.38,Life,No,,6024.38,,,,
POL-612,CUST-6476,2024-02-27,3884.71,Health,No,,3884.71,,,,
POL-613,CUST-8735,2024-11-09,2477.76,Health,No,,2477.76,,,,
POL-614,CUST-3435,2024-06-19,4598.2,Life,No,,4598.2,,,,
POL-615,CUST-6172,2024-03-20,6145.8,Life,No,,6145.8,,,,
POL-616,CUST-2779,2023-03-17,4935.1,Health,No,,4935.1,,,,
POL-617,CUST-7947,2023-11-03,5772.16,Auto,No,,5772.16,,,,
POL-618,CUST-9708,2023-04-11,1278.32,Auto,No,,1278.32,,,,
POL-619,CUST-1027,2023-09-22,471.4,Auto,Yes,7875.31,471.4,Closed,False,,2025-01-21
POL-620,CUST-1047,2024-10-03,2884.0,Auto,No,,2884.0,,,,
POL-621,CUST-2362,2023-09-26,6365.13,Property,Yes,5684.93,6365.13,Closed,False,,2025-09-23
POL-622,CUST-3532,2024-12-12,7954.24,Property,No,,7954.24,,,,
POL-623,CUST-3385,2024-02-23,6894.8,Health,No,,6894.8,,,,
POL-624,CUST-3461,2024-07-25,1901.73,Auto,No,,1901.73,,,,
POL-625,CUST-6755,2024-08-29,4811.42,Property,No,,4811.42,,,,
POL-626,CUST-1838,2024-02-18,6193.0,Health,Yes,9093.45,6193.0,Closed,False,,2024-03-09
POL-627,CUST-2336,2023-08-24,5631.4,Health,Yes,69366.69,5631.4,Open,False,,2024-12-07
POL-628,CUST-1596,2023-09-03,4881.18,Auto,No,,4881.18,,,,
POL-629,CUST-3786,2023-08-15,6703.57,Health,No,,6703.57,,,,
POL-630,CUST-1769,2023-08-28,2860.11,Life,Yes,4702.27,2860.11,Open,False,,2025-03-07
POL-631,CUST-1259,2023-12-16,3919.68,Auto,No,,3919.68,,,,
POL-632,CUST-2955,2024-07-30,1451.13,Property,No,,1451.13,,,,
POL-633,CUST-1333,2024-05-21,4555.37,Life,No,,4555.37,,,,
POL-634,CUST-2163,2023-10-03,6487.03,Life,No,,6487.03,,,,
POL-635,CUST-8685,2023-10-04,7471.27,Auto,No,,7471.27,,,,
POL-636,CUST-8016,2024-03-03,1406.0,Health,No,,1406.0,,,,
POL-637,CUST-7025,2024-02-13,5096.55,Health,No,,5096.55,,,,
POL-638,CUST-4267,2024-11-10,7178.04,Life,No,,7178.04,,,,
POL-639,CUST-6890,2024-09-22,7162.78,Auto,No,,7162.78,,,,
POL-640,CUST-2048,2024-07-08,726.87,Property,Yes,5476.67,726.87,Closed,False,,2024-07-23
POL-641,CUST-2820,2023-08-06,5766.06,Auto,No,,5766.06,,,,
POL-642,CUST-7603,2024-08-04,6207.75,Property,No,,6207.75,,,,
POL-643,CUST-4909,2024-05-20,4762.3,Auto,No,,4762.3,,,,
POL-644,CUST-8497,2023-04-17,4075.03,Health,No,,4075.03,,,,
POL-645,CUST-5029,2024-02-06,2383.4,Health,Yes,108211.41,2383.4,Open,False,,2024-05-27
POL-646,CUST-5056,2023-08-29,1163.26,Health,Yes,9345.8,1163.26,Closed,False,,2024-07-08
POL-647,CUST-1303,2024-11-09,4431.4,Health,No,,4431.4,,,,
POL-648,CUST-3761,2024-08-28,1017.95,Property,Yes,7360.84,1017.95,Closed,False,,2024-10-18
POL-649,CUST-8830,2023-04-24,3135.69,Health,Yes,8600.16,3135.69,Closed,False,,2025-08-09
POL-650,CUST-5443,2023-06-20,2751.85,Property,No,,2751.85,,,,
POL-651,CUST-3987,2024-08-20,4825.06,Auto,No,,4825.06,,,,
POL-652,CUST-3760,2023-04-16,7589.51,Health,No,,7589.51,,,,
POL-653,CUST-4116,2024-06-29,6717.98,Property,No,,6717.98,,,,
POL-654,CUST-5619,2023-05-03,2610.23,Life,No,,2610.23,,,,
POL-655,CUST-8540,2023-04-08,1136.76,Life,No,,1136.76,,,,
POL-656,CUST-5604,2024-01-11,6121.54,Property,No,,6121.54,,,,
POL-657,CUST-4624,2023-02-24,7148.77,Property,Yes,7439.98,7148.77,Closed,False,,2024-11-15
POL-658,CUST-3674,2023-09-10,6744.04,Health,No,,6744.04,,,,
POL-659,CUST-3674,2024-11-18,4551.34,Health,Yes,12010.67,4551.34,Closed,False,,2025-10-18
POL-660,CUST-2527,2024-11-24,5074.94,Health,No,,5074.94,,,,
POL-661,CUST-6209,2023-05-21,4298.91,Health,No,,4298.91,,,,
POL-662,CUST-3022,2023-08-07,5849.65,Life,No,,5849.65,,,,
POL-663,CUST-6937,2024-06-16,5404.73,Auto,No,,5404.73,,,,
POL-664,CUST-6525,2024-12-14,5686.72,Property,No,,5686.72,,,,
POL-665,CUST-5784,2024-10-02,1594.53,Property,No,,1594.53,,,,
POL-666,CUST-7794,2024-09-28,6062.08,Property,No,,6062.08,,,,
POL-667,CUST-7394,2023-12-26,6472.89,Auto,Yes,83545.29,6472.89,Closed,False,,2025-05-04
POL-668,CUST-7749,2024-01-28,5605.75,Property,No,,5605.75,,,,
POL-669,CUST-4851,2023-07-27,1444.45,Auto,No,,1444.45,,,,
POL-670,CUST-9957,2024-11-10,7961.38,Auto,No,,7961.38,,,,
POL-671,CUST-9207,2023-11-24,3361.28,Life,No,,3361.28,,,,
POL-672,CUST-5427,2023-03-20,5111.71,Health,No,,5111.71,,,,
POL-673,CUST-1431,2024-07-09,2336.56,Auto,Yes,12814.41,2336.56,Closed,False,,2025-12-08
POL-674,CUST-9804,2023-10-06,2447.49,Auto,Yes,93101.83,2447.49,Closed,False,,2024-02-29
POL-675,CUST-5431,2023-07-27,5834.03,Property,No,,5834.03,,,,
POL-676,CUST-6016,2023-06-05,5537.99,Property,No,,5537.99,,,,
POL-677,CUST-1928,2023-10-30,5664.29,Property,Yes,11615.24,5664.29,Closed,False,,2024-10-24
POL-678,CUST-6387,2024-11-23,1934.89,Life,No,,1934.89,,,,
POL-679,CUST-5397,2023-04-09,698.07,Property,No,,698.07,,,,
POL-680,CUST-1845,2023-05-27,3357.6,Health,No,,3357.6,,,,
POL-681,CUST-1155,2024-08-10,2841.92,Auto,No,,2841.92,,,,
POL-682,CUST-9333,2023-04-14,3438.71,Auto,No,,3438.71,,,,
POL-683,CUST-4875,2024-06-20,6811.11,Property,No,,6811.11,,,,
POL-684,CUST-8109,2023-07-27,6638.93,Auto,No,,6638.93,,,,
POL-685,CUST-9909,2024-02-09,721.76,Auto,No,,721.76,,,,
POL-686,CUST-4048,2023-06-05,4046.36,Health,Yes,2284.21,4046.36,Closed,False,,2025-09-06
POL-687,CUST-6799,2023-01-04,2755.46,Property,Yes,1529.66,2755.46,Closed,False,,2024-07-29
POL-688,CUST-1578,2024-03-11,1852.92,Life,No,,1852.92,,,,
POL-689,CUST-5270,2024-08-31,2342.81,Property,No,,2342.81,,,,
POL-690,CUST-3228,2024-02-16,2095.23,Life,No,,2095.23,,,,
POL-691,CUST-6023,2024-02-12,5310.81,Life,No,,5310.81,,,,
POL-692,CUST-6083,2024-10-08,2935.53,Life,No,,2935.53,,,,
POL-693,CUST-1707,2023-11-02,823.38,Property,No,,823.38,,,,
POL-694,CUST-4661,2024-01-26,404.59,Health,Yes,2857.62,404.59,Closed,False,,2024-02-03
POL-695,CUST-3090,2023-12-24,4500.22,Life,No,,4500.22,,,,
POL-696,CUST-3882,2023-03-21,7434.63,Health,No,,7434.63,,,,
POL-697,CUST-6378,2024-05-18,3227.1,Property,No,,3227.1,,,,
POL-698,CUST-5636,2023-09-04,6929.65,Health,No,,6929.65,,,,
POL-699,CUST-6791,2024-11-24,3380.46,Property,No,,3380.46,,,,
POL-700,CUST-8517,2023-04-04,2864.53,Life,No,,2864.53,,,,
POL-701,CUST-4968,2023-04-04,241.85,Health,No,,241.85,,,,
POL-702,CUST-3405,2023-03-02,3775.12,Property,No,,3775.12,,,,
POL-703,CUST-8315,2023-02-15,3710.75,Life,No,,3710.75,,,,
POL-704,CUST-8614,2023-10-05,1598.33,Property,No,,1598.33,,,,
POL-705,CUST-3904,2023-06-04,1803.89,Property,Yes,4498.54,1803.89,Open,False,,2024-11-12
POL-706,CUST-4793,2024-09-28,2592.47,Auto,No,,2592.47,,,,
POL-707,CUST-2618,2024-08-16,6693.06,Health,No,,6693.06,,,,
POL-708,CUST-6930,2023-12-18,3330.29,Life,No,,3330.29,,,,
POL-709,CUST-6677,2024-03-08,3383.82,Auto,No,,3383.82,,,,
POL-710,CUST-8388,2023-01-06,5651.14,Property,No,,5651.14,,,,
POL-711,CUST-5618,2024-01-18,5596.48,Health,No,,5596.48,,,,
POL-712,CUST-8352,2023-03-29,1591.66,Auto,Yes,6317.77,1591.66,Closed,False,,2024-12-13
POL-713,CUST-1653,2023-02-07,4563.19,Property,No,,4563.19,,,,
POL-714,CUST-3999,2023-09-09,5514.23,Life,Yes,7495.68,5514.23,Closed,False,,2024-03-30
POL-715,CUST-3466,2023-08-26,6400.9,Health,No,,6400.9,,,,
POL-716,CUST-8950,2023-05-29,2652.34,Auto,No,,2652.34,,,,
POL-717,CUST-6036,2024-03-15,4669.06,Health,No,,4669.06,,,,
POL-718,CUST-7513,2023-08-21,1765.3,Life,No,,1765.3,,,,
POL-719,CUST-2405,2023-04-08,6536.98,Health,Yes,11317.51,6536.98,Closed,False,,2025-07-09
POL-720,CUST-7713,2024-04-24,4463.16,Auto,Yes,1444.81,4463.16,Closed,False,,2024-09-04
POL-721,CUST-6021,2023-12-05,3614.94,Health,Yes,82712.71,3614.94,Closed,False,,2025-08-20
POL-722,CUST-5450,2023-03-09,2288.76,Health,Yes,8478.28,2288.76,Closed,False,,2024-01-05
POL-723,CUST-9838,2024-03-19,1833.27,Property,Yes,3506.5,1833.27,Closed,False,,2024-11-28
POL-724,CUST-7839,2023-08-05,204.12,Auto,Yes,29151.22,204.12,Open,False,,2024-08-14
POL-725,CUST-5267,2024-06-02,5450.17,Auto,No,,5450.17,,,,
POL-726,CUST-9091,2024-11-12,453.1,Life,No,,453.1,,,,
POL-727,CUST-5595,2024-07-21,5524.05,Auto,No,,5524.05,,,,
POL-728,CUST-1045,2024-05-29,1981.82,Life,No,,1981.82,,,,
POL-729,CUST-7220,2024-05-03,3447.49,Auto,Yes,6036.29,3447.49,Closed,False,,2025-06-21
POL-730,CUST-1697,2024-05-12,3852.82,Property,Yes,7597.59,3852.82,Open,False,,2024-04-17
POL-731,CUST-2724,2024-05-05,4078.23,Health,No,,4078.23,,,,
POL-732,CUST-7988,2024-04-26,6406.34,Health,No,,6406.34,,,,
POL-733,CUST-9055,2023-03-09,4767.88,Life,No,,4767.88,,,,
POL-734,CUST-7018,2024-10-30,5310.86,Property,Yes,9302.04,5310.86,Closed,False,,2024-08-21
POL-735,CUST-5229,2024-08-15,7337.88,Property,Yes,6986.67,7337.88,Open,False,,2024-04-09
POL-736,CUST-4406,2024-06-14,1324.77,Health,No,,1324.77,,,,
POL-737,CUST-2629,2024-10-23,5722.13,Auto,No,,5722.13,,,,
POL-738,CUST-9859,2023-05-30,5820.5,Life,No,,5820.5,,,,
POL-739,CUST-6200,2024-09-09,399.5,Health,No,,399.5,,,,
POL-740,CUST-9666,2023-09-11,4342.61,Auto,No,,4342.61,,,,
POL-741,CUST-3849,2023-06-16,3003.51,Health,Yes,16720.01,3003.51,Closed,False,,2025-06-06
POL-742,CUST-6598,2023-04-19,3728.1,Property,No,,3728.1,,,,
POL-743,CUST-6794,2023-09-07,4623.36,Life,No,,4623.36,,,,
POL-744,CUST-3331,2024-11-11,4895.68,Life,No,,4895.68,,,,
POL-745,CUST-3792,2024-03-20,5759.06,Health,Yes,11585.61,5759.06,Closed,False,,2024-12-10
POL-746,CUST-1803,2023-04-26,2052.66,Health,No,,2052.66,,,,
POL-747,CUST-4232,2024-02-16,5529.15,Life,No,,5529.15,,,,
POL-748,CUST-4971,2024-04-06,6808.45,Health,Yes,3361.53,6808.45,Open,False,,2025-05-16
POL-749,CUST-4648,2024-12-27,3465.69,Auto,No,,3465.69,,,,
POL-750,CUST-7572,2023-10-03,1089.3,Health,No,,1089.3,,,,
POL-751,CUST-6370,2024-07-30,3233.11,Health,No,,3233.11,,,,
POL-752,CUST-5043,2023-09-02,6431.73,Health,Yes,18863.14,6431.73,Closed,False,,2024-07-10
POL-753,CUST-2013,2023-10-21,1540.63,Property,No,,1540.63,,,,
POL-754,CUST-4239,2024-09-07,6338.42,Auto,No,,6338.42,,,,
POL-755,CUST-8833,2023-02-05,4813.07,Health,No,,4813.07,,,,
POL-756,CUST-9087,2024-12-12,7066.44,Property,No,,7066.44,,,,
POL-757,CUST-6534,2023-10-26,465.08,Health,No,,465.08,,,,
POL-758,CUST-7439,2023-10-17,3556.38,Auto,Yes,3826.47,3556.38,Open,False,,2025-02-01
POL-759,CUST-2298,2023-09-14,4049.45,Auto,No,,4049.45,,,,
POL-760,CUST-2382,2024-04-25,5740.93,Auto,No,,5740.93,,,,
POL-761,CUST-6163,2024-01-21,2212.74,Property,No,,2212.74,,,,
POL-762,CUST-9095,2024-12-27,3921.81,Property,No,,3921.81,,,,
POL-763,CUST-2734,2024-05-27,2795.19,Health,No,,2795.19,,,,
POL-764,CUST-4526,2023-04-18,6373.47,Health,Yes,11642.39,6373.47,Closed,False,,2025-03-29
POL-765,CUST-5214,2024-05-23,4995.77,Health,No,,4995.77,,,,
POL-766,CUST-2580,2024-09-29,842.96,Life,No,,842.96,,,,
POL-767,CUST-8173,2023-11-13,4759.85,Health,No,,4759.85,,,,
POL-768,CUST-3600,2024-03-17,2796.34,Life,No,,2796.34,,,,
POL-769,CUST-1815,2023-08-20,1072.81,Health,No,,1072.81,,,,
POL-770,CUST-2478,2024-01-24,6341.9,Auto,No,,6341.9,,,,
POL-771,CUST-3239,2024-06-06,7125.6,Property,No,,7125.6,,,,
POL-772,CUST-7365,2024-07-04,3492.9,Life,Yes,4915.34,3492.9,Closed,False,,2024-08-09
POL-773,CUST-6779,2024-06-17,1989.84,Property,No,,1989.84,,,,
POL-774,CUST-8556,2023-11-19,3736.88,Auto,No,,3736.88,,,,
POL-775,CUST-7883,2024-06-24,4324.91,Auto,No,,4324.91,,,,
POL-776,CUST-1954,2023-04-05,7239.98,Health,No,,7239.98,,,,
POL-777,CUST-7447,2024-05-15,6284.08,Health,Yes,4074.75,6284.08,Closed,False,,2024-08-04
POL-778,CUST-1338,2023-01-19,5432.42,Health,No,,5432.42,,,,
POL-779,CUST-5270,2024-01-16,4461.39,Property,No,,4461.39,,,,
POL-780,CUST-3758,2024-06-17,4474.49,Health,Yes,3485.04,4474.49,Closed,False,,2024-12-03
POL-781,CUST-1697,2023-02-07,4755.97,Life,No,,4755.97,,,,
POL-782,CUST-9332,2023-04-07,743.18,Property,No,,743.18,,,,
POL-783,CUST-8155,2024-04-19,5579.35,Life,No,,5579.35,,,,
POL-784,CUST-5630,2023-09-22,3001.92,Auto,Yes,9944.14,3001.92,Closed,False,,2025-03-19
POL-785,CUST-5879,2023-10-15,7278.89,Auto,Yes,5662.49,7278.89,Open,False,,2024-12-29
POL-786,CUST-5396,2023-05-16,4196.89,Life,No,,4196.89,,,,
POL-787,CUST-4032,2023-12-04,5895.19,Auto,No,,5895.19,,,,
POL-788,CUST-8886,2023-12-14,3735.26,Life,Yes,12793.14,3735.26,Closed,False,,2024-06-07
POL-789,CUST-3707,2023-02-25,7768.02,Life,Yes,8623.98,7768.02,Closed,False,,2025-08-21
POL-790,CUST-9878,2024-10-25,3505.17,Property,No,,3505.17,,,,
POL-791,CUST-5062,2024-01-29,3540.21,Health,No,,3540.21,,,,
POL-792,CUST-7191,2024-06-13,7117.61,Property,No,,7117.61,,,,
POL-793,CUST-4570,2023-01-09,2179.68,Health,Yes,115179.99,2179.68,Closed,False,,2025-07-27
POL-794,CUST-1987,2024-09-04,5673.57,Life,Yes,5391.68,5673.57,Closed,False,,2024-06-03
POL-795,CUST-5966,2024-03-10,444.91,Auto,Yes,3045.05,444.91,Closed,False,,2025-06-08
POL-796,CUST-6290,2024-05-28,2159.11,Life,No,,2159.11,,,,
POL-797,CUST-6734,2023-02-02,2234.23,Property,No,,2234.23,,,,
POL-798,CUST-6107,2023-02-23,3574.88,Auto,No,,3574.88,,,,
POL-799,CUST-8662,2023-10-07,5709.64,Life,Yes,39261.74,5709.64,Closed,False,,2025-10-01
POL-800,CUST-9397,2023-04-28,885.88,Health,Yes,4463.61,885.88,Closed,False,,2024-03-06
POL-801,CUST-7371,2023-10-08,1708.67,Health,Yes,7782.88,1708.67,Closed,False,,2025-08-06
POL-802,CUST-7230,2023-07-06,2207.3,Property,No,,2207.3,,,,
POL-803,CUST-3225,2023-05-20,6755.02,Property,No,,6755.02,,,,
POL-804,CUST-5862,2023-02-22,749.09,Life,Yes,3305.84,749.09,Closed,False,,2024-04-13
POL-805,CUST-9933,2023-02-20,2439.26,Life,Yes,9485.93,2439.26,Closed,False,,2025-09-26
POL-806,CUST-1866,2023-03-10,7816.6,Auto,No,,7816.6,,,,
POL-807,CUST-5183,2023-10-29,4739.87,Life,No,,4739.87,,,,
POL-808,CUST-3224,2023-07-06,4852.91,Life,No,,4852.91,,,,
POL-809,CUST-7133,2024-08-14,5837.53,Auto,No,,5837.53,,,,
POL-810,CUST-3495,2023-06-30,1392.26,Property,No,,1392.26,,,,
POL-811,CUST-4327,2023-10-25,742.62,Property,No,,742.62,,,,
POL-812,CUST-7896,2023-04-24,7951.23,Auto,No,,7951.23,,,,
POL-813,CUST-2210,2023-09-23,1192.27,Life,No,,1192.27,,,,
POL-814,CUST-9233,2024-12-25,4620.25,Life,No,,4620.25,,,,
POL-815,CUST-2560,2024-12-06,6218.88,Health,No,,6218.88,,,,
POL-816,CUST-8856,2023-07-15,1444.29,Auto,Yes,3033.39,1444.29,Closed,False,,2024-11-23
POL-817,CUST-4944,2023-10-19,2059.75,Health,Yes,5678.53,2059.75,Closed,False,,2025-12-12
POL-818,CUST-9474,2024-08-19,5581.88,Auto,No,,5581.88,,,,
POL-819,CUST-7101,2023-10-17,4011.38,Auto,Yes,2044.79,4011.38,Closed,False,,2024-04-10
POL-820,CUST-4130,2023-02-26,1955.93,Health,Yes,7942.26,1955.93,Closed,False,,2025-05-18
POL-821,CUST-4534,2023-12-03,569.95,Auto,No,,569.95,,,,
POL-822,CUST-7026,2024-09-04,3629.81,Health,No,,3629.81,,,,
POL-823,CUST-3252,2024-04-02,1924.21,Health,No,,1924.21,,,,
POL-824,CUST-8525,2024-05-03,2334.19,Health,No,,2334.19,,,,
POL-825,CUST-1355,2023-06-04,1993.73,Life,Yes,2404.93,1993.73,Closed,False,,2024-08-31
POL-826,CUST-4148,2023-02-24,630.48,Auto,Yes,6385.26,630.48,Closed,False,,2025-06-03
