claim_id,patient_id,service_date,claim_amount,provider,diagnosis,provider_id,claim_status,is_denied,charge_amount,paid_amount,diagnosis_code
CL-1,PAT-2512,2024-10-04,5227.22,Clinic,Neuro,PROV-003,paid,0,6879.78,3925.4,D145
CL-2,PAT-7176,2023-05-16,3331.67,Clinic,Ortho,PROV-002,pending,0,4300.17,223.24,D045
CL-3,PAT-4600,2023-04-01,14510.06,Lab,Cardio,PROV-002,paid,0,23369.99,9949.61,D027
CL-4,PAT-7216,2024-12-18,8089.52,Clinic,General,PROV-019,paid,0,12079.98,4514.25,D157
CL-5,PAT-6944,2024-11-15,4982.57,Lab,Ortho,PROV-018,paid,0,6653.02,4207.69,D107
CL-6,PAT-3779,2023-06-10,9072.78,Lab,General,PROV-001,paid,0,10577.54,5086.5,D022
CL-7,PAT-6190,2023-04-02,12733.07,Hospital,Cardio,PROV-002,paid,0,15373.21,12906.38,D018
CL-8,PAT-1023,2024-07-10,11963.56,Hospital,General,PROV-009,pending,0,19248.79,1030.1,D082
CL-9,PAT-4357,2024-03-16,1147.12,Lab,Ortho,PROV-011,paid,0,1360.92,697.29,D185
CL-10,PAT-9155,2023-12-18,4620.2,Lab,Cardio,PROV-004,paid,0,6494.41,2833.51,D145
CL-11,PAT-6337,2024-12-02,11109.2,Clinic,Ortho,PROV-004,paid,0,14418.86,7796.32,D008
CL-12,PAT-5661,2023-01-10,396.53,Lab,Cardio,PROV-012,paid,0,583.35,319.97,D072
CL-13,PAT-6648,2024-01-06,8335.88,Lab,Ortho,PROV-004,paid,0,10895.32,8108.52,D014
CL-14,PAT-8219,2024-02-08,9022.86,Lab,General,PROV-023,paid,0,13591.11,8885.25,D119
CL-15,PAT-4314,2023-04-16,1265.87,Hospital,Ortho,PROV-003,paid,0,1958.38,772.33,D102
CL-16,PAT-6340,2023-03-28,2179.55,Clinic,Cardio,PROV-001,paid,0,3237.24,1782.46,D138
CL-17,PAT-6471,2023-09-03,10804.4,Lab,Cardio,PROV-002,paid,0,16581.81,8116.8,D135
CL-18,PAT-5794,2023-08-31,9241.36,Lab,Ortho,PROV-001,paid,0,14849.04,9054.03,D113
CL-19,PAT-7363,2023-02-01,12806.04,Hospital,Cardio,PROV-022,pending,0,15212.42,2629.77,D118
CL-20,PAT-2505,2023-08-21,13884.41,Clinic,Cardio,PROV-008,paid,0,22065.83,9142.53,D140
CL-21,PAT-1209,2024-12-22,8449.61,Hospital,General,PROV-002,paid,0,12874.97,8001.47,D188
CL-22,PAT-4745,2023-06-27,11347.65,Lab,Neuro,PROV-001,paid,0,18044.97,11304.29,D088
CL-23,PAT-4566,2023-10-02,4830.64,Lab,Cardio,PROV-018,paid,0,6990.58,5065.31,D171
CL-24,PAT-8775,2024-02-04,11019.22,Hospital,Ortho,PROV-003,pending,0,17478.53,710.87,D142
CL-25,PAT-9608,2024-05-23,6055.68,Clinic,Ortho,PROV-002,paid,0,7125.74,5751.37,D005
CL-26,PAT-3469,2024-03-26,10771.35,Clinic,General,PROV-003,paid,0,16068.7,8236.37,D020
CL-27,PAT-1337,2023-03-29,11815.85,Clinic,General,PROV-002,paid,0,17891.93,12339.39,D056
CL-28,PAT-2293,2024-10-18,4028.59,Hospital,Cardio,PROV-001,paid,0,6634.13,2982.64,D179
CL-29,PAT-4973,2024-06-01,10432.87,Hospital,Cardio,PROV-001,paid,0,12397.34,6649.36,D129
CL-30,PAT-2667,2023-07-08,6875.22,Clinic,General,PROV-001,pending,0,8628.39,733.78,D172
CL-31,PAT-6776,2024-03-20,2404.29,Lab,Cardio,PROV-006,paid,0,3121.56,1797.17,D033
CL-32,PAT-3310,2024-06-18,5523.87,Hospital,General,PROV-003,paid,0,8124.66,3845.38,D197
CL-33,PAT-3072,2024-09-18,5996.12,Hospital,Neuro,PROV-002,paid,0,7887.61,4850.23,D192
CL-34,PAT-1685,2024-11-15,14587.74,Clinic,General,PROV-004,paid,0,16807.92,13816.12,D023
CL-35,PAT-9532,2024-08-26,5621.33,Hospital,Neuro,PROV-007,paid,0,7198.78,5718.52,D018
CL-36,PAT-6450,2024-06-23,11629.67,Clinic,General,PROV-002,paid,0,15059.23,12161.97,D165
CL-37,PAT-7725,2023-06-09,6996.31,Clinic,Cardio,PROV-001,paid,0,11138.87,6069.05,D158
CL-38,PAT-5710,2024-05-02,2105.38,Clinic,Neuro,PROV-009,paid,0,2955.09,2168.56,D143
CL-39,PAT-2384,2023-04-19,5682.43,Lab,General,PROV-002,denied,1,8733.93,0.0,D118
CL-40,PAT-5800,2023-03-12,14976.41,Hospital,Cardio,PROV-018,paid,0,18591.92,11569.65,D046
CL-41,PAT-9669,2023-06-25,11728.97,Hospital,Ortho,PROV-004,paid,0,14452.5,7959.31,D087
CL-42,PAT-8002,2024-03-17,4235.23,Lab,Cardio,PROV-025,denied,1,6575.08,0.0,D098
CL-43,PAT-6785,2023-10-22,5871.7,Lab,Neuro,PROV-002,paid,0,8267.1,5545.94,D111
CL-44,PAT-6445,2023-09-24,6160.75,Clinic,Neuro,PROV-001,pending,0,9691.0,1850.18,D185
CL-45,PAT-9359,2024-04-15,972.12,Clinic,Neuro,PROV-001,paid,0,1444.79,980.11,D044
CL-46,PAT-7914,2023-12-12,268.5,Hospital,General,PROV-024,paid,0,360.31,212.62,D019
CL-47,PAT-5756,2023-07-20,1754.29,Clinic,Cardio,PROV-010,denied,1,2389.95,0.0,D154
CL-48,PAT-3859,2023-10-29,1154.53,Hospital,Cardio,PROV-005,paid,0,1650.53,745.63,D134
CL-49,PAT-3647,2024-11-08,11888.68,Hospital,Cardio,PROV-003,paid,0,16930.95,10081.61,D006
CL-50,PAT-8231,2024-03-03,9883.0,Clinic,Cardio,PROV-001,paid,0,13750.3,7284.15,D037
CL-51,PAT-4645,2024-04-18,6856.78,Clinic,Cardio,PROV-001,paid,0,9238.31,4432.11,D126
CL-52,PAT-4145,2024-01-21,300.55,Lab,Ortho,PROV-016,paid,0,402.73,202.15,D058
CL-53,PAT-8710,2024-10-15,14960.06,Hospital,Cardio,PROV-004,paid,0,20787.42,8728.99,D073
CL-54,PAT-9544,2024-05-28,13959.03,Clinic,Neuro,PROV-025,paid,0,20497.75,10975.4,D164
CL-55,PAT-8537,2023-12-09,5997.97,Lab,General,PROV-001,paid,0,7111.54,3484.28,D012
CL-56,PAT-4367,2023-01-24,101.86,Clinic,Cardio,PROV-018,paid,0,120.48,89.17,D038
CL-57,PAT-1774,2023-10-21,2049.58,Lab,Ortho,PROV-002,denied,1,3210.64,0.0,D154
CL-58,PAT-9021,2024-09-24,7444.35,Lab,General,PROV-025,paid,0,11053.91,5269.15,D149
CL-59,PAT-8424,2024-12-14,10377.76,Hospital,Neuro,PROV-001,paid,0,14830.07,7102.91,D143
CL-60,PAT-1069,2024-11-23,13619.31,Hospital,Ortho,PROV-002,paid,0,21904.74,7519.53,D069
CL-61,PAT-9934,2024-08-07,5258.1,Lab,Ortho,PROV-004,paid,0,7454.58,5216.56,D043
CL-62,PAT-9601,2024-12-27,5526.83,Clinic,General,PROV-004,paid,0,7462.55,5333.61,D076
CL-63,PAT-8778,2024-11-21,13248.67,Lab,Ortho,PROV-002,paid,0,21101.55,9651.12,D124
CL-64,PAT-9086,2023-05-25,14837.54,Lab,Ortho,PROV-012,paid,0,24113.67,13017.0,D016
CL-65,PAT-6220,2024-01-23,4871.36,Clinic,Ortho,PROV-021,paid,0,6861.33,4272.47,D150
CL-66,PAT-1266,2024-07-05,11757.07,Lab,Ortho,PROV-001,pending,0,16293.33,1214.85,D197
CL-67,PAT-6999,2024-01-15,685.3,Clinic,General,PROV-002,paid,0,1034.39,606.98,D021
CL-68,PAT-5077,2023-10-29,11620.13,Clinic,Cardio,PROV-014,paid,0,17906.15,11269.92,D022
CL-69,PAT-6578,2024-12-02,7024.04,Clinic,Neuro,PROV-001,paid,0,9894.3,3959.26,D114
CL-70,PAT-4258,2024-10-27,3796.12,Lab,Cardio,PROV-009,paid,0,4988.15,3339.52,D078
CL-71,PAT-5032,2024-06-06,1401.96,Hospital,Neuro,PROV-012,paid,0,1761.26,987.13,D140
CL-72,PAT-4374,2024-04-17,14077.47,Lab,General,PROV-020,paid,0,19176.15,14660.62,D147
CL-73,PAT-9366,2023-04-19,6956.74,Clinic,Cardio,PROV-005,pending,0,8400.1,699.06,D107
CL-74,PAT-8489,2023-02-12,5821.39,Hospital,Cardio,PROV-003,paid,0,8543.36,5078.56,D015
CL-75,PAT-1148,2023-12-04,9990.68,Clinic,Ortho,PROV-001,paid,0,12225.02,8167.75,D024
CL-76,PAT-3113,2024-01-23,2217.69,Hospital,Ortho,PROV-002,pending,0,2642.14,545.08,D024
CL-77,PAT-4206,2023-03-27,10513.0,Lab,General,PROV-001,pending,0,15832.53,754.17,D043
CL-78,PAT-4106,2024-03-18,14312.3,Clinic,Neuro,PROV-004,paid,0,18066.71,8357.33,D088
CL-79,PAT-7549,2024-05-22,14961.83,Hospital,General,PROV-001,pending,0,18777.48,439.36,D134
CL-80,PAT-6148,2024-01-26,12899.85,Hospital,Neuro,PROV-013,paid,0,18098.25,13431.68,D086
CL-81,PAT-9333,2024-10-07,3466.14,Hospital,Cardio,PROV-025,paid,0,4690.87,3394.35,D107
CL-82,PAT-1765,2023-01-05,12103.56,Hospital,Ortho,PROV-001,paid,0,18574.83,8030.72,D158
CL-83,PAT-4562,2023-08-27,4241.88,Lab,Neuro,PROV-008,paid,0,5810.72,4057.36,D024
CL-84,PAT-7664,2024-03-25,11042.5,Clinic,General,PROV-020,paid,0,12790.27,10892.21,D109
CL-85,PAT-3612,2024-07-30,278.88,Clinic,Cardio,PROV-002,paid,0,356.76,206.99,D171
CL-86,PAT-8032,2023-07-22,5817.19,Hospital,Neuro,PROV-021,paid,0,7030.17,3901.77,D097
CL-87,PAT-5786,2024-09-01,2475.04,Hospital,Neuro,PROV-012,paid,0,3480.48,1748.56,D006
CL-88,PAT-4162,2023-10-21,9324.75,Hospital,Ortho,PROV-013,paid,0,15281.43,6947.89,D014
CL-89,PAT-8829,2023-11-12,2237.81,Clinic,General,PROV-002,paid,0,2779.88,1708.26,D053
CL-90,PAT-2934,2023-09-06,5877.9,Clinic,Neuro,PROV-011,paid,0,7733.11,4778.52,D033
CL-91,PAT-3622,2024-03-21,1824.98,Hospital,General,PROV-015,paid,0,2102.47,1329.77,D045
CL-92,PAT-2794,2024-11-03,907.59,Hospital,Cardio,PROV-020,paid,0,1320.08,861.84,D036
CL-93,PAT-7369,2023-12-19,3680.78,Lab,General,PROV-005,paid,0,5520.38,3557.86,D029
CL-94,PAT-3192,2024-04-09,2868.68,Hospital,Cardio,PROV-001,paid,0,4581.08,2735.6,D159
CL-95,PAT-8871,2024-06-17,9570.77,Hospital,Neuro,PROV-008,paid,0,15027.83,6943.77,D058
CL-96,PAT-6351,2023-01-29,13626.29,Hospital,Ortho,PROV-003,paid,0,17454.97,7940.3,D007
CL-97,PAT-5235,2023-01-28,2725.87,Clinic,Neuro,PROV-019,paid,0,4336.34,2844.34,D108
CL-98,PAT-3584,2024-06-08,5737.41,Lab,General,PROV-003,paid,0,6906.59,3966.72,D079
CL-99,PAT-9047,2023-08-16,8631.6,Clinic,Cardio,PROV-006,paid,0,11170.41,7718.23,D174
CL-100,PAT-8623,2023-08-12,7898.87,Lab,Cardio,PROV-005,paid,0,10534.7,4618.12,D156
CL-101,PAT-8315,2024-01-22,7861.07,Lab,Ortho,PROV-001,paid,0,12633.59,6575.01,D166
CL-102,PAT-6819,2024-09-27,2485.78,Clinic,Neuro,PROV-012,paid,0,3563.97,2110.05,D084
CL-103,PAT-7038,2023-08-20,4761.57,Hospital,Neuro,PROV-004,pending,0,5902.39,874.14,D097
CL-104,PAT-1959,2023-10-09,9553.77,Hospital,General,PROV-005,paid,0,14779.82,8838.31,D031
CL-105,PAT-5770,2024-12-15,11930.52,Clinic,Neuro,PROV-004,pending,0,14027.51,868.93,D166
CL-106,PAT-2347,2024-01-30,5090.48,Hospital,Ortho,PROV-001,paid,0,8071.74,3002.88,D069
CL-107,PAT-3505,2023-07-27,14968.69,Hospital,General,PROV-001,paid,0,24115.78,9251.81,D048
CL-108,PAT-2037,2024-10-02,4813.01,Hospital,Ortho,PROV-004,paid,0,7525.39,2980.68,D096
CL-109,PAT-1358,2023-08-30,4506.07,Hospital,Cardio,PROV-003,paid,0,5741.73,4117.39,D117
CL-110,PAT-6671,2024-11-26,1731.81,Lab,General,PROV-003,paid,0,2279.71,1287.32,D157
CL-111,PAT-3302,2023-01-05,9807.79,Hospital,Cardio,PROV-002,paid,0,12786.76,6335.65,D130
CL-112,PAT-4477,2024-07-30,3264.43,Lab,General,PROV-005,paid,0,4155.59,2691.91,D033
CL-113,PAT-3821,2024-12-24,4610.66,Clinic,General,PROV-004,paid,0,5880.38,3940.95,D196
CL-114,PAT-3380,2024-05-09,2901.46,Hospital,Ortho,PROV-004,paid,0,4381.71,2359.05,D143
CL-115,PAT-4249,2023-04-05,2386.13,Hospital,General,PROV-006,paid,0,2967.28,2003.92,D041
CL-116,PAT-9993,2023-07-27,3164.11,Lab,General,PROV-024,paid,0,3810.93,2088.05,D142
CL-117,PAT-9327,2024-09-01,10724.51,Lab,Ortho,PROV-011,paid,0,14048.72,9446.09,D081
CL-118,PAT-7024,2024-11-27,11308.11,Hospital,Neuro,PROV-007,paid,0,15997.89,9122.41,D116
CL-119,PAT-9698,2024-07-11,6277.68,Clinic,Ortho,PROV-010,paid,0,7580.69,3647.65,D028
CL-120,PAT-1443,2023-04-28,9691.84,Lab,Neuro,PROV-002,paid,0,13088.84,8691.46,D039
CL-121,PAT-4602,2023-03-29,9206.2,Clinic,Cardio,PROV-013,paid,0,14238.08,8726.72,D052
CL-122,PAT-5390,2024-12-20,4033.5,Lab,General,PROV-002,paid,0,5763.88,2984.3,D148
CL-123,PAT-5781,2024-09-30,6235.48,Hospital,Neuro,PROV-009,paid,0,8225.58,6522.52,D045
CL-124,PAT-8057,2023-03-28,2279.86,Lab,Ortho,PROV-002,paid,0,2841.8,2362.85,D077
CL-125,PAT-6183,2023-04-29,4997.77,Hospital,Cardio,PROV-016,paid,0,7199.89,4563.71,D006
CL-126,PAT-9354,2024-05-19,7687.03,Hospital,Ortho,PROV-003,paid,0,10467.31,4715.44,D169
CL-127,PAT-5768,2024-02-04,6759.37,Lab,Neuro,PROV-021,paid,0,9334.99,5604.67,D183
CL-128,PAT-2047,2023-02-28,13854.11,Lab,Cardio,PROV-015,paid,0,18133.29,13558.61,D065
CL-129,PAT-1671,2024-04-25,4042.53,Clinic,Ortho,PROV-023,paid,0,5850.89,3904.07,D106
CL-130,PAT-9593,2023-02-28,6230.5,Hospital,Neuro,PROV-014,paid,0,7444.58,4246.58,D027
CL-131,PAT-5381,2023-01-18,3310.85,Hospital,General,PROV-003,paid,0,4968.36,2072.63,D020
CL-132,PAT-1141,2024-02-01,8935.92,Clinic,Ortho,PROV-002,paid,0,12227.78,8345.64,D144
CL-133,PAT-2555,2024-04-05,3268.88,Clinic,Cardio,PROV-021,paid,0,4698.2,3062.34,D117
CL-134,PAT-6051,2024-11-01,6257.2,Lab,General,PROV-001,paid,0,10153.4,3638.47,D169
CL-135,PAT-4429,2024-10-11,6996.35,Lab,Neuro,PROV-023,paid,0,10472.78,6139.15,D015
CL-136,PAT-5431,2024-07-23,7894.98,Lab,Neuro,PROV-002,paid,0,9280.18,5704.9,D098
CL-137,PAT-7514,2023-11-10,8425.04,Clinic,Ortho,PROV-005,paid,0,13341.5,8184.12,D034
CL-138,PAT-2029,2024-04-17,9224.37,Hospital,Cardio,PROV-004,paid,0,13110.36,9368.57,D080
CL-139,PAT-3087,2024-11-11,578.47,Clinic,Cardio,PROV-010,denied,1,747.35,0.0,D059
CL-140,PAT-7275,2023-10-17,9627.94,Hospital,Neuro,PROV-001,paid,0,11087.46,7880.11,D111
CL-141,PAT-7646,2023-10-06,9284.96,Lab,General,PROV-003,paid,0,14056.06,9422.84,D166
CL-142,PAT-2332,2023-10-04,14267.07,Hospital,Ortho,PROV-005,paid,0,17801.81,14558.59,D046
CL-143,PAT-1432,2023-04-22,14104.83,Hospital,Cardio,PROV-015,paid,0,18255.81,9321.09,D120
CL-144,PAT-6307,2023-05-01,428.99,Lab,General,PROV-005,paid,0,614.84,251.25,D134
CL-145,PAT-3768,2024-05-10,7579.34,Lab,Cardio,PROV-009,paid,0,9976.82,5997.52,D048
CL-146,PAT-3935,2023-11-28,13284.87,Clinic,Ortho,PROV-002,paid,0,18137.73,9710.26,D157
CL-147,PAT-3367,2024-06-20,14005.23,Hospital,General,PROV-003,paid,0,17440.89,10616.24,D075
CL-148,PAT-8900,2024-10-12,10380.9,Clinic,Ortho,PROV-007,paid,0,12676.55,9832.52,D134
CL-149,PAT-6009,2023-03-09,10540.05,Lab,Neuro,PROV-003,paid,0,12545.19,9022.81,D028
CL-150,PAT-6288,2024-10-07,8173.35,Hospital,Ortho,PROV-015,paid,0,9505.87,7395.7,D175
CL-151,PAT-9303,2024-04-07,1201.53,Lab,Neuro,PROV-018,paid,0,1767.24,949.78,D063
CL-152,PAT-8325,2023-10-27,6142.2,Clinic,General,PROV-001,paid,0,9583.93,4721.25,D062
CL-153,PAT-9498,2023-04-09,10528.79,Clinic,Neuro,PROV-004,paid,0,15948.31,6605.67,D196
CL-154,PAT-2427,2024-05-08,13931.1,Lab,Cardio,PROV-002,paid,0,17866.78,10299.93,D123
CL-155,PAT-2214,2023-06-25,6842.25,Hospital,Cardio,PROV-007,paid,0,10753.17,6246.98,D168
CL-156,PAT-6690,2023-12-05,10631.35,Lab,Ortho,PROV-021,paid,0,17404.1,7203.56,D156
CL-157,PAT-9047,2024-04-17,6622.6,Lab,Neuro,PROV-002,paid,0,7630.81,4062.76,D143
CL-158,PAT-3043,2023-11-01,4846.43,Lab,General,PROV-003,paid,0,6884.0,3244.59,D109
CL-159,PAT-2047,2024-06-24,238.08,Hospital,Cardio,PROV-004,paid,0,355.5,131.07,D175
CL-160,PAT-1542,2023-01-11,11033.95,Clinic,General,PROV-004,paid,0,14796.48,11056.46,D110
CL-161,PAT-3071,2024-11-21,9905.12,Clinic,Neuro,PROV-004,paid,0,13874.45,8604.25,D195
CL-162,PAT-7979,2023-06-30,8039.59,Lab,Ortho,PROV-004,paid,0,10516.81,4702.5,D051
CL-163,PAT-3486,2024-12-15,7232.34,Hospital,Cardio,PROV-017,paid,0,9922.46,6411.78,D097
CL-164,PAT-8214,2024-03-08,12917.57,Clinic,Ortho,PROV-003,paid,0,16298.76,7776.83,D190
CL-165,PAT-5497,2024-05-02,8762.02,Hospital,Neuro,PROV-004,paid,0,10494.94,8349.21,D031
CL-166,PAT-7345,2024-03-03,6576.2,Lab,Neuro,PROV-002,paid,0,10796.06,3862.86,D081
CL-167,PAT-6652,2024-01-13,872.95,Hospital,General,PROV-003,paid,0,1423.73,642.94,D104
CL-168,PAT-6941,2023-06-04,10273.16,Clinic,General,PROV-004,paid,0,12052.12,10332.95,D091
CL-169,PAT-3216,2023-03-11,9721.34,Clinic,General,PROV-023,paid,0,14584.15,9240.46,D102
CL-170,PAT-4470,2024-05-07,2595.5,Clinic,Neuro,PROV-013,paid,0,4142.31,2507.14,D170
CL-171,PAT-2526,2024-06-22,5113.18,Hospital,Cardio,PROV-002,paid,0,6788.84,5197.25,D036
CL-172,PAT-8421,2024-03-09,3753.16,Hospital,Ortho,PROV-022,paid,0,5649.12,2999.53,D065
CL-173,PAT-5608,2024-05-30,5321.39,Clinic,Neuro,PROV-016,paid,0,8241.42,4121.51,D180
CL-174,PAT-6281,2024-10-28,2178.59,Hospital,Neuro,PROV-019,paid,0,2861.23,2230.45,D104
CL-175,PAT-7076,2024-07-28,4904.93,Clinic,Neuro,PROV-013,paid,0,6822.38,3379.06,D063
CL-176,PAT-9814,2023-11-17,3588.78,Hospital,Ortho,PROV-001,paid,0,4592.87,2251.72,D047
CL-177,PAT-9495,2024-10-17,6762.59,Clinic,Cardio,PROV-003,paid,0,8920.32,5680.07,D173
CL-178,PAT-7508,2024-03-04,12449.24,Clinic,Neuro,PROV-001,paid,0,15861.93,8797.29,D100
CL-179,PAT-7070,2023-08-11,552.57,Lab,Ortho,PROV-008,paid,0,696.5,523.79,D196
CL-180,PAT-1909,2024-04-01,2246.87,Lab,Ortho,PROV-014,paid,0,3101.95,2009.32,D169
CL-181,PAT-5717,2023-05-23,12592.12,Clinic,General,PROV-002,paid,0,16869.54,12754.44,D185
CL-182,PAT-8081,2024-02-07,2939.64,Lab,Ortho,PROV-005,paid,0,4585.24,2601.26,D026
CL-183,PAT-1298,2024-11-22,12232.13,Hospital,Ortho,PROV-001,paid,0,14729.65,10203.54,D090
CL-184,PAT-5814,2023-10-12,11694.21,Lab,Neuro,PROV-004,paid,0,14853.49,10693.34,D188
CL-185,PAT-5418,2024-11-05,8219.56,Hospital,Neuro,PROV-001,paid,0,12957.19,5640.31,D191
CL-186,PAT-6489,2023-03-31,3494.1,Clinic,Cardio,PROV-002,paid,0,4816.05,2502.82,D011
CL-187,PAT-4615,2024-10-23,546.99,Hospital,Ortho,PROV-008,paid,0,841.43,337.5,D018
CL-188,PAT-4096,2023-07-09,8587.31,Lab,Neuro,PROV-023,paid,0,14032.6,8041.94,D079
CL-189,PAT-3898,2024-05-20,6717.51,Clinic,Cardio,PROV-016,pending,0,7998.5,552.04,D056
CL-190,PAT-8046,2023-10-05,12950.45,Lab,General,PROV-009,paid,0,15740.53,11896.8,D147
CL-191,PAT-1605,2023-12-09,6356.31,Lab,Neuro,PROV-003,paid,0,8656.86,6066.21,D189
CL-192,PAT-6795,2024-06-01,265.95,Lab,Cardio,PROV-001,paid,0,378.61,231.28,D065
CL-193,PAT-4807,2023-11-12,12436.83,Clinic,Cardio,PROV-018,paid,0,18892.32,7652.4,D013
CL-194,PAT-5792,2024-11-22,14506.34,Clinic,Cardio,PROV-013,pending,0,17818.88,186.26,D039
CL-195,PAT-5439,2023-01-12,10869.9,Clinic,Neuro,PROV-010,paid,0,13517.7,10309.96,D087
CL-196,PAT-7389,2023-06-06,7766.6,Hospital,Ortho,PROV-002,denied,1,10733.09,0.0,D116
CL-197,PAT-9884,2023-10-08,2159.62,Hospital,Cardio,PROV-004,paid,0,2938.66,2094.42,D075
CL-198,PAT-2274,2023-08-09,8686.1,Lab,Cardio,PROV-003,paid,0,12608.26,8411.15,D185
CL-199,PAT-2867,2024-05-09,6961.16,Lab,Cardio,PROV-003,paid,0,10026.19,5205.79,D079
CL-200,PAT-3036,2024-08-27,5820.33,Lab,Ortho,PROV-008,paid,0,8604.89,4270.95,D067
CL-201,PAT-6083,2024-05-03,984.28,Clinic,General,PROV-010,pending,0,1340.1,11.96,D145
CL-202,PAT-2601,2024-02-13,10390.59,Lab,Cardio,PROV-003,pending,0,14472.96,1661.83,D029
CL-203,PAT-5167,2024-10-28,12514.88,Clinic,Ortho,PROV-012,paid,0,15263.06,9440.55,D131
CL-204,PAT-6474,2023-05-31,4055.55,Clinic,Neuro,PROV-002,paid,0,5276.59,2274.87,D099
CL-205,PAT-5815,2023-05-10,4892.61,Clinic,Cardio,PROV-020,paid,0,8057.42,3598.52,D047
CL-206,PAT-9727,2023-07-16,392.97,Clinic,Neuro,PROV-004,paid,0,583.85,398.2,D021
CL-207,PAT-9324,2023-09-21,12947.49,Hospital,Cardio,PROV-001,paid,0,20035.08,12262.89,D132
CL-208,PAT-5946,2024-12-06,4389.57,Hospital,Ortho,PROV-002,pending,0,5646.19,863.14,D033
CL-209,PAT-1357,2024-11-18,12044.28,Lab,Cardio,PROV-004,paid,0,15623.2,9985.11,D096
CL-210,PAT-4250,2023-09-13,12812.12,Lab,Neuro,PROV-003,paid,0,17895.72,10816.45,D125
CL-211,PAT-1583,2024-01-02,11634.2,Clinic,Cardio,PROV-008,paid,0,15162.98,7533.92,D092
CL-212,PAT-7146,2023-03-11,6947.03,Clinic,Ortho,PROV-005,paid,0,9491.73,6480.13,D114
CL-213,PAT-8938,2023-04-04,7898.19,Lab,Ortho,PROV-004,paid,0,9149.67,7012.43,D165
CL-214,PAT-9709,2024-03-05,5763.28,Hospital,Neuro,PROV-012,paid,0,7839.39,4073.91,D121
CL-215,PAT-6829,2024-01-05,10617.06,Clinic,Cardio,PROV-002,paid,0,13598.37,7943.78,D107
CL-216,PAT-7346,2024-12-06,419.69,Clinic,Neuro,PROV-002,paid,0,541.73,379.81,D163
CL-217,PAT-5345,2023-07-02,9653.32,Lab,General,PROV-018,paid,0,14712.8,9448.39,D106
CL-218,PAT-2740,2023-03-30,11629.63,Hospital,Cardio,PROV-003,paid,0,18217.22,8989.54,D039
CL-219,PAT-7118,2023-05-10,10451.89,Hospital,Cardio,PROV-022,paid,0,12097.5,10213.33,D176
CL-220,PAT-1567,2023-06-14,12069.36,Hospital,General,PROV-024,paid,0,19823.93,6884.34,D007
CL-221,PAT-6029,2023-06-18,4974.94,Lab,Cardio,PROV-014,paid,0,5932.6,3717.35,D152
CL-222,PAT-2932,2023-07-13,1719.77,Clinic,General,PROV-001,pending,0,2460.33,276.71,D121
CL-223,PAT-5616,2024-12-11,1745.65,Hospital,Ortho,PROV-003,denied,1,2866.49,0.0,D034
CL-224,PAT-9765,2024-05-28,14846.65,Hospital,Ortho,PROV-016,paid,0,20821.65,12871.1,D172
CL-225,PAT-8924,2023-03-29,9581.06,Lab,Cardio,PROV-002,paid,0,14579.88,8300.56,D159
CL-226,PAT-4932,2024-07-04,13512.1,Hospital,Cardio,PROV-024,paid,0,16713.1,7778.96,D185
CL-227,PAT-2610,2024-09-04,6189.94,Lab,General,PROV-001,paid,0,9564.48,3965.63,D121
CL-228,PAT-1620,2024-07-08,11292.6,Hospital,Neuro,PROV-019,paid,0,15130.88,10507.65,D160
CL-229,PAT-7538,2023-06-05,4393.76,Clinic,General,PROV-003,paid,0,5550.47,3968.7,D099
CL-230,PAT-7681,2024-06-27,14901.37,Lab,Neuro,PROV-004,paid,0,23531.47,14449.34,D100
CL-231,PAT-1449,2023-10-05,11225.31,Clinic,Neuro,PROV-004,paid,0,15704.07,8853.2,D170
CL-232,PAT-2069,2024-06-03,2962.31,Clinic,General,PROV-001,paid,0,4065.58,3014.5,D190
CL-233,PAT-2399,2024-08-10,14821.11,Clinic,General,PROV-007,paid,0,20507.39,14213.44,D018
CL-234,PAT-1723,2024-02-22,8586.65,Hospital,Neuro,PROV-005,paid,0,11806.13,6402.16,D183
CL-235,PAT-8697,2024-12-03,6366.78,Clinic,Cardio,PROV-021,paid,0,9737.12,4135.79,D176
CL-236,PAT-5837,2024-11-24,1792.39,Lab,Cardio,PROV-003,paid,0,2889.28,1066.21,D075
CL-237,PAT-7310,2024-07-19,762.21,Hospital,Cardio,PROV-024,paid,0,1117.51,566.91,D176
CL-238,PAT-4754,2023-09-27,3804.06,Lab,Ortho,PROV-001,paid,0,5359.3,2128.9,D147
CL-239,PAT-8350,2023-03-19,3422.06,Hospital,General,PROV-024,paid,0,4384.25,3053.94,D138
CL-240,PAT-5516,2023-08-24,13678.54,Hospital,Ortho,PROV-023,paid,0,20533.92,7685.14,D183
CL-241,PAT-3509,2024-08-07,2712.38,Clinic,Ortho,PROV-004,paid,0,3666.89,1580.85,D085
CL-242,PAT-9075,2024-03-01,5981.94,Clinic,Neuro,PROV-022,paid,0,7102.11,4975.19,D133
CL-243,PAT-8198,2023-07-24,10988.13,Hospital,Cardio,PROV-002,paid,0,17488.72,11220.86,D099
CL-244,PAT-8049,2023-06-06,1940.35,Clinic,Ortho,PROV-004,paid,0,2847.32,1911.76,D133
CL-245,PAT-7830,2024-08-22,10815.87,Clinic,Cardio,PROV-002,paid,0,15654.22,7921.18,D171
CL-246,PAT-7488,2023-11-06,13970.07,Lab,Ortho,PROV-022,denied,1,20492.23,0.0,D016
CL-247,PAT-7679,2023-06-12,13368.54,Lab,General,PROV-002,denied,1,16775.58,0.0,D036
CL-248,PAT-1557,2023-07-15,7348.16,Clinic,General,PROV-001,paid,0,11617.33,7353.82,D037
CL-249,PAT-1091,2024-08-30,11831.94,Clinic,Neuro,PROV-001,paid,0,18230.88,8231.91,D149
CL-250,PAT-1101,2023-05-20,12427.17,Clinic,Ortho,PROV-005,paid,0,19629.98,10199.17,D156
CL-251,PAT-7716,2024-06-18,9765.32,Hospital,Ortho,PROV-013,paid,0,13076.37,8590.06,D117
CL-252,PAT-1909,2024-01-25,11898.23,Lab,Neuro,PROV-003,paid,0,16755.61,8321.91,D026
CL-253,PAT-4113,2023-01-10,9304.56,Hospital,Cardio,PROV-002,paid,0,11962.08,6270.17,D158
CL-254,PAT-3254,2024-11-09,3447.9,Clinic,Neuro,PROV-021,pending,0,4266.73,103.29,D102
CL-255,PAT-6631,2023-10-05,12877.34,Clinic,Cardio,PROV-023,paid,0,17280.49,13517.71,D014
CL-256,PAT-7754,2024-11-02,4314.79,Lab,Neuro,PROV-001,pending,0,5571.09,1047.52,D001
CL-257,PAT-8250,2023-06-03,5016.6,Clinic,Ortho,PROV-001,paid,0,7266.65,4865.78,D196
CL-258,PAT-5718,2024-09-20,6768.35,Clinic,Cardio,PROV-008,paid,0,10650.39,4521.01,D010
CL-259,PAT-8767,2024-08-21,3340.49,Hospital,Neuro,PROV-003,paid,0,5180.76,2322.9,D149
CL-260,PAT-8293,2024-12-10,13868.45,Lab,Cardio,PROV-001,paid,0,17078.29,14477.74,D058
CL-261,PAT-9111,2023-02-14,2268.38,Hospital,Neuro,PROV-006,paid,0,3463.3,1992.47,D025
CL-262,PAT-7466,2024-08-13,7259.64,Lab,Ortho,PROV-021,paid,0,9254.11,6644.38,D005
CL-263,PAT-8604,2023-09-04,11203.5,Clinic,Ortho,PROV-002,paid,0,17418.33,9077.05,D109
CL-264,PAT-8951,2024-04-16,11632.66,Clinic,Cardio,PROV-005,denied,1,17136.62,0.0,D066
CL-265,PAT-5341,2024-08-07,5901.48,Hospital,Ortho,PROV-014,paid,0,9134.17,6079.17,D184
CL-266,PAT-3985,2024-04-19,7264.4,Clinic,Neuro,PROV-005,paid,0,11899.09,5984.46,D133
CL-267,PAT-5255,2023-03-16,10735.48,Lab,Cardio,PROV-003,paid,0,12407.02,6207.25,D196
CL-268,PAT-4981,2024-01-22,8045.92,Hospital,General,PROV-006,paid,0,12631.44,7744.67,D104
CL-269,PAT-8707,2023-06-12,12237.75,Hospital,General,PROV-002,paid,0,19456.09,9144.22,D087
CL-270,PAT-3017,2023-02-24,7404.62,Hospital,Ortho,PROV-016,paid,0,9417.68,4861.24,D066
CL-271,PAT-8721,2024-01-23,12390.34,Lab,Cardio,PROV-002,paid,0,18095.18,8984.44,D194
CL-272,PAT-1571,2024-06-01,4914.86,Lab,General,PROV-002,paid,0,7079.93,3110.67,D197
CL-273,PAT-1596,2024-11-02,12338.29,Lab,Neuro,PROV-002,paid,0,18885.27,12623.59,D013
CL-274,PAT-5325,2023-10-27,7862.84,Lab,Neuro,PROV-018,paid,0,9809.15,5165.4,D093
CL-275,PAT-7711,2023-05-31,3962.98,Clinic,Neuro,PROV-010,paid,0,4677.66,2539.9,D091
CL-276,PAT-9957,2024-08-02,7535.69,Hospital,Ortho,PROV-002,paid,0,10582.46,6257.87,D001
CL-277,PAT-1443,2023-05-18,1403.55,Clinic,Ortho,PROV-023,paid,0,1943.76,1335.62,D012
CL-278,PAT-8851,2024-11-27,4336.74,Lab,Neuro,PROV-005,paid,0,6010.06,3593.52,D059
CL-279,PAT-9854,2024-01-23,11800.52,Hospital,General,PROV-002,paid,0,17653.48,7267.08,D141
CL-280,PAT-6004,2023-05-04,12622.28,Clinic,Neuro,PROV-003,paid,0,15751.17,12992.67,D100
CL-281,PAT-6575,2023-12-12,3207.68,Clinic,Cardio,PROV-003,paid,0,4928.21,2370.96,D159
CL-282,PAT-5928,2024-09-15,10362.22,Clinic,Ortho,PROV-002,paid,0,16650.99,8289.51,D073
CL-283,PAT-7570,2024-03-18,8679.62,Lab,Ortho,PROV-011,paid,0,12776.92,5943.86,D081
CL-284,PAT-5582,2024-11-08,7190.56,Hospital,Cardio,PROV-011,paid,0,9939.68,5723.39,D036
CL-285,PAT-1631,2024-01-06,6603.75,Clinic,Neuro,PROV-016,paid,0,8027.49,4784.39,D147
CL-286,PAT-1025,2023-06-11,10794.82,Hospital,Neuro,PROV-004,paid,0,14191.16,8691.37,D094
CL-287,PAT-7553,2024-10-01,13203.91,Hospital,Neuro,PROV-025,paid,0,18344.58,13403.41,D007
CL-288,PAT-2129,2023-01-09,14017.25,Clinic,Cardio,PROV-007,paid,0,20640.75,10959.85,D054
CL-289,PAT-9633,2024-08-12,2622.34,Clinic,Ortho,PROV-001,paid,0,4015.67,2714.66,D163
CL-290,PAT-2828,2023-06-18,7637.11,Clinic,Neuro,PROV-001,paid,0,9617.78,5757.4,D106
CL-291,PAT-4914,2023-04-27,7698.32,Lab,General,PROV-003,paid,0,11749.38,6468.97,D144
CL-292,PAT-7900,2024-04-12,1273.91,Hospital,Cardio,PROV-005,paid,0,1786.48,809.77,D022
CL-293,PAT-4683,2023-07-24,14612.16,Clinic,General,PROV-001,paid,0,22615.29,9400.62,D133
CL-294,PAT-2213,2023-06-29,847.6,Lab,Cardio,PROV-005,paid,0,1339.67,575.48,D053
CL-295,PAT-9198,2023-11-18,11781.88,Hospital,Ortho,PROV-025,paid,0,19123.42,10565.16,D024
CL-296,PAT-6506,2023-09-21,11225.22,Lab,Cardio,PROV-009,denied,1,13808.18,0.0,D018
CL-297,PAT-5948,2023-09-18,3284.17,Hospital,Cardio,PROV-008,paid,0,4040.64,3301.19,D028
CL-298,PAT-5496,2023-12-23,9768.68,Clinic,Neuro,PROV-002,paid,0,12528.42,10049.14,D024
CL-299,PAT-9310,2023-02-16,11041.16,Lab,General,PROV-001,denied,1,15686.43,0.0,D111
CL-300,PAT-6514,2024-11-09,254.8,Lab,Ortho,PROV-005,paid,0,389.75,144.2,D022
CL-301,PAT-5251,2023-01-14,9289.24,Hospital,Cardio,PROV-004,paid,0,12665.87,9574.51,D042
CL-302,PAT-5540,2023-05-02,4866.67,Hospital,Ortho,PROV-012,paid,0,5767.23,3200.83,D195
CL-303,PAT-9240,2023-06-30,4759.84,Hospital,General,PROV-025,paid,0,7780.14,3166.24,D011
CL-304,PAT-1529,2024-10-13,4989.59,Clinic,Cardio,PROV-004,paid,0,7478.46,3432.01,D056
CL-305,PAT-2286,2023-05-23,10242.49,Clinic,Ortho,PROV-001,paid,0,13849.19,8543.14,D047
CL-306,PAT-6628,2024-02-26,9750.51,Hospital,Cardio,PROV-013,paid,0,11937.53,10165.54,D132
CL-307,PAT-4178,2023-11-14,7756.36,Clinic,General,PROV-001,paid,0,10821.38,6100.18,D167
CL-308,PAT-3840,2024-02-29,7217.19,Hospital,Neuro,PROV-002,paid,0,11670.52,7257.82,D063
CL-309,PAT-7146,2024-02-22,5221.17,Hospital,Neuro,PROV-017,paid,0,8141.6,5119.02,D101
CL-310,PAT-3927,2023-12-12,3907.05,Hospital,Ortho,PROV-024,pending,0,4605.95,620.89,D109
CL-311,PAT-3368,2024-04-08,262.83,Lab,Cardio,PROV-002,denied,1,419.66,0.0,D184
CL-312,PAT-3380,2024-04-13,12266.67,Clinic,General,PROV-002,paid,0,18737.68,10517.32,D092
CL-313,PAT-3277,2023-01-11,2406.99,Hospital,Cardio,PROV-022,paid,0,3142.55,2291.51,D117
CL-314,PAT-2763,2024-06-25,13215.66,Clinic,Ortho,PROV-005,paid,0,17535.45,11275.19,D057
CL-315,PAT-6838,2023-06-06,7721.18,Hospital,Neuro,PROV-018,paid,0,12300.08,5847.06,D184
CL-316,PAT-3754,2024-02-07,6504.87,Hospital,Ortho,PROV-018,paid,0,7519.21,5469.33,D146
CL-317,PAT-7222,2023-05-25,7126.86,Lab,Ortho,PROV-001,paid,0,10854.97,7290.7,D125
CL-318,PAT-3563,2023-03-07,2467.35,Clinic,Ortho,PROV-007,paid,0,3773.25,1964.51,D193
CL-319,PAT-1571,2023-08-20,8153.5,Lab,Neuro,PROV-018,paid,0,12393.87,5860.41,D179
CL-320,PAT-6829,2023-03-01,12328.06,Lab,Neuro,PROV-009,pending,0,17458.05,737.64,D054
CL-321,PAT-6430,2024-03-29,11618.76,Hospital,Neuro,PROV-007,paid,0,13474.29,8381.84,D191
CL-322,PAT-5930,2024-09-19,1205.13,Clinic,Cardio,PROV-004,paid,0,1780.33,1039.34,D097
CL-323,PAT-8793,2023-09-23,14898.04,Hospital,Ortho,PROV-003,paid,0,18590.57,14928.38,D111
CL-324,PAT-8981,2023-02-18,12399.0,Lab,General,PROV-008,denied,1,17633.81,0.0,D016
CL-325,PAT-4320,2023-03-13,14371.87,Hospital,Cardio,PROV-001,paid,0,18807.93,11416.25,D077
CL-326,PAT-8139,2023-10-26,3300.37,Hospital,Cardio,PROV-013,paid,0,4888.16,2573.93,D168
CL-327,PAT-1973,2023-07-21,6879.68,Lab,Neuro,PROV-005,paid,0,11013.45,5729.7,D020
CL-328,PAT-2188,2023-01-28,13356.68,Clinic,Cardio,PROV-001,paid,0,16562.56,7907.75,D050
CL-329,PAT-2321,2024-04-19,12481.76,Hospital,Cardio,PROV-004,paid,0,20574.53,9291.27,D080
CL-330,PAT-1438,2023-06-14,11869.33,Lab,General,PROV-003,paid,0,18046.76,8217.76,D075
CL-331,PAT-4337,2023-10-06,6084.52,Hospital,Ortho,PROV-002,paid,0,9688.48,4494.39,D143
CL-332,PAT-4845,2024-09-28,7749.76,Lab,General,PROV-007,pending,0,11834.3,589.59,D118
CL-333,PAT-7924,2024-05-12,684.87,Clinic,General,PROV-005,paid,0,936.65,559.62,D040
CL-334,PAT-3489,2023-02-05,1464.16,Clinic,Ortho,PROV-025,paid,0,2052.37,991.0,D080
CL-335,PAT-3061,2024-10-28,1627.77,Lab,Neuro,PROV-002,paid,0,2220.37,1632.71,D154
CL-336,PAT-7840,2024-05-02,4229.43,Hospital,Ortho,PROV-005,paid,0,6891.75,3741.29,D095
CL-337,PAT-4883,2023-06-29,9614.98,Hospital,Neuro,PROV-001,denied,1,15401.57,0.0,D049
CL-338,PAT-2128,2024-01-16,5131.07,Hospital,General,PROV-022,paid,0,6992.74,3704.37,D012
CL-339,PAT-2696,2023-05-13,5055.48,Clinic,Cardio,PROV-012,paid,0,7201.91,5135.04,D060
CL-340,PAT-5220,2023-01-11,13371.49,Hospital,Neuro,PROV-015,paid,0,17706.84,9384.06,D121
CL-341,PAT-1311,2024-01-17,11782.1,Hospital,General,PROV-003,paid,0,15419.47,10078.66,D106
CL-342,PAT-1401,2024-03-10,14369.95,Lab,Ortho,PROV-017,paid,0,21047.57,9328.46,D120
CL-343,PAT-7934,2023-02-05,10126.73,Lab,Cardio,PROV-001,paid,0,16688.11,7915.41,D007
CL-344,PAT-9267,2024-12-22,9136.86,Hospital,Cardio,PROV-002,paid,0,10744.55,8223.36,D119
CL-345,PAT-1765,2024-05-01,3561.16,Lab,Cardio,PROV-001,paid,0,4602.73,3584.39,D099
CL-346,PAT-3838,2024-05-04,1647.02,Clinic,Cardio,PROV-002,paid,0,2664.01,1395.76,D143
CL-347,PAT-8812,2024-11-16,5717.94,Hospital,Ortho,PROV-003,pending,0,6772.22,159.24,D108
CL-348,PAT-9417,2023-05-23,10452.36,Clinic,General,PROV-001,pending,0,15148.68,1432.32,D173
CL-349,PAT-6848,2024-05-03,418.28,Clinic,Cardio,PROV-009,paid,0,594.22,264.48,D176
CL-350,PAT-9770,2024-11-05,13804.49,Hospital,Ortho,PROV-014,paid,0,21429.66,12526.72,D148
CL-351,PAT-7037,2023-05-17,14734.81,Hospital,Cardio,PROV-003,paid,0,18594.34,12221.93,D125
CL-352,PAT-3318,2024-03-16,14158.23,Clinic,General,PROV-009,denied,1,23079.21,0.0,D108
CL-353,PAT-2783,2024-05-01,6185.17,Hospital,Ortho,PROV-003,paid,0,7505.94,6222.94,D001
CL-354,PAT-3819,2023-01-19,7705.91,Clinic,Neuro,PROV-005,paid,0,12295.92,6463.23,D020
CL-355,PAT-6894,2024-07-01,372.67,Clinic,General,PROV-001,paid,0,588.72,209.36,D157
CL-356,PAT-5051,2024-08-02,9023.37,Clinic,Neuro,PROV-024,paid,0,13635.62,5535.8,D183
CL-357,PAT-3949,2024-03-12,5488.21,Lab,Neuro,PROV-001,paid,0,6863.42,4992.94,D050
CL-358,PAT-8912,2024-11-05,3413.49,Hospital,Neuro,PROV-004,paid,0,4740.29,3240.09,D126
CL-359,PAT-5856,2024-05-04,2554.68,Lab,Cardio,PROV-001,paid,0,4053.27,2286.8,D055
CL-360,PAT-7160,2024-07-16,14717.72,Clinic,Cardio,PROV-001,paid,0,21422.21,11537.42,D111
CL-361,PAT-4995,2024-01-22,14390.02,Clinic,Ortho,PROV-005,pending,0,19960.8,2223.68,D126
CL-362,PAT-6420,2023-04-28,565.57,Clinic,General,PROV-024,paid,0,675.81,412.94,D022
CL-363,PAT-9734,2023-11-23,3750.21,Clinic,Ortho,PROV-002,paid,0,5381.8,2490.32,D065
CL-364,PAT-4614,2023-04-12,11804.13,Lab,Cardio,PROV-015,paid,0,13943.92,6506.19,D024
CL-365,PAT-4282,2024-10-10,5719.9,Lab,Ortho,PROV-025,denied,1,9235.54,0.0,D087
CL-366,PAT-2305,2024-07-25,128.35,Clinic,Neuro,PROV-005,paid,0,172.92,128.88,D088
CL-367,PAT-4655,2023-08-04,10927.48,Clinic,Cardio,PROV-001,paid,0,13255.28,10771.89,D145
CL-368,PAT-3622,2023-09-04,4237.6,Lab,General,PROV-003,paid,0,6288.48,3323.17,D177
CL-369,PAT-9049,2023-01-02,9803.47,Hospital,Ortho,PROV-004,denied,1,15415.64,0.0,D136
CL-370,PAT-5220,2023-12-13,4481.14,Lab,Cardio,PROV-003,paid,0,6618.62,3021.21,D014
CL-371,PAT-5957,2023-08-28,7073.21,Hospital,General,PROV-003,paid,0,9231.52,7422.55,D033
CL-372,PAT-9696,2024-11-26,8836.65,Clinic,Neuro,PROV-005,paid,0,10465.18,6514.23,D011
CL-373,PAT-9892,2023-05-13,3928.18,Clinic,Neuro,PROV-001,paid,0,5749.73,3638.29,D087
CL-374,PAT-1010,2023-04-12,1638.84,Clinic,General,PROV-010,paid,0,2268.84,1291.82,D161
CL-375,PAT-8334,2024-12-21,12198.27,Clinic,Cardio,PROV-004,paid,0,20111.21,9715.67,D160
CL-376,PAT-9105,2023-12-25,9658.89,Lab,General,PROV-001,paid,0,11794.31,6823.05,D044
CL-377,PAT-8611,2024-01-23,5265.67,Hospital,Ortho,PROV-001,paid,0,7001.92,3174.91,D012
CL-378,PAT-7584,2023-12-22,2467.3,Clinic,Neuro,PROV-003,paid,0,3008.87,1563.96,D165
CL-379,PAT-1267,2023-08-05,3871.62,Lab,Cardio,PROV-003,paid,0,6046.24,2539.01,D198
CL-380,PAT-6394,2024-04-14,11393.12,Hospital,General,PROV-023,paid,0,13270.65,9638.07,D103
CL-381,PAT-6313,2024-12-12,7420.67,Hospital,General,PROV-015,paid,0,9501.91,5502.39,D003
CL-382,PAT-1838,2023-09-27,3285.35,Hospital,General,PROV-004,paid,0,4933.85,2389.48,D166
CL-383,PAT-8824,2023-02-07,11436.54,Lab,Cardio,PROV-013,paid,0,14192.78,10100.9,D131
CL-384,PAT-9575,2023-11-22,9753.52,Clinic,General,PROV-005,denied,1,12568.41,0.0,D111
CL-385,PAT-3808,2023-07-24,2361.9,Hospital,Neuro,PROV-003,paid,0,3233.66,1726.59,D164
CL-386,PAT-7521,2023-07-31,5026.99,Hospital,Neuro,PROV-002,paid,0,6034.78,3815.92,D007
CL-387,PAT-6796,2023-04-14,13792.3,Hospital,General,PROV-021,paid,0,22549.81,11254.59,D022
CL-388,PAT-7363,2023-06-22,5945.05,Hospital,General,PROV-002,paid,0,6902.81,4184.49,D078
CL-389,PAT-7237,2024-07-29,6827.49,Hospital,Neuro,PROV-001,denied,1,9243.77,0.0,D188
CL-390,PAT-6401,2024-09-03,6147.12,Hospital,General,PROV-017,paid,0,7408.47,5454.0,D101
CL-391,PAT-2598,2024-03-04,12721.53,Lab,Ortho,PROV-004,paid,0,18359.0,7512.62,D099
CL-392,PAT-1638,2023-03-12,4038.52,Hospital,Cardio,PROV-010,paid,0,6198.33,3596.98,D044
CL-393,PAT-1089,2024-01-03,13927.5,Clinic,Neuro,PROV-001,denied,1,21668.99,0.0,D040
CL-394,PAT-1550,2023-03-01,4443.43,Clinic,Neuro,PROV-016,paid,0,6851.37,3783.2,D149
CL-395,PAT-5178,2023-08-08,11681.75,Hospital,Cardio,PROV-002,paid,0,15718.81,11443.54,D074
CL-396,PAT-7091,2024-08-08,1826.91,Clinic,Ortho,PROV-003,paid,0,2813.47,1557.01,D042
CL-397,PAT-9704,2023-03-20,1365.51,Hospital,General,PROV-001,paid,0,1683.97,1094.26,D049
CL-398,PAT-3230,2023-03-07,11366.62,Clinic,Cardio,PROV-001,paid,0,18360.98,9692.1,D179
CL-399,PAT-3283,2024-09-03,959.63,Lab,General,PROV-002,paid,0,1478.14,995.44,D035
CL-400,PAT-7837,2024-02-25,7517.17,Lab,Ortho,PROV-001,paid,0,10421.98,7638.23,D110
CL-401,PAT-7486,2024-08-20,2881.58,Clinic,General,PROV-004,paid,0,3718.9,2787.87,D077
CL-402,PAT-9513,2023-03-19,2592.54,Lab,General,PROV-003,paid,0,3612.7,2657.48,D021
CL-403,PAT-4757,2024-11-11,12366.22,Hospital,Neuro,PROV-003,paid,0,19609.04,9975.88,D119
CL-404,PAT-2660,2023-05-11,2308.67,Clinic,Ortho,PROV-004,paid,0,2906.73,2069.06,D043
CL-405,PAT-9828,2024-09-03,10707.97,Hospital,Ortho,PROV-007,paid,0,17197.66,7243.94,D010
CL-406,PAT-7639,2024-05-31,5569.17,Lab,Cardio,PROV-001,paid,0,6431.36,3519.22,D121
CL-407,PAT-6571,2024-06-24,13896.8,Clinic,General,PROV-016,paid,0,18050.35,11350.16,D014
CL-408,PAT-7280,2023-08-28,9284.55,Clinic,Cardio,PROV-002,paid,0,15306.95,7460.64,D199
CL-409,PAT-5400,2024-10-16,9377.81,Clinic,General,PROV-003,paid,0,14755.79,9423.52,D082
CL-410,PAT-1764,2023-02-09,12066.87,Lab,General,PROV-010,paid,0,17733.22,7351.59,D128
CL-411,PAT-6038,2023-02-12,705.02,Lab,Ortho,PROV-025,paid,0,930.19,477.36,D055
CL-412,PAT-2064,2024-02-13,8665.31,Clinic,Neuro,PROV-001,pending,0,12191.87,1405.64,D115
CL-413,PAT-5132,2024-02-10,6110.38,Clinic,General,PROV-021,paid,0,7420.64,5450.76,D196
CL-414,PAT-7421,2023-09-06,7883.75,Hospital,General,PROV-002,denied,1,9951.74,0.0,D160
CL-415,PAT-3259,2024-04-16,7361.4,Lab,General,PROV-005,pending,0,11118.63,1474.86,D003
CL-416,PAT-5984,2023-06-30,14159.78,Hospital,Neuro,PROV-004,paid,0,16945.95,9616.88,D050
CL-417,PAT-4745,2024-09-15,1501.26,Clinic,Ortho,PROV-002,paid,0,2404.68,1212.65,D095
CL-418,PAT-7460,2023-09-26,573.93,Lab,Neuro,PROV-004,denied,1,922.51,0.0,D123
CL-419,PAT-3877,2024-04-08,5519.21,Clinic,Ortho,PROV-001,paid,0,6970.48,4409.62,D073
CL-420,PAT-3122,2024-03-17,12571.34,Lab,Neuro,PROV-004,pending,0,15492.81,1593.19,D119
CL-421,PAT-2623,2023-02-19,13503.7,Clinic,Ortho,PROV-005,paid,0,17770.08,13435.34,D144
CL-422,PAT-1722,2023-03-13,14185.91,Clinic,General,PROV-005,paid,0,22765.6,10006.6,D183
CL-423,PAT-6681,2024-12-17,6843.96,Hospital,General,PROV-003,paid,0,8263.92,6064.15,D132
CL-424,PAT-9347,2024-07-16,6555.52,Hospital,Cardio,PROV-003,paid,0,10658.79,6385.82,D057
CL-425,PAT-6204,2023-03-10,2100.08,Lab,Cardio,PROV-001,paid,0,3224.68,1550.66,D045
CL-426,PAT-6976,2024-08-14,9525.79,Clinic,Cardio,PROV-003,paid,0,13804.5,7747.78,D045
CL-427,PAT-2008,2023-11-13,4559.87,Hospital,General,PROV-002,paid,0,5545.06,3120.22,D137
CL-428,PAT-3199,2023-12-02,8831.32,Lab,Ortho,PROV-002,denied,1,13476.39,0.0,D048
CL-429,PAT-5695,2023-04-10,1270.72,Lab,General,PROV-024,paid,0,1810.88,760.89,D167
CL-430,PAT-2224,2023-01-03,10465.06,Clinic,Neuro,PROV-022,paid,0,13404.57,6048.31,D085
CL-431,PAT-1181,2024-06-08,2973.86,Lab,Neuro,PROV-001,denied,1,4904.04,0.0,D075
CL-432,PAT-3945,2023-01-10,8058.41,Lab,Neuro,PROV-002,paid,0,12626.49,4997.21,D174
CL-433,PAT-4686,2023-10-30,6441.36,Hospital,General,PROV-024,paid,0,9528.35,4493.06,D051
CL-434,PAT-9913,2023-06-26,12260.02,Hospital,Cardio,PROV-001,paid,0,18619.28,12453.71,D053
CL-435,PAT-9501,2023-01-02,953.74,Hospital,General,PROV-002,paid,0,1435.02,844.73,D056
CL-436,PAT-4643,2024-01-03,10413.34,Clinic,General,PROV-024,paid,0,14292.17,8593.6,D089
CL-437,PAT-5575,2023-03-04,12117.66,Clinic,General,PROV-019,paid,0,16090.67,8395.07,D007
CL-438,PAT-5023,2024-09-11,2721.61,Lab,Cardio,PROV-002,paid,0,4429.25,1897.78,D088
CL-439,PAT-5412,2023-12-27,5203.56,Clinic,Neuro,PROV-005,paid,0,7248.21,4654.3,D034
CL-440,PAT-5680,2023-03-09,7275.78,Clinic,General,PROV-004,paid,0,8747.49,7591.89,D087
CL-441,PAT-6067,2023-02-16,994.77,Clinic,General,PROV-004,paid,0,1475.71,958.19,D076
CL-442,PAT-2313,2024-03-19,14896.06,Lab,General,PROV-001,paid,0,19857.27,9038.19,D082
CL-443,PAT-6358,2023-10-10,10372.08,Hospital,Cardio,PROV-003,paid,0,16456.89,10659.74,D011
CL-444,PAT-2398,2024-11-16,13629.29,Lab,Neuro,PROV-023,paid,0,18362.09,13352.75,D127
CL-445,PAT-8989,2023-02-12,14280.88,Hospital,Neuro,PROV-001,paid,0,18252.0,9309.31,D154
CL-446,PAT-6784,2024-07-01,1918.12,Hospital,Cardio,PROV-001,paid,0,2326.86,1443.11,D105
CL-447,PAT-4410,2023-12-01,749.65,Clinic,General,PROV-025,paid,0,912.85,620.84,D068
CL-448,PAT-1537,2024-04-25,11560.1,Lab,Neuro,PROV-021,paid,0,17831.48,8736.49,D012
CL-449,PAT-4856,2024-07-31,4002.44,Lab,General,PROV-011,paid,0,6141.19,3313.86,D010
CL-450,PAT-3925,2024-07-24,10748.75,Lab,Ortho,PROV-005,paid,0,13262.44,7909.85,D157
CL-451,PAT-9541,2024-05-28,12439.21,Clinic,Neuro,PROV-004,paid,0,19095.94,7675.04,D125
CL-452,PAT-3366,2023-07-02,8169.46,Hospital,Neuro,PROV-004,paid,0,11573.7,7228.06,D040
CL-453,PAT-4875,2023-10-23,6130.2,Clinic,Neuro,PROV-024,paid,0,9445.17,4171.73,D029
CL-454,PAT-1923,2024-09-10,948.91,Lab,Neuro,PROV-025,paid,0,1144.0,654.73,D119
CL-455,PAT-4303,2024-07-27,11292.83,Lab,Cardio,PROV-001,paid,0,15305.44,6709.72,D025
CL-456,PAT-8600,2024-08-29,4767.99,Hospital,Ortho,PROV-014,paid,0,6370.42,4345.21,D171
CL-457,PAT-7760,2023-03-26,2469.04,Clinic,Cardio,PROV-013,paid,0,3674.68,2487.45,D135
CL-458,PAT-4048,2024-03-19,6754.35,Hospital,Ortho,PROV-002,paid,0,8022.69,4635.56,D106
CL-459,PAT-6489,2024-10-12,6293.89,Lab,Neuro,PROV-004,paid,0,9394.2,6581.13,D038
CL-460,PAT-8021,2023-12-26,5056.28,Lab,Ortho,PROV-021,paid,0,6195.53,4956.1,D143
CL-461,PAT-3256,2023-05-11,14773.51,Lab,Ortho,PROV-001,paid,0,20744.82,9419.48,D022
CL-462,PAT-1760,2023-05-04,3924.43,Hospital,Neuro,PROV-009,paid,0,5406.25,3302.33,D051
CL-463,PAT-3147,2024-09-07,13089.2,Clinic,Neuro,PROV-001,paid,0,18464.45,10588.58,D090
CL-464,PAT-8316,2024-01-16,7571.42,Lab,General,PROV-018,paid,0,9999.66,5465.78,D002
CL-465,PAT-7480,2023-12-04,8405.43,Hospital,Ortho,PROV-008,paid,0,9957.45,6156.29,D014
CL-466,PAT-2011,2024-02-13,5418.07,Hospital,Ortho,PROV-001,paid,0,7182.24,3130.29,D186
CL-467,PAT-4447,2024-12-30,9711.13,Hospital,General,PROV-001,paid,0,15403.71,10084.3,D162
CL-468,PAT-9632,2023-07-20,774.9,Clinic,Neuro,PROV-002,paid,0,1098.68,585.22,D107
CL-469,PAT-7149,2024-12-05,11205.72,Clinic,Cardio,PROV-011,paid,0,15542.79,10957.71,D090
CL-470,PAT-6916,2024-03-26,6399.79,Clinic,Neuro,PROV-014,paid,0,7585.96,6585.86,D016
CL-471,PAT-8604,2023-08-02,2234.09,Clinic,Cardio,PROV-002,denied,1,3470.07,0.0,D117
CL-472,PAT-1652,2024-05-21,13614.5,Hospital,General,PROV-005,paid,0,16331.09,8448.21,D116
CL-473,PAT-9480,2024-09-01,6792.15,Hospital,Ortho,PROV-003,paid,0,8062.32,4340.14,D002
CL-474,PAT-8740,2023-02-01,3282.21,Hospital,Cardio,PROV-022,paid,0,4336.87,2765.18,D199
CL-475,PAT-4595,2024-09-06,5478.62,Lab,General,PROV-003,paid,0,8603.03,4795.14,D013
CL-476,PAT-2153,2023-10-26,1823.1,Hospital,General,PROV-002,paid,0,2685.7,1894.3,D017
CL-477,PAT-6292,2023-11-28,8486.17,Hospital,Neuro,PROV-004,paid,0,11800.96,7037.6,D054
CL-478,PAT-4202,2023-02-08,12656.47,Clinic,Ortho,PROV-021,paid,0,18628.59,11774.48,D157
CL-479,PAT-5289,2024-06-01,7851.64,Hospital,Ortho,PROV-002,paid,0,10529.71,4905.14,D194
CL-480,PAT-6108,2023-07-26,10798.01,Clinic,General,PROV-012,paid,0,14909.75,9029.69,D035
CL-481,PAT-6167,2023-03-11,8849.08,Lab,Neuro,PROV-002,denied,1,10198.46,0.0,D031
CL-482,PAT-9652,2024-01-08,1278.93,Clinic,Cardio,PROV-008,paid,0,1849.81,969.33,D130
CL-483,PAT-7594,2024-09-29,8738.4,Hospital,General,PROV-020,paid,0,11582.73,4908.79,D150
CL-484,PAT-4764,2024-05-10,10682.6,Clinic,Cardio,PROV-012,paid,0,16616.59,8016.08,D069
CL-485,PAT-4561,2023-02-08,6028.03,Lab,Cardio,PROV-003,paid,0,9946.09,4405.78,D175
CL-486,PAT-9541,2024-10-06,1376.88,Hospital,General,PROV-023,paid,0,1889.43,1265.9,D192
CL-487,PAT-2231,2024-07-30,11629.45,Lab,Ortho,PROV-019,paid,0,14023.09,6522.89,D168
CL-488,PAT-7721,2023-11-21,8342.05,Hospital,Ortho,PROV-016,paid,0,11388.75,7208.06,D130
CL-489,PAT-6606,2023-04-06,4060.69,Clinic,Ortho,PROV-023,denied,1,6648.08,0.0,D009
CL-490,PAT-3455,2024-01-10,2604.25,Clinic,Cardio,PROV-004,paid,0,3570.73,2364.58,D010
CL-491,PAT-8806,2023-11-05,5027.08,Hospital,General,PROV-024,pending,0,7630.1,1332.12,D180
CL-492,PAT-6935,2023-05-15,4195.65,Lab,General,PROV-001,paid,0,5087.09,2431.02,D029
CL-493,PAT-1123,2024-08-05,11266.04,Lab,Cardio,PROV-005,paid,0,13861.56,9075.78,D059
CL-494,PAT-8208,2024-03-20,10211.5,Clinic,Ortho,PROV-002,paid,0,11768.14,8617.3,D172
CL-495,PAT-7319,2023-10-06,3143.28,Lab,Ortho,PROV-004,paid,0,5161.43,2512.99,D022
CL-496,PAT-9156,2024-09-06,6075.91,Hospital,Cardio,PROV-001,paid,0,8344.58,5629.73,D094
CL-497,PAT-6168,2023-04-21,2807.37,Lab,Neuro,PROV-016,paid,0,3560.34,2246.47,D093
CL-498,PAT-3712,2023-06-04,5942.95,Hospital,General,PROV-003,paid,0,8136.62,6180.57,D101
CL-499,PAT-2606,2024-09-28,12740.82,Hospital,General,PROV-007,paid,0,19745.28,9771.65,D111
CL-500,PAT-5239,2024-09-10,1021.89,Hospital,Ortho,PROV-004,paid,0,1627.06,829.5,D128
CL-501,PAT-5932,2024-04-23,8248.61,Hospital,Ortho,PROV-017,paid,0,11364.94,4888.41,D130
CL-502,PAT-6008,2023-06-17,3686.25,Hospital,Ortho,PROV-001,denied,1,5431.7,0.0,D141
CL-503,PAT-3166,2023-08-14,2374.06,Hospital,Neuro,PROV-010,paid,0,3793.2,2232.04,D178
CL-504,PAT-6182,2023-10-01,10817.91,Hospital,Cardio,PROV-012,paid,0,15965.26,9524.02,D167
CL-505,PAT-5627,2023-07-01,7840.36,Clinic,Ortho,PROV-001,paid,0,10215.39,6339.04,D162
CL-506,PAT-3136,2023-05-24,4415.6,Lab,Ortho,PROV-008,paid,0,6203.57,2851.38,D077
CL-507,PAT-3272,2024-11-03,8249.13,Hospital,Cardio,PROV-003,paid,0,10846.92,5180.48,D047
CL-508,PAT-9046,2023-10-24,13462.06,Hospital,Neuro,PROV-003,paid,0,17199.11,7550.3,D174
CL-509,PAT-8421,2023-03-23,7013.56,Lab,General,PROV-012,paid,0,9206.96,6164.37,D079
CL-510,PAT-8361,2023-02-25,901.64,Clinic,General,PROV-001,paid,0,1352.6,497.72,D016
CL-511,PAT-8654,2023-04-06,2154.57,Hospital,Cardio,PROV-004,paid,0,2608.84,1822.48,D159
CL-512,PAT-2739,2024-12-23,10589.13,Hospital,Ortho,PROV-002,paid,0,16847.34,6353.79,D103
CL-513,PAT-2542,2023-05-05,9248.28,Lab,Ortho,PROV-011,paid,0,13319.45,5117.52,D136
CL-514,PAT-5645,2024-11-17,4753.96,Clinic,Cardio,PROV-005,paid,0,7786.45,3933.47,D038
CL-515,PAT-7516,2023-08-10,9530.0,Clinic,Neuro,PROV-002,paid,0,15271.4,6266.23,D124
CL-516,PAT-5117,2023-10-16,2855.9,Hospital,General,PROV-002,denied,1,3702.32,0.0,D169
CL-517,PAT-8108,2023-11-16,4919.86,Hospital,Cardio,PROV-002,paid,0,6250.85,4297.3,D141
CL-518,PAT-6145,2024-06-17,11673.05,Clinic,Neuro,PROV-003,denied,1,18327.28,0.0,D111
CL-519,PAT-5936,2023-09-23,1597.34,Clinic,Ortho,PROV-018,paid,0,1853.64,1049.55,D026
CL-520,PAT-9890,2024-11-10,1911.44,Clinic,General,PROV-002,paid,0,2527.92,1768.76,D178
CL-521,PAT-6364,2023-04-01,3832.54,Hospital,Ortho,PROV-012,paid,0,5471.24,3757.18,D096
CL-522,PAT-5482,2023-01-07,14175.61,Lab,Cardio,PROV-001,paid,0,17622.83,7809.54,D008
CL-523,PAT-8618,2023-11-27,7951.42,Hospital,Ortho,PROV-001,paid,0,11168.04,4996.01,D179
CL-524,PAT-5075,2023-04-30,5537.32,Lab,Ortho,PROV-018,paid,0,8500.71,4486.62,D027
CL-525,PAT-2072,2023-11-23,13090.95,Lab,General,PROV-015,paid,0,18853.7,11340.39,D137
CL-526,PAT-2310,2023-01-24,12343.63,Hospital,Cardio,PROV-004,paid,0,14681.93,11454.01,D154
CL-527,PAT-2086,2024-07-21,1204.02,Clinic,Cardio,PROV-008,paid,0,1745.29,778.07,D001
CL-528,PAT-7732,2023-09-17,4906.54,Lab,Ortho,PROV-011,paid,0,7255.37,3581.42,D156
CL-529,PAT-8973,2024-08-14,5000.39,Clinic,General,PROV-022,pending,0,7158.98,1034.78,D149
CL-530,PAT-6577,2023-08-17,11121.59,Hospital,Cardio,PROV-005,denied,1,16582.65,0.0,D085
CL-531,PAT-8090,2023-09-21,8168.41,Lab,Ortho,PROV-005,paid,0,9801.14,7304.99,D067
CL-532,PAT-3647,2023-01-23,7032.96,Hospital,General,PROV-005,paid,0,9723.61,5998.99,D195
CL-533,PAT-7594,2023-10-12,14629.32,Clinic,Ortho,PROV-009,paid,0,17261.99,10998.95,D161
CL-534,PAT-8648,2023-04-22,9576.13,Hospital,Neuro,PROV-001,paid,0,13772.74,9315.85,D009
CL-535,PAT-1001,2024-12-15,3505.72,Hospital,Cardio,PROV-005,paid,0,4762.36,2173.83,D130
CL-536,PAT-9062,2024-04-26,11328.85,Clinic,Ortho,PROV-001,paid,0,14874.1,8834.45,D073
CL-537,PAT-7957,2023-02-23,8524.55,Hospital,General,PROV-008,paid,0,12947.95,8873.49,D187
CL-538,PAT-6784,2024-11-05,12109.16,Hospital,Ortho,PROV-001,paid,0,14023.1,11873.88,D020
CL-539,PAT-4579,2023-01-28,6634.45,Hospital,Ortho,PROV-001,paid,0,10008.44,3929.15,D178
CL-540,PAT-4414,2023-08-06,14060.84,Lab,Neuro,PROV-002,paid,0,20797.52,9978.31,D045
CL-541,PAT-5195,2024-10-28,11434.86,Lab,Ortho,PROV-005,paid,0,17936.42,8345.28,D140
CL-542,PAT-7614,2024-05-29,4872.89,Lab,Ortho,PROV-001,paid,0,6104.06,3677.51,D160
CL-543,PAT-2753,2023-07-10,11059.74,Hospital,Neuro,PROV-001,paid,0,17645.1,8857.64,D176
CL-544,PAT-6764,2023-03-31,8186.58,Hospital,General,PROV-016,paid,0,9922.01,6135.07,D160
CL-545,PAT-7216,2023-06-05,3251.68,Lab,General,PROV-019,paid,0,3826.51,2151.45,D174
CL-546,PAT-6325,2024-12-13,12207.3,Lab,General,PROV-017,paid,0,14654.7,9827.34,D106
CL-547,PAT-4368,2024-08-04,14559.12,Hospital,Neuro,PROV-002,paid,0,20262.23,10128.05,D011
CL-548,PAT-7661,2024-12-10,7694.23,Lab,Neuro,PROV-001,paid,0,12439.15,4698.52,D047
CL-549,PAT-2719,2023-01-18,12421.11,Hospital,General,PROV-011,paid,0,15034.54,8315.56,D083
CL-550,PAT-7475,2023-11-15,9145.19,Clinic,General,PROV-003,paid,0,12859.37,5618.77,D035
CL-551,PAT-6075,2023-01-10,1196.36,Lab,Neuro,PROV-008,paid,0,1765.01,886.31,D160
CL-552,PAT-4828,2024-03-20,10140.61,Hospital,Neuro,PROV-003,paid,0,14473.31,10564.53,D035
CL-553,PAT-6947,2024-10-11,4933.59,Clinic,Neuro,PROV-001,paid,0,7408.58,4240.17,D148
CL-554,PAT-6057,2023-12-01,10695.62,Hospital,Ortho,PROV-008,paid,0,14241.87,7652.51,D157
CL-555,PAT-2791,2024-04-16,5840.29,Clinic,Cardio,PROV-004,paid,0,7150.3,5603.64,D062
CL-556,PAT-3814,2024-08-12,3349.21,Clinic,Ortho,PROV-004,pending,0,5315.2,705.88,D138
CL-557,PAT-3989,2024-06-29,1136.08,Hospital,Neuro,PROV-001,paid,0,1590.19,916.61,D037
CL-558,PAT-9846,2023-02-24,1883.28,Clinic,Neuro,PROV-004,paid,0,3048.17,1704.65,D074
CL-559,PAT-8386,2023-07-30,11845.25,Hospital,General,PROV-020,paid,0,17640.59,8814.49,D098
CL-560,PAT-5695,2024-12-23,9940.99,Lab,General,PROV-020,denied,1,16100.0,0.0,D098
CL-561,PAT-8586,2024-02-21,4797.55,Hospital,Ortho,PROV-006,denied,1,6901.9,0.0,D134
CL-562,PAT-1555,2023-07-29,4099.92,Clinic,General,PROV-006,paid,0,6266.53,3812.86,D144
CL-563,PAT-7282,2023-08-19,7955.01,Lab,General,PROV-004,paid,0,12587.87,5554.97,D065
CL-564,PAT-1979,2023-09-30,4437.2,Clinic,Cardio,PROV-001,paid,0,6827.29,3727.38,D072
CL-565,PAT-5633,2024-10-26,12559.5,Lab,Neuro,PROV-011,denied,1,20484.11,0.0,D070
CL-566,PAT-5683,2024-03-22,5621.98,Lab,General,PROV-004,paid,0,8037.3,5042.27,D196
CL-567,PAT-6129,2023-08-31,11813.01,Hospital,Neuro,PROV-023,paid,0,18312.52,11124.06,D006
CL-568,PAT-1309,2024-05-30,5428.16,Clinic,Ortho,PROV-012,paid,0,7853.72,4708.12,D061
CL-569,PAT-2176,2023-02-09,3768.68,Lab,Cardio,PROV-001,paid,0,5106.52,3012.95,D086
CL-570,PAT-3628,2023-01-01,9109.65,Lab,Ortho,PROV-005,paid,0,10669.05,7236.84,D178
CL-571,PAT-1619,2024-05-15,13466.76,Lab,General,PROV-001,paid,0,20579.55,10037.14,D187
CL-572,PAT-1977,2024-02-28,6683.54,Clinic,Cardio,PROV-001,paid,0,10732.45,5896.53,D138
CL-573,PAT-3533,2024-04-22,9655.07,Hospital,Cardio,PROV-002,pending,0,13289.85,1186.56,D007
CL-574,PAT-6351,2024-06-25,3494.04,Hospital,General,PROV-001,paid,0,4358.94,3160.02,D126
CL-575,PAT-1467,2024-04-20,5501.05,Hospital,Cardio,PROV-004,paid,0,8878.21,5476.62,D035
CL-576,PAT-7540,2023-05-05,13988.46,Lab,Neuro,PROV-004,denied,1,23011.51,0.0,D077
CL-577,PAT-2026,2024-06-19,2839.61,Clinic,Ortho,PROV-005,paid,0,3681.79,2355.22,D132
CL-578,PAT-8238,2024-11-30,1471.21,Lab,Neuro,PROV-004,paid,0,1784.35,1092.04,D046
CL-579,PAT-5225,2024-02-05,4398.37,Hospital,General,PROV-002,paid,0,7106.13,2602.73,D120
CL-580,PAT-4721,2024-03-27,13373.69,Clinic,Cardio,PROV-005,paid,0,21459.79,7765.55,D049
CL-581,PAT-9891,2023-05-02,793.87,Hospital,Ortho,PROV-002,paid,0,1228.09,440.59,D132
CL-582,PAT-5495,2023-12-22,2113.94,Clinic,General,PROV-012,paid,0,3193.58,1518.46,D125
CL-583,PAT-5945,2023-01-27,6227.12,Lab,Ortho,PROV-002,paid,0,8206.95,6276.11,D025
CL-584,PAT-2992,2023-11-25,1777.27,Clinic,General,PROV-006,paid,0,2367.25,1577.72,D055
CL-585,PAT-5010,2023-03-25,9419.51,Hospital,Ortho,PROV-002,paid,0,11369.87,8600.71,D042
CL-586,PAT-3505,2024-10-22,10728.58,Hospital,Cardio,PROV-001,paid,0,12861.45,7670.74,D097
CL-587,PAT-7349,2024-01-23,4164.38,Lab,Neuro,PROV-001,paid,0,6804.45,4055.11,D002
CL-588,PAT-3003,2023-01-08,5322.95,Clinic,General,PROV-020,paid,0,7871.97,4755.87,D165
CL-589,PAT-1301,2023-08-22,13934.0,Clinic,Neuro,PROV-010,paid,0,20913.27,10276.19,D164
CL-590,PAT-2832,2023-02-20,14476.62,Hospital,Neuro,PROV-003,denied,1,22013.88,0.0,D133
CL-591,PAT-9944,2023-06-22,10550.75,Lab,Cardio,PROV-016,paid,0,13226.16,8038.68,D023
CL-592,PAT-7040,2023-05-09,458.76,Hospital,General,PROV-022,paid,0,585.89,405.57,D107
CL-593,PAT-8188,2023-08-03,10965.67,Hospital,Cardio,PROV-005,paid,0,14324.96,8637.02,D104
CL-594,PAT-6660,2024-01-16,1259.59,Lab,General,PROV-002,paid,0,1672.22,1270.22,D095
CL-595,PAT-1092,2024-01-03,6726.53,Lab,General,PROV-017,paid,0,9610.88,5987.88,D080
CL-596,PAT-5533,2024-01-08,10684.12,Lab,Ortho,PROV-023,paid,0,16870.53,10683.84,D142
CL-597,PAT-4289,2023-11-25,4077.58,Lab,General,PROV-012,paid,0,6130.62,3196.83,D123
CL-598,PAT-4234,2023-06-07,2804.69,Clinic,Ortho,PROV-019,paid,0,3498.21,1938.48,D150
CL-599,PAT-3062,2023-06-02,9836.31,Lab,Cardio,PROV-008,paid,0,12163.21,5949.71,D089
CL-600,PAT-2344,2024-08-18,12909.9,Clinic,Ortho,PROV-002,paid,0,20162.13,10964.31,D056
CL-601,PAT-4807,2024-10-02,4153.38,Lab,Ortho,PROV-002,paid,0,5510.07,3840.53,D116
CL-602,PAT-1588,2023-11-02,12873.99,Clinic,General,PROV-001,paid,0,17573.52,10715.05,D015
CL-603,PAT-2884,2023-05-01,4414.7,Lab,General,PROV-002,paid,0,5679.07,2468.52,D024
CL-604,PAT-8642,2024-05-06,12969.4,Lab,Ortho,PROV-003,paid,0,18616.95,7275.56,D150
CL-605,PAT-5466,2023-07-03,980.52,Hospital,Ortho,PROV-019,paid,0,1435.94,891.89,D024
CL-606,PAT-9413,2023-06-17,9369.83,Lab,Neuro,PROV-003,paid,0,14541.62,7685.91,D052
CL-607,PAT-5262,2024-06-02,8177.08,Clinic,Ortho,PROV-025,paid,0,13416.75,5748.56,D121
CL-608,PAT-5406,2024-01-06,9350.83,Hospital,Neuro,PROV-005,pending,0,15342.99,1468.92,D109
CL-609,PAT-2209,2023-06-02,14794.6,Clinic,General,PROV-013,paid,0,18983.96,8374.69,D011
CL-610,PAT-2538,2023-05-29,9955.93,Lab,General,PROV-015,paid,0,13032.37,9484.06,D083
CL-611,PAT-2425,2024-11-24,10614.0,Clinic,General,PROV-020,paid,0,14991.78,9032.28,D041
CL-612,PAT-3363,2023-02-05,11099.96,Clinic,General,PROV-002,paid,0,15570.15,9944.91,D138
CL-613,PAT-6851,2024-10-09,11217.43,Clinic,Ortho,PROV-001,paid,0,14745.72,11438.04,D153
CL-614,PAT-7830,2024-09-29,1343.62,Clinic,General,PROV-018,paid,0,1735.33,823.48,D185
CL-615,PAT-8951,2023-01-26,7568.58,Clinic,Cardio,PROV-022,pending,0,12401.23,1687.76,D100
CL-616,PAT-2897,2023-01-30,10049.68,Lab,Neuro,PROV-001,paid,0,15717.14,9102.88,D123
CL-617,PAT-2210,2023-05-20,7224.65,Hospital,Cardio,PROV-001,paid,0,9935.59,7491.76,D133
CL-618,PAT-3843,2024-01-14,12646.73,Hospital,Neuro,PROV-001,paid,0,18052.64,8523.71,D136
CL-619,PAT-4860,2023-05-01,997.78,Clinic,Cardio,PROV-004,paid,0,1296.06,722.15,D128
CL-620,PAT-6999,2024-09-24,7451.6,Hospital,Ortho,PROV-002,paid,0,8978.81,5844.13,D042
CL-621,PAT-2287,2023-09-25,13506.84,Clinic,Cardio,PROV-012,paid,0,18393.34,12705.58,D036
CL-622,PAT-7037,2024-09-30,1326.99,Lab,Neuro,PROV-009,paid,0,2036.48,985.91,D190
CL-623,PAT-8164,2024-02-01,13408.46,Hospital,General,PROV-004,paid,0,22044.21,8196.82,D038
CL-624,PAT-9932,2024-07-29,8279.18,Hospital,Cardio,PROV-011,paid,0,11070.56,5506.94,D151
CL-625,PAT-8960,2024-11-30,14997.61,Hospital,Neuro,PROV-014,paid,0,19304.69,13119.33,D115
CL-626,PAT-4512,2023-03-16,12109.38,Lab,Neuro,PROV-005,paid,0,15176.74,8537.25,D060
CL-627,PAT-9103,2024-09-24,891.01,Hospital,Neuro,PROV-021,pending,0,1047.64,58.84,D053
CL-628,PAT-5881,2024-06-18,14392.64,Hospital,General,PROV-001,paid,0,18929.48,14487.46,D104
CL-629,PAT-9695,2023-02-15,6385.62,Hospital,Ortho,PROV-016,paid,0,10465.94,5250.44,D194
CL-630,PAT-6861,2023-03-23,143.72,Hospital,Neuro,PROV-023,paid,0,200.11,86.04,D023
CL-631,PAT-4269,2024-01-12,8459.12,Hospital,Neuro,PROV-005,paid,0,10720.47,8672.89,D080
CL-632,PAT-4498,2023-02-13,12241.95,Lab,General,PROV-011,paid,0,14597.31,12726.91,D027
CL-633,PAT-9978,2023-05-26,2664.2,Clinic,Neuro,PROV-005,paid,0,3344.17,1638.74,D107
CL-634,PAT-4664,2024-08-30,13125.2,Lab,General,PROV-025,paid,0,16892.92,7412.38,D028
CL-635,PAT-9153,2024-06-07,4697.54,Hospital,General,PROV-010,pending,0,5541.56,649.57,D039
CL-636,PAT-4006,2023-07-06,14031.96,Lab,Neuro,PROV-016,paid,0,17433.42,10039.44,D169
CL-637,PAT-8473,2024-12-25,9853.85,Clinic,Neuro,PROV-005,paid,0,13096.81,8917.38,D187
CL-638,PAT-9897,2023-12-25,6658.55,Clinic,General,PROV-023,paid,0,8929.4,4456.21,D075
CL-639,PAT-2295,2024-08-19,5004.75,Clinic,Neuro,PROV-003,paid,0,7106.32,4308.8,D122
CL-640,PAT-2072,2024-05-12,6433.49,Clinic,Cardio,PROV-002,paid,0,10550.09,6316.05,D043
CL-641,PAT-9710,2023-10-31,6791.69,Clinic,Neuro,PROV-003,paid,0,9352.21,5686.04,D178
CL-642,PAT-4102,2023-10-22,10286.01,Lab,Ortho,PROV-003,paid,0,16343.74,10110.19,D048
CL-643,PAT-9761,2023-08-30,10881.16,Clinic,General,PROV-001,paid,0,14304.26,7139.27,D117
CL-644,PAT-1387,2024-11-04,3866.75,Clinic,Ortho,PROV-015,paid,0,5077.54,3913.43,D060
CL-645,PAT-8509,2024-05-30,4824.42,Lab,Cardio,PROV-009,paid,0,5807.23,4169.38,D026
CL-646,PAT-2442,2024-12-23,8599.51,Lab,Cardio,PROV-017,paid,0,11204.6,7348.4,D058
CL-647,PAT-3586,2024-01-21,9879.26,Clinic,General,PROV-001,denied,1,13694.71,0.0,D176
CL-648,PAT-9190,2024-04-12,8252.21,Hospital,Neuro,PROV-004,denied,1,10652.02,0.0,D062
CL-649,PAT-4038,2023-02-18,2358.77,Clinic,Cardio,PROV-014,paid,0,2883.33,1743.72,D030
CL-650,PAT-6557,2023-11-08,5058.14,Hospital,General,PROV-011,paid,0,6475.2,4083.43,D147
CL-651,PAT-2389,2024-08-18,6354.75,Clinic,General,PROV-021,paid,0,8093.82,3940.85,D101
CL-652,PAT-3990,2023-03-16,7318.86,Lab,Ortho,PROV-005,paid,0,11365.68,4687.22,D082
CL-653,PAT-7253,2023-03-31,5554.77,Hospital,Neuro,PROV-024,pending,0,9048.62,962.5,D096
CL-654,PAT-5667,2024-08-06,2339.11,Clinic,Cardio,PROV-017,paid,0,3374.89,2186.02,D198
CL-655,PAT-7988,2024-03-19,11922.32,Hospital,Neuro,PROV-002,paid,0,15486.68,12034.4,D040
CL-656,PAT-5059,2023-02-05,14315.34,Hospital,Ortho,PROV-022,paid,0,16469.17,12288.62,D059
CL-657,PAT-7882,2023-10-30,7739.9,Lab,Cardio,PROV-023,paid,0,9113.04,5057.99,D139
CL-658,PAT-3674,2024-03-28,8732.81,Hospital,General,PROV-004,denied,1,11351.4,0.0,D179
CL-659,PAT-2552,2024-01-04,3245.75,Hospital,Neuro,PROV-001,paid,0,4726.48,2186.2,D108
CL-660,PAT-1648,2023-09-03,685.54,Hospital,Cardio,PROV-005,paid,0,827.92,477.8,D145
CL-661,PAT-1820,2024-12-15,5305.54,Lab,Cardio,PROV-022,paid,0,8018.62,3913.91,D032
CL-662,PAT-1121,2023-11-22,14512.26,Hospital,General,PROV-011,paid,0,22260.25,9739.22,D147
CL-663,PAT-5216,2023-05-19,11566.71,Clinic,Neuro,PROV-025,paid,0,18986.82,9641.5,D071
CL-664,PAT-2383,2024-03-05,12329.49,Lab,Cardio,PROV-017,paid,0,14543.1,7690.95,D052
CL-665,PAT-3472,2024-01-10,3297.81,Lab,Neuro,PROV-002,pending,0,4425.05,217.61,D122
CL-666,PAT-6906,2023-02-08,3461.15,Clinic,Ortho,PROV-005,paid,0,5484.15,2846.15,D089
CL-667,PAT-7571,2023-03-09,6873.17,Lab,Cardio,PROV-004,paid,0,9714.92,4841.8,D141
CL-668,PAT-7817,2024-09-16,4231.62,Hospital,General,PROV-002,paid,0,6314.68,2798.55,D059
CL-669,PAT-4942,2023-08-26,8428.63,Hospital,Ortho,PROV-002,paid,0,12924.43,5276.36,D159
CL-670,PAT-6706,2023-05-15,7717.99,Clinic,Cardio,PROV-001,paid,0,11845.78,7950.76,D152
CL-671,PAT-2750,2024-02-07,10973.39,Hospital,Neuro,PROV-014,paid,0,14618.33,10876.74,D138
CL-672,PAT-8490,2024-11-04,7864.08,Lab,Neuro,PROV-005,paid,0,12433.02,7367.37,D131
CL-673,PAT-2613,2024-04-29,14221.39,Hospital,General,PROV-002,paid,0,19243.23,13263.18,D003
CL-674,PAT-8238,2024-12-02,7444.07,Lab,Neuro,PROV-019,paid,0,8700.61,7802.86,D074
CL-675,PAT-7245,2024-04-12,5475.26,Clinic,Cardio,PROV-002,paid,0,7354.17,5343.59,D155
CL-676,PAT-5093,2024-11-17,9351.95,Hospital,General,PROV-005,paid,0,12866.16,7777.11,D047
CL-677,PAT-6445,2023-12-22,9601.73,Clinic,Ortho,PROV-007,paid,0,11782.75,9405.8,D058
CL-678,PAT-6720,2023-12-06,12757.07,Hospital,General,PROV-002,pending,0,15550.21,694.33,D085
CL-679,PAT-3784,2023-08-09,11405.24,Clinic,Cardio,PROV-016,paid,0,13572.04,8518.7,D092
CL-680,PAT-1029,2023-01-10,11360.41,Lab,Neuro,PROV-024,paid,0,18604.29,11343.68,D016
CL-681,PAT-2364,2024-06-01,9665.08,Clinic,General,PROV-014,paid,0,14495.57,8331.85,D166
CL-682,PAT-7645,2024-06-13,8081.75,Hospital,Ortho,PROV-004,paid,0,12122.19,6306.28,D011
CL-683,PAT-6859,2024-02-23,5022.52,Clinic,Neuro,PROV-016,paid,0,6935.56,3581.52,D137
CL-684,PAT-8496,2024-04-20,5738.89,Hospital,Cardio,PROV-024,paid,0,7188.93,4863.2,D032
CL-685,PAT-9212,2024-04-21,9438.29,Hospital,General,PROV-017,denied,1,15374.92,0.0,D139
CL-686,PAT-4133,2023-07-25,6373.21,Lab,General,PROV-001,paid,0,9207.07,6655.17,D067
CL-687,PAT-5535,2023-03-16,13455.52,Hospital,General,PROV-024,paid,0,15900.69,10816.73,D064
CL-688,PAT-9463,2024-08-29,7926.36,Hospital,Neuro,PROV-020,paid,0,9213.86,5899.74,D130
CL-689,PAT-5090,2024-10-21,10936.87,Clinic,Ortho,PROV-005,paid,0,14547.65,8267.25,D035
CL-690,PAT-6673,2024-12-15,6189.21,Hospital,General,PROV-005,paid,0,8100.38,5469.69,D121
CL-691,PAT-1943,2023-03-02,14954.57,Clinic,Ortho,PROV-022,paid,0,22513.7,11000.53,D103
CL-692,PAT-4056,2023-10-27,8565.59,Hospital,Neuro,PROV-001,paid,0,12119.73,5020.11,D003
CL-693,PAT-4309,2024-06-25,7602.64,Hospital,Ortho,PROV-007,paid,0,9026.66,5500.12,D182
CL-694,PAT-9058,2023-12-28,5741.91,Lab,Cardio,PROV-002,paid,0,9243.4,5644.22,D099
CL-695,PAT-9325,2023-07-23,2263.43,Clinic,Ortho,PROV-005,paid,0,3593.44,2263.57,D134
CL-696,PAT-8904,2024-03-13,915.78,Clinic,General,PROV-003,paid,0,1350.93,528.94,D014
CL-697,PAT-2191,2023-04-17,13847.59,Lab,Cardio,PROV-007,paid,0,21161.22,14107.94,D012
CL-698,PAT-6030,2023-12-24,12471.41,Lab,Neuro,PROV-011,paid,0,19714.63,9277.95,D032
CL-699,PAT-6700,2023-08-10,3062.43,Clinic,General,PROV-001,paid,0,4762.28,2831.1,D055
CL-700,PAT-3760,2023-08-07,2366.86,Lab,Neuro,PROV-001,paid,0,3874.63,2020.13,D120
CL-701,PAT-7629,2024-05-24,4343.24,Clinic,Ortho,PROV-004,paid,0,5029.19,3609.7,D033
CL-702,PAT-5796,2023-03-16,13650.48,Hospital,Ortho,PROV-012,pending,0,21305.01,3109.49,D191
CL-703,PAT-5921,2023-03-27,10009.84,Hospital,Neuro,PROV-009,paid,0,13253.89,6988.98,D140
CL-704,PAT-9330,2023-04-12,12648.41,Clinic,Ortho,PROV-001,paid,0,14662.65,7292.29,D008
CL-705,PAT-4827,2024-04-30,11867.32,Hospital,Cardio,PROV-014,paid,0,17747.99,8236.83,D117
CL-706,PAT-3294,2024-09-21,7786.64,Hospital,Ortho,PROV-013,paid,0,9877.17,6482.03,D117
CL-707,PAT-8319,2023-04-04,4978.79,Clinic,Neuro,PROV-003,paid,0,7154.58,4910.67,D029
CL-708,PAT-5552,2024-03-05,4179.26,Hospital,Neuro,PROV-004,paid,0,5101.13,3988.78,D048
CL-709,PAT-5755,2024-07-22,10656.86,Hospital,Cardio,PROV-009,paid,0,13115.14,6469.89,D178
CL-710,PAT-6356,2023-10-05,1215.59,Clinic,Ortho,PROV-003,denied,1,1420.16,0.0,D073
CL-711,PAT-2190,2023-07-04,2611.62,Lab,Cardio,PROV-004,denied,1,4140.12,0.0,D055
CL-712,PAT-9060,2024-03-24,13118.66,Clinic,Ortho,PROV-001,paid,0,19825.36,13141.06,D103
CL-713,PAT-1426,2023-04-08,809.85,Lab,Neuro,PROV-017,paid,0,1222.11,512.11,D114
CL-714,PAT-3250,2024-11-05,6631.3,Clinic,General,PROV-005,paid,0,10633.27,5300.37,D177
CL-715,PAT-7761,2023-01-20,7876.02,Lab,General,PROV-003,paid,0,10879.58,6104.85,D080
CL-716,PAT-5819,2023-09-19,12262.43,Clinic,Ortho,PROV-005,paid,0,17455.18,10445.94,D159
CL-717,PAT-9833,2023-01-22,13957.39,Hospital,Ortho,PROV-023,denied,1,21603.63,0.0,D034
CL-718,PAT-7854,2023-05-14,12286.12,Lab,Cardio,PROV-014,paid,0,18614.08,8105.66,D127
CL-719,PAT-6170,2024-03-18,145.24,Lab,Cardio,PROV-001,paid,0,194.41,111.9,D097
CL-720,PAT-8448,2023-02-13,9943.34,Hospital,General,PROV-012,paid,0,12831.16,6975.56,D013
CL-721,PAT-5364,2024-11-23,12176.37,Lab,Ortho,PROV-002,paid,0,19062.1,9391.77,D013
CL-722,PAT-6671,2023-03-19,10155.3,Clinic,Cardio,PROV-005,paid,0,16549.58,9281.44,D141
CL-723,PAT-8782,2023-10-29,10007.39,Lab,Neuro,PROV-001,paid,0,13995.86,5736.1,D165
CL-724,PAT-9003,2024-07-04,2870.33,Lab,Cardio,PROV-024,paid,0,4455.08,1624.73,D129
CL-725,PAT-3881,2024-07-20,5673.4,Lab,Ortho,PROV-001,paid,0,6645.04,5476.36,D162
CL-726,PAT-1643,2023-01-21,8716.83,Lab,Ortho,PROV-022,paid,0,13501.58,8434.48,D145
CL-727,PAT-8886,2023-03-29,9641.67,Hospital,Neuro,PROV-005,paid,0,13539.84,9273.49,D142
CL-728,PAT-8377,2024-01-18,7658.47,Clinic,Cardio,PROV-004,paid,0,11031.08,6740.78,D042
CL-729,PAT-2416,2023-11-06,5722.99,Clinic,Cardio,PROV-013,paid,0,8805.57,4361.04,D067
CL-730,PAT-3088,2024-08-07,13647.42,Hospital,General,PROV-011,paid,0,22149.07,11530.44,D148
CL-731,PAT-4722,2024-03-21,7162.73,Lab,Neuro,PROV-025,paid,0,8955.24,4755.97,D171
CL-732,PAT-4772,2023-06-03,3292.29,Hospital,General,PROV-004,paid,0,4111.93,3060.6,D054
CL-733,PAT-7739,2023-04-16,13823.18,Lab,General,PROV-022,denied,1,18074.32,0.0,D024
CL-734,PAT-2353,2023-06-29,12618.48,Lab,Neuro,PROV-005,paid,0,20596.35,10810.93,D165
CL-735,PAT-5002,2023-06-17,10988.25,Clinic,Ortho,PROV-001,paid,0,13501.63,9226.75,D096
CL-736,PAT-3578,2024-06-09,2021.15,Hospital,Ortho,PROV-004,paid,0,2434.9,1740.42,D032
CL-737,PAT-5054,2023-08-06,5367.58,Hospital,Ortho,PROV-018,denied,1,7757.36,0.0,D062
CL-738,PAT-9043,2023-12-05,3645.26,Lab,Cardio,PROV-021,paid,0,4961.21,2993.04,D169
CL-739,PAT-6521,2024-01-27,4271.1,Hospital,Neuro,PROV-015,paid,0,5434.93,4344.49,D170
CL-740,PAT-7492,2024-05-27,5264.08,Clinic,General,PROV-003,paid,0,8677.48,4747.14,D197
CL-741,PAT-6413,2023-09-22,4015.73,Clinic,Ortho,PROV-021,paid,0,4997.58,3198.73,D070
CL-742,PAT-4628,2023-02-22,12977.12,Clinic,Neuro,PROV-005,paid,0,15842.91,8822.66,D136
CL-743,PAT-2541,2023-02-13,7665.53,Hospital,Neuro,PROV-001,paid,0,12545.48,7029.3,D142
CL-744,PAT-9283,2024-03-13,953.96,Clinic,General,PROV-001,pending,0,1555.69,134.25,D003
CL-745,PAT-8987,2024-11-10,11081.47,Hospital,Cardio,PROV-003,denied,1,16884.68,0.0,D046
CL-746,PAT-1977,2023-04-25,10670.37,Clinic,Neuro,PROV-023,paid,0,13750.91,10557.47,D117
CL-747,PAT-8397,2024-12-29,10581.52,Hospital,Cardio,PROV-001,paid,0,12772.7,8919.32,D049
CL-748,PAT-3942,2024-04-06,1985.18,Clinic,Ortho,PROV-015,pending,0,2911.71,223.45,D189
CL-749,PAT-5500,2023-11-29,14779.54,Clinic,General,PROV-022,paid,0,22846.82,8564.75,D199
CL-750,PAT-1165,2024-08-07,3913.06,Clinic,Cardio,PROV-020,paid,0,5206.7,3871.27,D049
CL-751,PAT-3774,2024-11-06,12643.32,Lab,Cardio,PROV-006,paid,0,18020.09,12362.84,D087
CL-752,PAT-8748,2024-10-10,14666.67,Lab,Cardio,PROV-005,paid,0,21690.02,8194.93,D108
CL-753,PAT-3426,2024-10-31,5398.37,Lab,General,PROV-001,paid,0,6541.01,3986.19,D188
CL-754,PAT-9694,2023-10-15,14446.76,Hospital,Ortho,PROV-002,paid,0,17346.67,12955.87,D033
CL-755,PAT-7740,2024-07-24,4518.03,Clinic,Ortho,PROV-001,paid,0,5424.66,2567.7,D083
CL-756,PAT-9672,2024-09-24,11975.02,Lab,General,PROV-009,paid,0,17891.53,9744.54,D064
CL-757,PAT-4261,2024-02-10,3414.13,Hospital,Ortho,PROV-018,paid,0,4572.78,2106.3,D098
CL-758,PAT-8856,2023-04-04,10832.2,Lab,General,PROV-005,paid,0,17597.21,8456.03,D068
CL-759,PAT-4440,2023-06-17,5086.85,Clinic,Neuro,PROV-004,paid,0,6339.14,5000.62,D168
CL-760,PAT-8023,2024-03-17,12425.78,Hospital,Neuro,PROV-004,denied,1,18201.43,0.0,D191
CL-761,PAT-2418,2023-08-26,5316.76,Lab,Ortho,PROV-009,paid,0,8609.96,3166.73,D160
CL-762,PAT-5038,2024-07-21,2795.87,Hospital,Neuro,PROV-005,paid,0,3655.37,2302.1,D051
CL-763,PAT-1152,2024-03-06,9282.2,Hospital,Neuro,PROV-003,paid,0,12917.71,8812.1,D026
CL-764,PAT-3519,2023-07-09,4204.25,Lab,Ortho,PROV-003,paid,0,6218.78,2340.82,D131
CL-765,PAT-9906,2024-11-16,11878.63,Clinic,Neuro,PROV-001,paid,0,17690.0,9912.48,D033
CL-766,PAT-4465,2024-05-09,285.21,Lab,Ortho,PROV-022,paid,0,353.7,239.14,D041
CL-767,PAT-9551,2023-10-12,7735.51,Clinic,General,PROV-002,paid,0,11724.23,7009.37,D101
CL-768,PAT-2757,2023-12-08,5902.79,Lab,Cardio,PROV-001,paid,0,9037.2,3250.12,D098
CL-769,PAT-6787,2023-08-10,2892.08,Lab,Cardio,PROV-008,paid,0,4402.04,2362.17,D139
CL-770,PAT-9549,2024-01-29,7918.62,Clinic,Cardio,PROV-001,paid,0,12436.01,6406.41,D125
CL-771,PAT-4141,2024-09-14,2263.71,Clinic,Cardio,PROV-003,paid,0,3465.79,2034.97,D193
CL-772,PAT-2874,2024-12-11,7179.92,Lab,Ortho,PROV-006,paid,0,11668.76,5604.49,D054
CL-773,PAT-3194,2024-07-27,5336.05,Clinic,Neuro,PROV-002,paid,0,7808.29,5150.83,D126
CL-774,PAT-9581,2024-02-10,5386.87,Lab,Cardio,PROV-001,paid,0,6606.4,3731.73,D058
CL-775,PAT-9310,2024-06-03,1314.74,Lab,General,PROV-014,paid,0,2149.08,1060.07,D021
CL-776,PAT-3759,2024-11-15,4650.04,Hospital,Ortho,PROV-016,pending,0,7424.48,798.6,D168
CL-777,PAT-8076,2024-10-18,14501.51,Clinic,General,PROV-009,paid,0,18081.75,12895.24,D191
CL-778,PAT-2685,2023-01-30,3897.25,Hospital,Ortho,PROV-005,pending,0,5726.74,187.18,D067
CL-779,PAT-2453,2023-05-15,13961.77,Lab,Cardio,PROV-002,paid,0,16440.69,8274.89,D023
CL-780,PAT-8546,2023-11-23,5879.3,Lab,Neuro,PROV-002,paid,0,9023.7,6103.94,D089
CL-781,PAT-4949,2023-09-13,5462.84,Lab,General,PROV-002,paid,0,8360.73,3889.88,D132
CL-782,PAT-3560,2024-05-20,12435.88,Hospital,Cardio,PROV-021,paid,0,17506.46,7235.0,D025
CL-783,PAT-1885,2023-11-21,4970.4,Lab,Neuro,PROV-004,paid,0,7232.49,3344.02,D081
CL-784,PAT-3290,2024-05-15,6074.97,Lab,Neuro,PROV-007,paid,0,7660.34,5664.13,D112
CL-785,PAT-9197,2024-10-14,3362.78,Hospital,Cardio,PROV-024,paid,0,4047.46,2100.27,D101
CL-786,PAT-9016,2023-08-15,1081.4,Clinic,Cardio,PROV-002,paid,0,1560.5,755.94,D053
CL-787,PAT-8290,2024-12-19,13444.84,Hospital,Ortho,PROV-011,paid,0,21170.27,13234.12,D069
CL-788,PAT-2664,2024-05-16,12318.86,Lab,Ortho,PROV-001,pending,0,15135.67,1513.34,D100
CL-789,PAT-4654,2024-02-26,9954.47,Hospital,Cardio,PROV-014,pending,0,15633.32,848.15,D042
CL-790,PAT-4098,2023-06-18,6597.3,Hospital,Cardio,PROV-001,denied,1,7946.57,0.0,D129
CL-791,PAT-8778,2024-06-26,3288.61,Hospital,Cardio,PROV-008,paid,0,4885.89,1955.47,D007
CL-792,PAT-3704,2024-09-02,2709.15,Lab,General,PROV-002,paid,0,3360.27,2464.85,D130
CL-793,PAT-5533,2024-04-21,9522.72,Clinic,Ortho,PROV-023,paid,0,15278.62,7203.96,D159
CL-794,PAT-8341,2024-12-20,2437.05,Lab,Neuro,PROV-002,paid,0,3817.74,1472.22,D093
CL-795,PAT-3666,2023-07-05,9851.03,Hospital,Ortho,PROV-002,paid,0,13269.98,6460.03,D107
CL-796,PAT-5778,2023-01-24,12329.99,Lab,Ortho,PROV-002,paid,0,20179.18,8049.02,D139
CL-797,PAT-7007,2023-11-29,8772.26,Hospital,Neuro,PROV-008,paid,0,10401.92,6675.58,D143
CL-798,PAT-5416,2024-03-22,7651.14,Clinic,Neuro,PROV-001,paid,0,12538.76,5585.4,D122
CL-799,PAT-3224,2024-09-18,7615.53,Clinic,Neuro,PROV-019,paid,0,8898.3,7150.47,D042
CL-800,PAT-1953,2023-08-31,12048.94,Lab,Neuro,PROV-009,paid,0,16365.36,10529.01,D157
CL-801,PAT-6742,2023-06-07,10432.36,Clinic,Neuro,PROV-005,paid,0,13771.89,8849.86,D127
CL-802,PAT-3507,2024-02-20,4754.2,Lab,Neuro,PROV-001,pending,0,7704.13,797.56,D102
CL-803,PAT-7350,2023-12-27,2038.01,Clinic,Ortho,PROV-003,denied,1,2643.43,0.0,D092
CL-804,PAT-8400,2024-10-30,13949.4,Clinic,Neuro,PROV-008,paid,0,21500.09,10965.74,D162
CL-805,PAT-1259,2024-04-29,9821.71,Hospital,Ortho,PROV-018,pending,0,13087.15,775.45,D135
CL-806,PAT-2533,2024-04-21,11417.63,Hospital,Ortho,PROV-001,denied,1,18342.24,0.0,D073
CL-807,PAT-7358,2024-01-18,1963.6,Hospital,General,PROV-019,paid,0,2925.39,1309.66,D137
CL-808,PAT-2588,2024-11-12,14074.64,Lab,General,PROV-023,paid,0,16817.04,7773.98,D135
CL-809,PAT-7173,2023-03-15,12942.82,Hospital,Neuro,PROV-005,paid,0,18859.02,11160.83,D176
CL-810,PAT-6704,2023-10-17,10822.44,Clinic,General,PROV-005,paid,0,13917.1,7051.09,D148
CL-811,PAT-1518,2024-03-27,2471.4,Hospital,Ortho,PROV-003,paid,0,3885.86,1657.96,D172
CL-812,PAT-3388,2023-08-15,848.53,Clinic,Neuro,PROV-001,paid,0,991.84,588.82,D190
CL-813,PAT-4479,2023-06-19,14598.52,Lab,Ortho,PROV-008,paid,0,18252.55,12432.52,D069
CL-814,PAT-1349,2023-04-09,9068.57,Hospital,Ortho,PROV-016,paid,0,11659.27,9223.35,D195
CL-815,PAT-9112,2023-03-16,8370.05,Clinic,General,PROV-008,pending,0,13586.14,15.55,D177
CL-816,PAT-9330,2023-05-23,6344.67,Hospital,Cardio,PROV-002,paid,0,9748.75,4472.69,D105
CL-817,PAT-8001,2024-05-24,12692.32,Hospital,General,PROV-011,paid,0,19394.7,7723.71,D045
CL-818,PAT-6991,2024-07-13,11513.28,Hospital,Cardio,PROV-001,paid,0,16634.15,6702.53,D068
CL-819,PAT-8676,2024-09-03,1953.7,Hospital,General,PROV-001,paid,0,3029.62,1600.17,D177
CL-820,PAT-1660,2023-12-11,13349.71,Lab,General,PROV-016,paid,0,17305.5,11385.1,D047
CL-821,PAT-5174,2023-06-01,2623.52,Hospital,Ortho,PROV-014,denied,1,3306.73,0.0,D059
CL-822,PAT-7276,2024-09-25,816.14,Clinic,Neuro,PROV-017,paid,0,1153.37,570.85,D081
CL-823,PAT-5915,2023-04-08,12729.34,Lab,General,PROV-006,paid,0,17129.43,9213.3,D171
CL-824,PAT-2554,2023-05-12,12912.66,Hospital,Cardio,PROV-018,paid,0,20779.92,9164.77,D174
CL-825,PAT-2521,2023-07-17,3893.38,Hospital,Ortho,PROV-001,denied,1,5917.24,0.0,D069
CL-826,PAT-4391,2024-05-15,231.25,Lab,Cardio,PROV-003,paid,0,326.25,229.71,D091
CL-827,PAT-8875,2023-06-29,8642.85,Clinic,Ortho,PROV-003,pending,0,14103.77,1633.66,D110
CL-828,PAT-5194,2024-03-02,12345.56,Clinic,Ortho,PROV-001,paid,0,15130.95,9448.12,D025
CL-829,PAT-1498,2024-09-07,3336.85,Lab,Cardio,PROV-019,paid,0,4029.3,2023.89,D018
CL-830,PAT-1675,2024-03-09,4652.79,Clinic,Neuro,PROV-018,paid,0,6848.14,3500.79,D166
CL-831,PAT-7504,2024-03-21,3699.99,Lab,Cardio,PROV-017,paid,0,5769.54,2822.97,D194
CL-832,PAT-6976,2024-07-14,5216.01,Hospital,Neuro,PROV-003,paid,0,8139.19,5012.2,D097
CL-833,PAT-4718,2024-08-23,5397.97,Lab,General,PROV-002,paid,0,7944.76,4793.14,D154
CL-834,PAT-9545,2024-09-11,5355.35,Lab,Cardio,PROV-008,paid,0,8596.53,3052.92,D087
CL-835,PAT-9421,2024-02-15,12212.27,Clinic,Cardio,PROV-008,paid,0,18354.89,9820.69,D001
CL-836,PAT-8738,2023-08-26,11620.37,Clinic,Ortho,PROV-001,pending,0,16975.07,2269.56,D045
CL-837,PAT-8087,2024-10-11,3895.54,Hospital,Neuro,PROV-006,paid,0,6331.97,3165.23,D061
CL-838,PAT-6254,2023-12-17,9902.0,Hospital,General,PROV-001,paid,0,13009.87,7782.72,D075
CL-839,PAT-1291,2023-07-08,9960.63,Clinic,Ortho,PROV-002,paid,0,15418.88,6362.13,D135
CL-840,PAT-6303,2024-04-22,3567.36,Hospital,Ortho,PROV-012,paid,0,5870.1,2313.69,D150
CL-841,PAT-2064,2024-11-04,1596.95,Clinic,General,PROV-020,paid,0,2127.72,1145.86,D163
CL-842,PAT-3394,2023-01-10,8633.89,Lab,Cardio,PROV-014,paid,0,10663.79,5947.2,D196
CL-843,PAT-7858,2023-01-04,8245.69,Hospital,Cardio,PROV-012,paid,0,11500.99,6604.18,D122
CL-844,PAT-2977,2024-03-26,13315.1,Clinic,General,PROV-005,paid,0,20739.24,10039.99,D104
CL-845,PAT-2750,2023-01-02,8149.12,Hospital,General,PROV-010,paid,0,9960.89,5227.27,D115
CL-846,PAT-5247,2024-07-18,4169.78,Clinic,General,PROV-005,paid,0,5338.4,2391.86,D059
CL-847,PAT-2702,2024-04-19,5256.55,Lab,General,PROV-016,paid,0,8424.71,5341.29,D113
CL-848,PAT-6826,2024-01-22,12693.28,Lab,Neuro,PROV-020,paid,0,14961.66,8576.13,D036
CL-849,PAT-5462,2023-09-19,1033.6,Clinic,Neuro,PROV-001,paid,0,1506.05,830.61,D120
CL-850,PAT-9982,2023-07-22,6667.2,Clinic,Neuro,PROV-006,paid,0,8205.13,4497.54,D063
CL-851,PAT-6104,2023-02-17,2162.85,Clinic,Cardio,PROV-001,paid,0,2695.9,2115.56,D041
CL-852,PAT-9305,2023-10-23,859.25,Clinic,Ortho,PROV-005,paid,0,1109.55,667.97,D098
CL-853,PAT-9695,2023-02-05,5224.16,Clinic,Neuro,PROV-024,paid,0,6451.0,4932.86,D067
CL-854,PAT-2509,2023-09-29,3977.2,Hospital,Neuro,PROV-016,paid,0,5324.03,4141.38,D197
CL-855,PAT-9946,2023-07-23,14707.83,Clinic,Neuro,PROV-002,paid,0,19301.16,13464.09,D026
CL-856,PAT-5211,2024-01-27,5013.54,Clinic,Ortho,PROV-024,paid,0,7351.3,3309.14,D139
CL-857,PAT-3416,2023-08-03,10236.43,Hospital,Cardio,PROV-003,paid,0,14987.53,9844.39,D022
CL-858,PAT-7470,2023-02-06,12695.51,Hospital,General,PROV-001,pending,0,16526.19,215.61,D023
CL-859,PAT-5909,2024-12-13,2590.36,Lab,General,PROV-002,paid,0,3394.32,2004.43,D185
CL-860,PAT-8604,2024-12-03,14764.83,Clinic,Neuro,PROV-011,paid,0,23356.92,11514.89,D060
CL-861,PAT-3824,2023-08-13,4303.66,Clinic,General,PROV-004,paid,0,5501.12,3582.15,D075
CL-862,PAT-4128,2023-09-06,4789.45,Hospital,General,PROV-017,paid,0,7549.39,2920.95,D115
CL-863,PAT-7022,2023-12-25,2443.39,Clinic,Cardio,PROV-018,paid,0,3444.93,1392.72,D079
CL-864,PAT-2255,2024-09-08,14205.14,Clinic,Ortho,PROV-002,paid,0,21883.7,11200.74,D059
CL-865,PAT-4042,2023-06-10,2189.83,Lab,Ortho,PROV-001,paid,0,2680.93,1617.27,D171
CL-866,PAT-2280,2024-05-08,14579.19,Clinic,Ortho,PROV-004,paid,0,22312.95,8633.94,D137
CL-867,PAT-3784,2023-12-24,14059.0,Clinic,Ortho,PROV-016,denied,1,20441.17,0.0,D049
CL-868,PAT-5159,2023-03-29,4057.22,Hospital,Neuro,PROV-013,paid,0,6471.38,3762.89,D077
CL-869,PAT-8969,2024-05-28,4707.5,Hospital,Cardio,PROV-003,paid,0,6128.82,3647.99,D046
CL-870,PAT-3847,2023-04-04,9814.21,Clinic,Neuro,PROV-004,paid,0,15700.37,9155.71,D119
CL-871,PAT-7600,2024-12-20,9472.3,Clinic,Neuro,PROV-004,paid,0,13558.61,7401.06,D123
CL-872,PAT-5373,2024-03-23,6885.47,Hospital,General,PROV-002,paid,0,8359.19,6376.25,D044
CL-873,PAT-5874,2024-11-24,7707.57,Clinic,Ortho,PROV-019,paid,0,10994.04,7673.32,D050
CL-874,PAT-3317,2024-06-28,7879.73,Hospital,General,PROV-005,paid,0,12630.34,7755.33,D060
CL-875,PAT-8449,2024-02-02,3444.97,Hospital,Ortho,PROV-001,paid,0,5491.62,3363.17,D195
CL-876,PAT-1638,2024-05-07,9177.96,Clinic,General,PROV-011,paid,0,10714.41,9520.85,D068
CL-877,PAT-6595,2024-03-27,1688.2,Clinic,General,PROV-002,paid,0,2651.98,1750.51,D135
CL-878,PAT-5543,2023-04-12,10727.96,Clinic,General,PROV-004,paid,0,15095.9,7047.66,D156
CL-879,PAT-6032,2023-10-10,2481.0,Clinic,General,PROV-001,paid,0,3384.91,1680.21,D091
