order_date,order_id,customer_id,revenue,product_id,quantity
2024-11-24,E3-00001,C0038,190.75,P040,4
2024-02-02,E3-00002,C0041,440.29,P016,4
2024-07-03,E3-00003,C0228,392.57,P023,5
2024-08-27,E3-00004,C0170,69.48,P058,1
2024-03-28,E3-00005,C0228,162.27,P007,1
2024-02-15,E3-00006,C0005,274.77,P053,3
2024-09-02,E3-00007,C0062,48.19,P077,5
2024-09-04,E3-00008,C0208,250.2,P038,2
2024-03-18,E3-00009,C0101,273.41,P015,5
2025-05-19,E3-00010,C0139,107.9,P027,2
2024-08-09,E3-00011,C0051,166.51,P057,2
2024-02-26,E3-00012,C0080,38.88,P061,3
2024-11-22,E3-00013,C0281,203.6,P014,5
2025-04-27,E3-00014,C0159,478.35,P032,1
2025-06-18,E3-00015,C0213,360.47,P077,4
2025-02-24,E3-00016,C0020,32.01,P008,3
2024-11-27,E3-00017,C0161,194.45,P066,3
2024-12-05,E3-00018,C0267,482.25,P028,2
2025-02-28,E3-00019,C0173,318.43,P037,3
2024-10-29,E3-00020,C0008,132.0,P044,2
2024-02-28,E3-00021,C0151,66.99,P038,2
2025-02-03,E3-00022,C0059,116.3,P003,3
2024-04-28,E3-00023,C0215,144.61,P067,1
2024-05-23,E3-00024,C0098,244.98,P009,4
2024-06-02,E3-00025,C0246,216.71,P017,1
2025-03-13,E3-00026,C0124,241.61,P029,1
2024-06-25,E3-00027,C0156,125.75,P034,2
2025-04-12,E3-00028,C0257,29.59,P055,2
2024-01-28,E3-00029,C0250,111.13,P002,3
2024-04-06,E3-00030,C0078,336.12,P013,5
2024-04-19,E3-00031,C0153,55.08,P071,5
2024-01-08,E3-00032,C0282,54.26,P033,1
2024-04-23,E3-00033,C0225,488.09,P077,2
2024-06-09,E3-00034,C0263,338.49,P040,3
2025-04-26,E3-00035,C0090,193.81,P010,3
2024-11-05,E3-00036,C0295,254.3,P062,1
2024-06-13,E3-00037,C0029,230.9,P032,4
2025-05-13,E3-00038,C0240,101.05,P001,2
2024-11-15,E3-00039,C0134,483.02,P018,4
2025-03-19,E3-00040,C0293,277.58,P018,4
2024-06-17,E3-00041,C0087,429.25,P067,2
2024-12-14,E3-00042,C0016,250.46,P043,3
2024-03-10,E3-00043,C0179,297.72,P023,1
2024-10-10,E3-00044,C0183,354.67,P016,3
2024-06-01,E3-00045,C0133,209.3,P002,1
2025-02-21,E3-00046,C0175,204.56,P073,2
2025-04-22,E3-00047,C0097,261.72,P034,5
2025-05-02,E3-00048,C0079,237.03,P024,3
2024-04-23,E3-00049,C0065,44.11,P051,3
2025-01-05,E3-00050,C0039,348.4,P074,5
2024-03-04,E3-00051,C0108,421.02,P034,1
2024-12-17,E3-00052,C0152,149.58,P033,2
2025-04-17,E3-00053,C0098,400.11,P070,3
2025-01-28,E3-00054,C0184,453.44,P014,4
2024-10-31,E3-00055,C0206,36.8,P058,4
2025-01-27,E3-00056,C0167,31.33,P014,5
2024-09-15,E3-00057,C0210,373.98,P001,4
2025-03-06,E3-00058,C0015,256.45,P056,5
2025-05-21,E3-00059,C0129,420.61,P053,4
2025-05-21,E3-00060,C0246,284.23,P002,5
2024-08-26,E3-00061,C0082,373.12,P025,5
2025-03-01,E3-00062,C0085,154.32,P047,3
2025-01-05,E3-00063,C0278,280.18,P004,1
2025-03-09,E3-00064,C0015,65.82,P049,4
2024-10-07,E3-00065,C0172,416.35,P067,5
2025-04-09,E3-00066,C0224,499.72,P011,3
2024-06-14,E3-00067,C0235,51.28,P001,3
2025-04-04,E3-00068,C0033,94.0,P033,5
2025-06-25,E3-00069,C0274,291.92,P002,1
2024-06-29,E3-00070,C0026,124.76,P056,4
2024-02-07,E3-00071,C0074,402.73,P014,2
2025-01-13,E3-00072,C0092,152.82,P008,3
2024-01-20,E3-00073,C0234,240.46,P076,1
2024-02-07,E3-00074,C0258,101.41,P080,1
2024-06-19,E3-00075,C0266,156.93,P034,3
2025-03-27,E3-00076,C0263,423.53,P010,2
2024-01-21,E3-00077,C0141,413.63,P074,1
2024-04-30,E3-00078,C0252,385.02,P070,1
2024-11-19,E3-00079,C0175,273.18,P042,5
2024-02-18,E3-00080,C0010,201.71,P074,4
2025-05-18,E3-00081,C0109,384.11,P047,1
2025-03-11,E3-00082,C0095,285.95,P076,2
2025-02-16,E3-00083,C0006,25.24,P053,4
2025-04-19,E3-00084,C0090,297.8,P044,1
2025-03-10,E3-00085,C0249,271.23,P080,5
2024-05-04,E3-00086,C0134,335.78,P029,1
2024-02-20,E3-00087,C0198,61.37,P073,2
2024-10-17,E3-00088,C0070,334.19,P064,4
2024-01-14,E3-00089,C0267,455.62,P076,2
2024-03-20,E3-00090,C0241,286.13,P006,4
2024-07-08,E3-00091,C0041,280.92,P054,4
2024-07-06,E3-00092,C0161,197.33,P056,4
2024-09-17,E3-00093,C0226,232.52,P042,1
2025-02-26,E3-00094,C0239,304.17,P015,3
2024-02-11,E3-00095,C0075,358.23,P067,3
2024-11-23,E3-00096,C0234,413.66,P034,2
2025-02-15,E3-00097,C0013,220.49,P059,1
2024-09-30,E3-00098,C0098,96.27,P058,3
2025-03-01,E3-00099,C0116,137.3,P072,5
2024-06-19,E3-00100,C0122,86.57,P026,5
2025-04-13,E3-00101,C0266,384.47,P050,5
2024-06-11,E3-00102,C0276,499.52,P043,4
2024-08-31,E3-00103,C0256,208.39,P076,1
2025-03-30,E3-00104,C0279,317.18,P052,1
2025-04-30,E3-00105,C0195,220.31,P075,2
2024-11-05,E3-00106,C0225,186.63,P032,2
2024-04-11,E3-00107,C0108,248.03,P001,2
2024-12-02,E3-00108,C0077,188.78,P073,5
2024-11-05,E3-00109,C0172,399.44,P011,2
2025-01-20,E3-00110,C0104,237.52,P047,1
2025-04-06,E3-00111,C0018,177.62,P075,5
2025-01-27,E3-00112,C0257,187.84,P059,2
2025-03-11,E3-00113,C0282,21.84,P073,1
2025-05-21,E3-00114,C0140,337.54,P004,5
2024-06-20,E3-00115,C0291,126.95,P073,2
2025-05-16,E3-00116,C0281,57.26,P055,4
2024-10-27,E3-00117,C0262,374.19,P024,3
2024-11-19,E3-00118,C0226,69.64,P013,5
2024-04-13,E3-00119,C0180,450.69,P037,4
2024-06-13,E3-00120,C0004,264.61,P069,5
2025-03-03,E3-00121,C0104,346.13,P001,4
2024-05-23,E3-00122,C0016,63.14,P058,1
2025-05-08,E3-00123,C0015,205.94,P023,2
2024-03-10,E3-00124,C0224,210.78,P077,1
2024-09-10,E3-00125,C0092,426.8,P069,2
2024-01-11,E3-00126,C0300,346.26,P002,3
2025-01-18,E3-00127,C0171,430.88,P057,5
2024-05-25,E3-00128,C0300,356.01,P049,4
2024-12-02,E3-00129,C0015,430.28,P048,4
2024-06-28,E3-00130,C0237,210.23,P012,2
2025-03-06,E3-00131,C0123,57.67,P024,1
2024-12-03,E3-00132,C0227,187.32,P042,5
2025-03-21,E3-00133,C0063,199.82,P001,3
2024-06-22,E3-00134,C0025,216.64,P047,1
2025-02-21,E3-00135,C0167,167.7,P039,3
2024-08-03,E3-00136,C0057,42.5,P042,3
2024-06-14,E3-00137,C0239,360.11,P077,1
2024-01-20,E3-00138,C0143,459.19,P036,5
2024-06-21,E3-00139,C0188,225.52,P080,3
2024-02-11,E3-00140,C0032,341.89,P054,2
2024-11-15,E3-00141,C0091,371.07,P047,1
2024-11-11,E3-00142,C0283,415.44,P076,2
2024-08-12,E3-00143,C0055,278.06,P019,3
2024-04-01,E3-00144,C0134,335.84,P016,4
2025-01-24,E3-00145,C0155,161.47,P069,2
2024-10-19,E3-00146,C0074,224.81,P028,2
2024-06-19,E3-00147,C0051,300.1,P014,4
2025-05-31,E3-00148,C0279,227.31,P025,1
2024-04-15,E3-00149,C0066,106.75,P036,2
2024-12-09,E3-00150,C0175,277.77,P041,2
2024-11-14,E3-00151,C0269,376.88,P031,4
2025-06-16,E3-00152,C0009,379.71,P031,1
2024-11-20,E3-00153,C0036,349.91,P053,1
2024-05-05,E3-00154,C0005,457.53,P028,4
2024-04-18,E3-00155,C0046,271.24,P031,5
2024-02-08,E3-00156,C0088,245.02,P007,5
2025-06-02,E3-00157,C0069,378.63,P006,4
2024-09-28,E3-00158,C0083,269.3,P049,4
2024-06-01,E3-00159,C0237,356.56,P055,1
2025-04-07,E3-00160,C0244,117.71,P008,5
2025-04-05,E3-00161,C0038,278.9,P027,4
2024-06-11,E3-00162,C0190,49.28,P033,2
2024-06-04,E3-00163,C0090,201.35,P069,5
2025-05-02,E3-00164,C0037,463.92,P039,3
2024-01-03,E3-00165,C0235,118.76,P051,5
2024-12-06,E3-00166,C0288,290.78,P006,3
2025-03-03,E3-00167,C0083,352.55,P030,2
2025-04-03,E3-00168,C0245,256.85,P065,4
2024-06-07,E3-00169,C0116,93.39,P078,2
2025-03-14,E3-00170,C0007,136.41,P072,3
2024-04-14,E3-00171,C0281,353.36,P032,3
2025-04-19,E3-00172,C0270,182.9,P022,2
2025-06-03,E3-00173,C0090,255.28,P044,2
2024-08-10,E3-00174,C0282,211.12,P033,3
2025-02-26,E3-00175,C0225,233.9,P066,3
2024-12-11,E3-00176,C0158,148.4,P067,4
2025-02-07,E3-00177,C0209,289.95,P071,4
2024-12-17,E3-00178,C0065,258.13,P007,3
2024-03-23,E3-00179,C0209,423.77,P031,4
2024-01-01,E3-00180,C0273,310.71,P031,1
2025-04-28,E3-00181,C0021,497.39,P055,1
2024-02-08,E3-00182,C0279,187.04,P071,2
2025-06-19,E3-00183,C0286,208.1,P079,2
2024-07-28,E3-00184,C0004,111.24,P018,5
2024-02-05,E3-00185,C0010,264.09,P046,3
2024-06-24,E3-00186,C0105,59.31,P052,1
2024-07-18,E3-00187,C0292,180.02,P016,5
2024-12-07,E3-00188,C0299,370.83,P031,1
2024-09-12,E3-00189,C0248,477.85,P057,3
2024-01-06,E3-00190,C0164,372.76,P058,3
2024-02-04,E3-00191,C0109,206.76,P009,5
2025-04-13,E3-00192,C0238,297.15,P078,3
2024-10-17,E3-00193,C0157,481.16,P033,3
2024-04-23,E3-00194,C0178,383.49,P060,3
2024-03-29,E3-00195,C0098,294.29,P003,4
2024-02-14,E3-00196,C0172,384.09,P045,2
2024-10-22,E3-00197,C0238,130.7,P016,5
2024-05-17,E3-00198,C0061,390.3,P037,1
2024-03-27,E3-00199,C0196,269.6,P012,5
2024-06-16,E3-00200,C0113,347.59,P052,1
2024-10-25,E3-00201,C0168,34.57,P057,2
2025-01-24,E3-00202,C0067,292.2,P002,4
2024-09-27,E3-00203,C0242,484.57,P008,3
2024-02-26,E3-00204,C0008,446.92,P073,3
2025-03-27,E3-00205,C0118,391.18,P002,5
2024-03-19,E3-00206,C0138,87.06,P071,3
2024-07-12,E3-00207,C0280,124.51,P076,1
2025-06-08,E3-00208,C0270,191.25,P046,2
2024-12-13,E3-00209,C0069,369.04,P038,3
2024-02-23,E3-00210,C0011,198.87,P044,1
2025-03-16,E3-00211,C0032,373.89,P035,2
2024-09-07,E3-00212,C0213,61.55,P043,5
2024-06-25,E3-00213,C0032,434.35,P027,3
2025-06-12,E3-00214,C0131,100.71,P053,3
2024-01-29,E3-00215,C0139,438.92,P065,1
2025-03-20,E3-00216,C0214,228.86,P010,2
2025-02-09,E3-00217,C0105,31.78,P072,4
2025-05-25,E3-00218,C0065,314.64,P052,2
2024-06-16,E3-00219,C0140,79.1,P061,3
2024-03-24,E3-00220,C0173,420.94,P069,2
2024-04-22,E3-00221,C0050,455.12,P009,1
2024-07-29,E3-00222,C0121,465.06,P028,1
2025-03-05,E3-00223,C0001,380.94,P043,3
2025-05-20,E3-00224,C0115,361.79,P013,5
2025-01-04,E3-00225,C0074,65.58,P045,4
2025-05-16,E3-00226,C0240,265.79,P013,3
2024-02-06,E3-00227,C0164,256.09,P048,5
2024-01-10,E3-00228,C0128,20.39,P013,2
2025-02-12,E3-00229,C0245,239.46,P078,1
2024-11-13,E3-00230,C0269,245.5,P028,1
2024-10-09,E3-00231,C0292,172.95,P008,1
2024-10-05,E3-00232,C0148,137.3,P042,3
2025-04-06,E3-00233,C0156,215.38,P018,4
2025-02-25,E3-00234,C0251,276.96,P060,3
2024-09-20,E3-00235,C0048,494.63,P066,1
2024-04-11,E3-00236,C0028,253.01,P060,3
2025-03-07,E3-00237,C0259,94.84,P042,4
2024-09-17,E3-00238,C0161,353.51,P026,4
2024-01-01,E3-00239,C0212,351.2,P080,2
2024-12-14,E3-00240,C0190,458.5,P048,1
2024-06-30,E3-00241,C0228,54.39,P017,1
2024-01-28,E3-00242,C0052,270.03,P021,2
2024-11-23,E3-00243,C0147,274.53,P044,4
2024-09-28,E3-00244,C0065,327.8,P051,2
2025-02-25,E3-00245,C0139,320.66,P025,1
2024-03-25,E3-00246,C0278,167.93,P012,3
2025-01-06,E3-00247,C0156,372.79,P017,4
2024-08-28,E3-00248,C0174,73.14,P013,2
2025-01-13,E3-00249,C0232,367.47,P035,5
2025-01-04,E3-00250,C0002,180.65,P026,2
2024-11-02,E3-00251,C0197,453.75,P071,2
2024-05-31,E3-00252,C0060,130.43,P077,4
2024-12-19,E3-00253,C0206,174.89,P072,3
2024-08-25,E3-00254,C0077,290.8,P012,2
2025-04-30,E3-00255,C0216,362.55,P019,1
2024-11-16,E3-00256,C0072,36.27,P051,3
2024-02-16,E3-00257,C0163,399.44,P010,1
2024-05-23,E3-00258,C0110,310.63,P046,3
2024-01-14,E3-00259,C0189,85.44,P044,5
2025-01-23,E3-00260,C0114,265.53,P010,3
2024-01-14,E3-00261,C0073,451.49,P053,4
2025-04-23,E3-00262,C0215,332.85,P056,2
2025-02-21,E3-00263,C0297,255.26,P061,3
2025-05-11,E3-00264,C0145,244.88,P054,3
2024-06-09,E3-00265,C0069,395.96,P011,1
2025-01-19,E3-00266,C0167,483.78,P026,5
2024-01-21,E3-00267,C0182,65.73,P068,2
2024-12-28,E3-00268,C0094,25.99,P060,5
2024-01-21,E3-00269,C0061,341.86,P045,3
2025-01-06,E3-00270,C0108,198.11,P003,3
2024-04-01,E3-00271,C0031,165.54,P060,5
2025-06-25,E3-00272,C0269,300.99,P004,3
2024-10-09,E3-00273,C0056,230.68,P025,5
2025-04-14,E3-00274,C0287,65.92,P055,1
2024-06-06,E3-00275,C0167,206.43,P073,4
2024-08-01,E3-00276,C0268,282.08,P077,2
2024-05-25,E3-00277,C0126,177.05,P006,3
2024-01-20,E3-00278,C0254,124.74,P065,3
2024-12-04,E3-00279,C0096,271.17,P056,5
2025-03-20,E3-00280,C0182,447.87,P031,4
2024-03-10,E3-00281,C0224,217.87,P043,3
2025-06-17,E3-00282,C0243,155.91,P035,5
2025-01-20,E3-00283,C0232,488.87,P048,5
2024-01-31,E3-00284,C0299,208.24,P041,2
2025-03-11,E3-00285,C0093,221.15,P043,4
2024-10-06,E3-00286,C0272,341.33,P066,2
2024-07-06,E3-00287,C0005,482.73,P077,1
2024-09-04,E3-00288,C0082,100.68,P003,1
2025-03-12,E3-00289,C0119,370.67,P036,3
2024-02-13,E3-00290,C0100,245.85,P058,3
2024-10-31,E3-00291,C0098,56.15,P005,5
2025-02-16,E3-00292,C0137,156.76,P061,2
2024-03-13,E3-00293,C0067,157.29,P004,4
2025-03-07,E3-00294,C0150,314.93,P054,1
2024-06-21,E3-00295,C0237,207.81,P030,5
2024-07-07,E3-00296,C0011,124.91,P069,5
2024-11-10,E3-00297,C0241,321.06,P043,4
2024-08-11,E3-00298,C0030,259.19,P024,5
2025-02-25,E3-00299,C0199,232.27,P057,4
2024-02-08,E3-00300,C0269,274.75,P044,5
2025-04-30,E3-00301,C0169,315.7,P050,1
2025-03-09,E3-00302,C0005,187.58,P034,3
2024-07-05,E3-00303,C0052,168.58,P003,3
2025-01-27,E3-00304,C0289,73.38,P074,4
2024-04-05,E3-00305,C0258,300.05,P011,5
2025-04-24,E3-00306,C0100,170.91,P043,4
2024-12-02,E3-00307,C0148,202.65,P029,4
2024-07-14,E3-00308,C0096,265.89,P022,5
2025-06-29,E3-00309,C0291,210.82,P048,1
2024-03-02,E3-00310,C0250,436.56,P042,3
2024-03-28,E3-00311,C0076,84.32,P010,3
2024-01-22,E3-00312,C0009,155.9,P003,5
2024-09-08,E3-00313,C0069,255.57,P033,4
2024-10-21,E3-00314,C0036,171.28,P028,2
2025-03-23,E3-00315,C0231,395.75,P025,3
2025-01-01,E3-00316,C0264,450.42,P006,4
2024-10-01,E3-00317,C0166,317.33,P038,1
2024-04-12,E3-00318,C0180,335.72,P031,2
2024-09-24,E3-00319,C0046,55.99,P054,5
2025-06-04,E3-00320,C0020,44.75,P057,5
2025-01-21,E3-00321,C0013,241.97,P023,2
2024-06-28,E3-00322,C0278,494.28,P025,2
2025-01-28,E3-00323,C0119,70.16,P041,2
2024-09-15,E3-00324,C0288,390.23,P010,3
2025-06-10,E3-00325,C0185,115.99,P001,5
2024-08-31,E3-00326,C0106,356.65,P065,2
2025-04-20,E3-00327,C0264,303.11,P073,4
2024-10-08,E3-00328,C0281,212.72,P041,1
2025-05-26,E3-00329,C0012,460.16,P057,1
2025-04-26,E3-00330,C0206,217.72,P013,1
2025-05-21,E3-00331,C0256,117.31,P056,1
2024-06-08,E3-00332,C0039,247.6,P049,2
2024-08-05,E3-00333,C0079,35.58,P026,5
2024-02-08,E3-00334,C0141,344.65,P005,4
2024-09-08,E3-00335,C0126,160.74,P022,5
2024-08-24,E3-00336,C0051,65.99,P011,1
2025-05-16,E3-00337,C0206,27.3,P080,5
2025-02-12,E3-00338,C0293,257.5,P058,5
2025-01-15,E3-00339,C0079,57.02,P063,1
2024-07-30,E3-00340,C0088,428.9,P029,3
2024-05-18,E3-00341,C0234,362.68,P076,2
2025-04-26,E3-00342,C0057,367.46,P069,1
2024-04-11,E3-00343,C0101,386.27,P030,4
2024-03-24,E3-00344,C0081,259.1,P029,4
2025-04-14,E3-00345,C0248,148.3,P035,3
2024-09-29,E3-00346,C0144,448.5,P034,3
2024-07-02,E3-00347,C0158,223.65,P034,4
2024-04-18,E3-00348,C0059,341.58,P025,5
2024-01-31,E3-00349,C0082,333.47,P047,5
2024-10-19,E3-00350,C0180,196.24,P029,2
2024-09-16,E3-00351,C0299,182.13,P019,4
2025-04-24,E3-00352,C0192,496.06,P040,1
2024-09-30,E3-00353,C0203,224.79,P070,2
2025-06-13,E3-00354,C0252,365.26,P031,1
2025-05-30,E3-00355,C0178,233.27,P007,5
2024-01-01,E3-00356,C0108,36.23,P016,2
2025-04-04,E3-00357,C0065,186.58,P074,3
2024-10-25,E3-00358,C0266,120.95,P012,1
2025-02-27,E3-00359,C0111,257.31,P037,5
2025-07-01,E3-00360,C0237,177.4,P064,1
2024-02-11,E3-00361,C0180,171.68,P015,2
2024-02-01,E3-00362,C0187,142.74,P002,1
2025-05-28,E3-00363,C0197,100.03,P066,5
2025-01-27,E3-00364,C0257,228.56,P077,4
2025-03-03,E3-00365,C0260,262.55,P048,4
2025-05-08,E3-00366,C0081,264.51,P045,5
2024-02-10,E3-00367,C0028,244.56,P080,2
2024-03-02,E3-00368,C0211,414.94,P016,1
2025-01-19,E3-00369,C0080,336.59,P027,2
2024-05-21,E3-00370,C0124,357.3,P033,2
2024-02-12,E3-00371,C0191,124.73,P041,1
2025-01-21,E3-00372,C0269,243.31,P039,4
2024-12-16,E3-00373,C0061,261.74,P074,5
2024-01-27,E3-00374,C0046,433.57,P004,5
2024-12-31,E3-00375,C0027,377.73,P003,2
2024-12-09,E3-00376,C0206,441.77,P065,5
2024-11-23,E3-00377,C0254,464.51,P072,1
2024-04-24,E3-00378,C0109,358.72,P008,4
2024-07-02,E3-00379,C0072,262.67,P030,2
2025-04-28,E3-00380,C0050,411.37,P044,3
2025-06-13,E3-00381,C0130,186.03,P047,2
2024-04-18,E3-00382,C0069,469.51,P012,3
2025-04-28,E3-00383,C0180,163.28,P069,2
2024-11-24,E3-00384,C0133,145.86,P004,4
2024-04-26,E3-00385,C0204,488.79,P026,1
2024-10-16,E3-00386,C0294,78.57,P025,4
2025-06-27,E3-00387,C0203,197.67,P076,3
2025-05-15,E3-00388,C0260,139.36,P003,2
2024-12-19,E3-00389,C0237,495.46,P060,1
2024-09-09,E3-00390,C0128,172.27,P049,1
2024-07-22,E3-00391,C0193,397.85,P034,1
2024-08-05,E3-00392,C0281,163.92,P008,1
2024-03-22,E3-00393,C0013,24.34,P032,3
2024-11-09,E3-00394,C0103,488.25,P001,1
2025-05-07,E3-00395,C0185,311.35,P023,3
2025-06-24,E3-00396,C0178,247.17,P020,4
2024-10-16,E3-00397,C0262,470.26,P025,3
2024-11-26,E3-00398,C0107,165.14,P055,1
2024-09-05,E3-00399,C0098,480.54,P058,2
2024-09-11,E3-00400,C0106,354.52,P042,5
2025-03-03,E3-00401,C0016,462.21,P001,1
2025-01-27,E3-00402,C0127,242.24,P023,2
2024-01-12,E3-00403,C0237,248.67,P025,4
2024-04-18,E3-00404,C0046,437.92,P063,4
2025-05-12,E3-00405,C0231,71.76,P034,2
2025-04-24,E3-00406,C0071,136.67,P022,4
2024-05-22,E3-00407,C0237,103.9,P032,4
2024-10-31,E3-00408,C0158,20.06,P017,4
2025-03-16,E3-00409,C0102,122.15,P073,1
2024-04-23,E3-00410,C0149,141.6,P042,5
2025-04-16,E3-00411,C0083,348.66,P016,5
2025-04-16,E3-00412,C0147,119.98,P036,5
2024-11-20,E3-00413,C0028,427.6,P037,1
2024-12-03,E3-00414,C0298,149.87,P054,4
2024-06-09,E3-00415,C0020,424.79,P022,5
2025-03-18,E3-00416,C0085,492.98,P066,1
2024-06-15,E3-00417,C0058,391.45,P017,1
2024-07-10,E3-00418,C0174,400.58,P042,1
2025-02-02,E3-00419,C0023,134.93,P056,4
2025-04-09,E3-00420,C0193,463.5,P027,3
2024-03-31,E3-00421,C0201,147.73,P051,2
2024-12-04,E3-00422,C0082,414.85,P022,4
2024-10-27,E3-00423,C0020,419.15,P005,3
2024-11-14,E3-00424,C0270,193.17,P054,1
2024-05-22,E3-00425,C0246,192.67,P054,5
2024-04-08,E3-00426,C0285,306.46,P019,3
2024-01-17,E3-00427,C0136,129.68,P007,3
2024-10-08,E3-00428,C0183,257.76,P021,2
2025-05-13,E3-00429,C0299,172.19,P069,1
2024-10-15,E3-00430,C0158,482.93,P067,5
2024-10-21,E3-00431,C0201,294.82,P063,5
2025-01-12,E3-00432,C0288,145.69,P059,3
2025-06-08,E3-00433,C0122,25.01,P006,2
2024-07-30,E3-00434,C0188,239.62,P076,5
2024-06-19,E3-00435,C0189,21.83,P007,4
2025-01-22,E3-00436,C0076,264.19,P023,1
2024-11-10,E3-00437,C0159,109.13,P033,1
2024-01-16,E3-00438,C0185,459.45,P030,5
2024-10-31,E3-00439,C0172,221.08,P046,4
2024-03-15,E3-00440,C0164,480.02,P026,1
2024-05-18,E3-00441,C0101,414.12,P076,3
2024-11-24,E3-00442,C0116,177.29,P007,1
2024-03-24,E3-00443,C0191,397.24,P005,4
2024-12-26,E3-00444,C0003,135.04,P014,2
2025-05-31,E3-00445,C0098,174.59,P022,1
2024-11-25,E3-00446,C0235,100.36,P039,2
2025-04-24,E3-00447,C0139,288.03,P005,5
2024-12-27,E3-00448,C0083,327.94,P048,4
2025-02-24,E3-00449,C0222,370.41,P006,2
2024-10-11,E3-00450,C0211,55.98,P001,3
2024-09-15,E3-00451,C0009,146.27,P027,1
2024-05-15,E3-00452,C0030,42.34,P002,2
2024-06-26,E3-00453,C0297,265.53,P019,4
2024-09-14,E3-00454,C0094,205.46,P019,5
2024-04-06,E3-00455,C0207,182.18,P051,4
2025-05-20,E3-00456,C0177,456.22,P011,1
2025-02-24,E3-00457,C0061,344.88,P067,3
2024-07-17,E3-00458,C0096,424.75,P003,5
2024-04-29,E3-00459,C0040,335.81,P078,1
2024-03-08,E3-00460,C0105,368.95,P043,1
2025-04-05,E3-00461,C0263,321.38,P064,5
2025-02-09,E3-00462,C0125,65.4,P033,3
2024-02-25,E3-00463,C0242,82.03,P042,3
2024-08-03,E3-00464,C0125,437.48,P013,3
2024-03-03,E3-00465,C0159,216.41,P075,1
2024-08-08,E3-00466,C0125,150.73,P040,2
2025-06-15,E3-00467,C0060,405.04,P079,2
2024-06-27,E3-00468,C0009,245.46,P066,2
2024-02-28,E3-00469,C0295,43.57,P014,3
2025-04-23,E3-00470,C0001,194.27,P002,5
2025-06-26,E3-00471,C0100,243.81,P067,4
2025-03-26,E3-00472,C0078,178.56,P008,2
2024-12-05,E3-00473,C0181,328.63,P063,5
2024-08-20,E3-00474,C0036,46.09,P076,5
2025-06-16,E3-00475,C0099,375.08,P073,1
2024-05-15,E3-00476,C0248,326.26,P033,5
2024-09-07,E3-00477,C0228,331.18,P059,4
2025-03-30,E3-00478,C0244,130.45,P015,3
2024-01-24,E3-00479,C0164,384.63,P039,4
2024-06-11,E3-00480,C0274,139.17,P020,1
2024-04-22,E3-00481,C0097,464.01,P034,4
2024-07-14,E3-00482,C0195,312.43,P077,5
2025-06-09,E3-00483,C0044,498.86,P016,1
2024-11-09,E3-00484,C0024,444.65,P012,1
2024-12-01,E3-00485,C0239,80.04,P019,1
2024-08-24,E3-00486,C0294,103.98,P025,5
2024-06-03,E3-00487,C0113,79.17,P042,3
2025-04-15,E3-00488,C0140,285.1,P030,3
2025-01-11,E3-00489,C0183,127.65,P010,5
2024-08-21,E3-00490,C0192,395.04,P015,3
2025-06-03,E3-00491,C0127,424.9,P068,2
2024-02-07,E3-00492,C0116,146.52,P061,2
2024-05-11,E3-00493,C0179,250.95,P016,5
2024-05-06,E3-00494,C0039,92.7,P076,4
2024-02-08,E3-00495,C0205,122.21,P039,4
2025-04-30,E3-00496,C0253,340.59,P031,4
2024-08-28,E3-00497,C0048,439.44,P014,4
2025-03-10,E3-00498,C0083,428.39,P069,5
2024-11-12,E3-00499,C0020,162.22,P066,2
2024-03-14,E3-00500,C0180,302.09,P010,3
2025-01-23,E3-00501,C0262,251.57,P080,2
2024-06-15,E3-00502,C0254,475.71,P025,1
2025-02-08,E3-00503,C0048,474.54,P021,5
2025-03-13,E3-00504,C0033,393.06,P026,5
2025-04-30,E3-00505,C0037,486.79,P077,4
2024-10-14,E3-00506,C0265,280.18,P060,1
2024-09-01,E3-00507,C0111,420.11,P048,1
2024-07-09,E3-00508,C0248,46.6,P046,4
2024-03-10,E3-00509,C0192,169.04,P076,4
2025-04-16,E3-00510,C0048,69.14,P003,5
2024-02-08,E3-00511,C0222,368.63,P009,4
2024-04-27,E3-00512,C0204,305.29,P062,3
2024-03-17,E3-00513,C0147,497.17,P075,1
2024-10-19,E3-00514,C0012,305.1,P067,3
2024-11-16,E3-00515,C0292,320.77,P067,4
2024-09-07,E3-00516,C0065,356.87,P037,3
2024-01-13,E3-00517,C0002,272.22,P020,2
2024-11-22,E3-00518,C0185,173.2,P075,3
2025-04-03,E3-00519,C0087,103.36,P010,1
2025-04-03,E3-00520,C0187,239.27,P073,3
2025-01-01,E3-00521,C0102,113.87,P023,1
2024-12-24,E3-00522,C0199,432.09,P051,5
2024-11-23,E3-00523,C0130,422.48,P014,2
2024-02-24,E3-00524,C0080,169.69,P057,2
2025-03-03,E3-00525,C0281,292.18,P038,3
2025-06-30,E3-00526,C0110,368.66,P040,5
2025-04-10,E3-00527,C0061,106.86,P005,2
2025-02-16,E3-00528,C0082,341.43,P043,5
2025-03-22,E3-00529,C0255,424.32,P009,5
2025-02-13,E3-00530,C0112,173.86,P009,3
2025-02-09,E3-00531,C0012,270.91,P028,1
2024-06-10,E3-00532,C0148,442.97,P032,5
2024-06-13,E3-00533,C0009,36.25,P027,2
2024-11-02,E3-00534,C0256,352.52,P057,5
2024-01-05,E3-00535,C0040,434.69,P037,1
2024-10-25,E3-00536,C0265,318.01,P073,5
2024-05-13,E3-00537,C0268,484.64,P033,4
2025-02-26,E3-00538,C0287,85.92,P037,5
2024-09-02,E3-00539,C0163,82.84,P037,4
2025-02-22,E3-00540,C0075,36.84,P037,2
2024-06-14,E3-00541,C0131,295.7,P014,1
2024-12-12,E3-00542,C0131,251.39,P045,3
2024-03-09,E3-00543,C0191,237.97,P043,4
2024-01-20,E3-00544,C0106,431.82,P004,5
2025-05-01,E3-00545,C0279,498.53,P058,1
2024-09-03,E3-00546,C0257,458.98,P068,3
2025-04-10,E3-00547,C0072,269.85,P077,4
2025-06-23,E3-00548,C0214,324.39,P046,5
2024-05-06,E3-00549,C0294,43.93,P043,3
2024-08-29,E3-00550,C0228,100.76,P066,3
2024-10-29,E3-00551,C0128,267.38,P058,2
2024-09-22,E3-00552,C0255,133.99,P074,2
2024-04-18,E3-00553,C0290,307.49,P048,1
2025-03-10,E3-00554,C0240,438.57,P019,2
2024-03-04,E3-00555,C0148,468.85,P028,4
2025-05-06,E3-00556,C0172,118.07,P070,5
2024-03-23,E3-00557,C0151,444.94,P014,4
2025-06-13,E3-00558,C0165,356.26,P006,4
2025-05-04,E3-00559,C0160,155.78,P004,4
2024-07-02,E3-00560,C0265,384.31,P022,1
2025-02-24,E3-00561,C0272,449.37,P031,5
2025-05-28,E3-00562,C0235,169.61,P012,5
2024-09-02,E3-00563,C0243,125.15,P032,2
2024-02-18,E3-00564,C0109,167.79,P002,4
2025-02-28,E3-00565,C0297,184.68,P062,3
2025-05-25,E3-00566,C0279,284.88,P055,4
2024-04-07,E3-00567,C0079,398.9,P029,4
2024-12-05,E3-00568,C0295,97.43,P061,2
2025-05-12,E3-00569,C0078,147.54,P009,3
2024-07-11,E3-00570,C0124,69.91,P014,5
2024-05-30,E3-00571,C0030,180.99,P018,5
2024-05-18,E3-00572,C0235,98.02,P045,3
2024-01-10,E3-00573,C0135,287.6,P064,1
2024-01-12,E3-00574,C0163,174.68,P022,1
2024-02-09,E3-00575,C0080,51.08,P058,2
2025-01-18,E3-00576,C0028,175.85,P003,4
2024-10-11,E3-00577,C0054,275.81,P074,4
2024-09-01,E3-00578,C0057,227.6,P031,2
2024-10-17,E3-00579,C0240,74.16,P044,5
2024-03-09,E3-00580,C0138,148.24,P068,2
2024-03-29,E3-00581,C0138,455.65,P014,5
2024-02-05,E3-00582,C0292,211.21,P077,1
2024-12-10,E3-00583,C0095,498.02,P064,5
2025-04-13,E3-00584,C0273,406.09,P051,1
2024-01-05,E3-00585,C0073,359.62,P027,2
2024-12-13,E3-00586,C0220,186.69,P049,5
2025-05-19,E3-00587,C0233,447.81,P037,4
2024-01-14,E3-00588,C0147,358.27,P009,1
2025-02-25,E3-00589,C0194,263.63,P045,4
2024-12-09,E3-00590,C0133,102.13,P029,5
2024-06-28,E3-00591,C0294,443.48,P009,4
2024-08-14,E3-00592,C0150,144.44,P017,5
2024-01-06,E3-00593,C0076,187.8,P031,1
2025-03-03,E3-00594,C0029,411.92,P058,5
2024-12-07,E3-00595,C0144,445.85,P052,5
2025-01-16,E3-00596,C0157,271.46,P012,5
2024-03-03,E3-00597,C0097,499.48,P043,1
2024-03-30,E3-00598,C0276,71.36,P066,2
2025-05-07,E3-00599,C0071,440.38,P009,3
2025-03-31,E3-00600,C0270,304.02,P029,5
2025-04-11,E3-00601,C0143,349.13,P065,2
2024-12-19,E3-00602,C0076,393.39,P051,1
2025-01-24,E3-00603,C0013,92.38,P024,2
2024-03-12,E3-00604,C0033,372.29,P049,4
2024-02-28,E3-00605,C0165,24.01,P042,3
2025-01-08,E3-00606,C0105,343.31,P032,1
2024-10-10,E3-00607,C0075,133.58,P033,3
2024-09-28,E3-00608,C0026,468.58,P076,4
2024-04-10,E3-00609,C0176,348.58,P016,4
2025-03-05,E3-00610,C0123,418.08,P043,2
2024-11-06,E3-00611,C0274,214.79,P022,3
2024-05-29,E3-00612,C0130,71.28,P013,2
2025-02-14,E3-00613,C0109,408.73,P032,5
2024-08-17,E3-00614,C0278,417.72,P020,4
2024-08-30,E3-00615,C0263,394.82,P069,1
2025-02-24,E3-00616,C0168,333.79,P079,5
2024-01-31,E3-00617,C0139,305.83,P040,3
2024-12-21,E3-00618,C0273,423.33,P040,4
2024-04-21,E3-00619,C0250,371.27,P021,1
2024-04-05,E3-00620,C0104,46.44,P066,1
2024-11-23,E3-00621,C0215,478.42,P032,5
2025-04-06,E3-00622,C0265,290.26,P038,4
2024-08-05,E3-00623,C0023,156.91,P073,5
2024-09-19,E3-00624,C0057,226.27,P066,3
2024-12-12,E3-00625,C0058,201.68,P013,2
2024-09-20,E3-00626,C0235,71.82,P028,3
2024-01-05,E3-00627,C0204,88.95,P012,1
2024-12-04,E3-00628,C0229,49.39,P014,4
2025-04-12,E3-00629,C0289,372.2,P003,1
2025-01-14,E3-00630,C0212,192.25,P057,1
2024-02-07,E3-00631,C0112,394.85,P072,1
2024-03-30,E3-00632,C0292,299.3,P013,4
2025-05-20,E3-00633,C0093,316.26,P077,3
2025-02-03,E3-00634,C0117,470.68,P019,2
2025-05-08,E3-00635,C0293,29.4,P064,5
2025-06-04,E3-00636,C0137,285.32,P046,3
2025-05-30,E3-00637,C0007,58.29,P020,4
2025-05-25,E3-00638,C0069,169.88,P039,2
2024-11-24,E3-00639,C0090,84.01,P005,2
2024-12-03,E3-00640,C0114,323.26,P070,1
2025-02-15,E3-00641,C0111,447.39,P024,1
2025-05-12,E3-00642,C0298,180.16,P060,3
2024-03-22,E3-00643,C0130,300.98,P046,3
2024-10-22,E3-00644,C0286,115.41,P071,5
2024-12-25,E3-00645,C0191,226.14,P034,5
2024-03-08,E3-00646,C0187,418.55,P067,1
2024-11-24,E3-00647,C0031,57.1,P023,4
2024-02-21,E3-00648,C0012,167.41,P039,4
2024-11-19,E3-00649,C0120,46.92,P013,2
2025-03-07,E3-00650,C0086,444.51,P026,3
2025-01-19,E3-00651,C0145,378.75,P066,1
2024-06-23,E3-00652,C0159,79.27,P036,3
2024-03-10,E3-00653,C0012,271.77,P077,5
2024-08-23,E3-00654,C0295,41.25,P015,3
2024-08-16,E3-00655,C0269,24.81,P045,4
2025-03-06,E3-00656,C0135,411.8,P052,4
2024-01-26,E3-00657,C0121,494.48,P080,1
2024-08-04,E3-00658,C0225,114.86,P031,4
2024-12-14,E3-00659,C0206,42.15,P002,1
2025-02-24,E3-00660,C0281,300.88,P019,3
2025-02-18,E3-00661,C0252,353.92,P076,1
2025-06-15,E3-00662,C0191,434.61,P034,3
2024-05-21,E3-00663,C0270,61.28,P012,1
2025-02-02,E3-00664,C0126,412.92,P010,5
2024-10-02,E3-00665,C0220,404.37,P017,2
2025-05-03,E3-00666,C0206,338.29,P046,5
2025-05-16,E3-00667,C0240,152.36,P022,5
2024-03-24,E3-00668,C0229,157.94,P019,3
2024-02-01,E3-00669,C0122,489.21,P051,2
2025-06-11,E3-00670,C0217,389.45,P054,3
2025-04-27,E3-00671,C0152,169.79,P045,3
2025-06-15,E3-00672,C0251,43.2,P050,4
2025-01-23,E3-00673,C0194,372.69,P042,5
2025-04-13,E3-00674,C0121,328.23,P033,1
2024-08-16,E3-00675,C0300,22.95,P049,2
2024-03-18,E3-00676,C0220,494.06,P071,3
2024-03-16,E3-00677,C0199,71.66,P055,3
2025-04-23,E3-00678,C0064,176.58,P056,2
2024-11-09,E3-00679,C0127,165.47,P063,3
2024-11-12,E3-00680,C0066,453.14,P010,4
2024-12-05,E3-00681,C0155,140.23,P075,3
2024-03-31,E3-00682,C0191,166.85,P014,4
2025-06-29,E3-00683,C0204,87.27,P040,1
2024-06-16,E3-00684,C0284,97.88,P037,2
2024-09-15,E3-00685,C0187,359.9,P013,5
2025-05-17,E3-00686,C0234,380.74,P043,2
2025-02-08,E3-00687,C0187,397.73,P011,3
2024-08-21,E3-00688,C0118,452.01,P077,4
2024-08-15,E3-00689,C0291,154.18,P029,4
2025-05-02,E3-00690,C0206,419.35,P063,1
2024-05-30,E3-00691,C0119,236.16,P069,5
2025-01-24,E3-00692,C0158,358.81,P074,5
2024-03-22,E3-00693,C0188,387.68,P011,5
2024-11-11,E3-00694,C0016,66.21,P069,3
2025-01-03,E3-00695,C0032,218.53,P030,4
2025-01-13,E3-00696,C0131,366.01,P077,5
2025-01-12,E3-00697,C0140,344.7,P073,5
2025-01-13,E3-00698,C0206,169.37,P006,3
2024-02-25,E3-00699,C0251,123.33,P010,3
2024-11-28,E3-00700,C0007,439.99,P038,4
2024-12-27,E3-00701,C0070,53.9,P019,1
2025-02-12,E3-00702,C0118,176.31,P010,4
2024-11-07,E3-00703,C0140,379.25,P041,4
2025-01-31,E3-00704,C0121,449.78,P064,1
2025-04-03,E3-00705,C0082,487.58,P006,1
2025-02-05,E3-00706,C0190,81.85,P052,3
2024-03-08,E3-00707,C0058,128.6,P001,4
2024-08-04,E3-00708,C0142,127.21,P049,1
2024-01-03,E3-00709,C0270,78.84,P053,3
2024-01-05,E3-00710,C0065,100.69,P053,1
2024-01-17,E3-00711,C0069,392.39,P049,4
2024-10-16,E3-00712,C0254,479.58,P032,3
2025-05-07,E3-00713,C0249,180.69,P042,5
2025-04-23,E3-00714,C0047,339.59,P001,3
2024-01-13,E3-00715,C0283,444.02,P007,3
2024-08-02,E3-00716,C0067,171.39,P026,3
2025-03-03,E3-00717,C0216,71.93,P020,2
2024-03-02,E3-00718,C0129,224.31,P058,2
2024-09-17,E3-00719,C0048,194.62,P007,4
2024-02-21,E3-00720,C0078,252.73,P061,3
2025-05-20,E3-00721,C0129,343.86,P001,1
2024-01-28,E3-00722,C0009,127.24,P068,2
2025-05-01,E3-00723,C0087,355.01,P053,4
2025-04-05,E3-00724,C0028,109.17,P065,3
2025-05-07,E3-00725,C0189,91.08,P031,4
2024-05-25,E3-00726,C0200,250.68,P055,1
2025-05-16,E3-00727,C0053,34.96,P028,5
2025-03-07,E3-00728,C0097,131.76,P014,4
2024-12-31,E3-00729,C0149,283.96,P034,3
2025-02-28,E3-00730,C0216,80.86,P014,2
2025-03-22,E3-00731,C0254,242.16,P033,2
2024-08-11,E3-00732,C0108,460.88,P030,2
2024-04-04,E3-00733,C0075,175.84,P079,2
2024-06-09,E3-00734,C0086,306.92,P001,3
2024-09-11,E3-00735,C0160,210.13,P019,5
2024-01-31,E3-00736,C0041,316.13,P032,3
2024-07-29,E3-00737,C0233,377.33,P077,2
2024-04-14,E3-00738,C0182,241.17,P037,1
2024-03-26,E3-00739,C0155,114.05,P078,3
2025-06-18,E3-00740,C0083,149.08,P057,5
2024-06-14,E3-00741,C0255,72.61,P048,5
2025-06-30,E3-00742,C0287,82.08,P010,2
2024-06-29,E3-00743,C0263,349.46,P063,3
2025-04-29,E3-00744,C0025,112.57,P055,5
2024-09-28,E3-00745,C0033,244.06,P024,4
2025-03-21,E3-00746,C0066,477.51,P057,5
2024-08-10,E3-00747,C0029,127.62,P049,3
2025-05-22,E3-00748,C0262,327.54,P037,2
2024-04-14,E3-00749,C0249,380.99,P043,5
2025-03-29,E3-00750,C0167,47.79,P069,3
2024-10-12,E3-00751,C0093,234.8,P015,1
2024-11-08,E3-00752,C0200,460.28,P003,4
2024-09-06,E3-00753,C0010,212.79,P078,5
2024-03-08,E3-00754,C0021,341.11,P077,4
2024-12-23,E3-00755,C0247,25.96,P061,2
2024-05-04,E3-00756,C0163,141.59,P076,1
2024-05-10,E3-00757,C0271,84.51,P059,1
2025-02-24,E3-00758,C0006,275.46,P044,2
2025-03-04,E3-00759,C0103,78.45,P020,1
2024-06-08,E3-00760,C0188,449.76,P006,1
2024-08-04,E3-00761,C0116,268.12,P065,4
2024-08-12,E3-00762,C0102,256.8,P059,2
2024-08-22,E3-00763,C0234,494.33,P060,2
2024-09-18,E3-00764,C0152,385.85,P043,2
2025-06-04,E3-00765,C0022,74.83,P063,3
2024-02-12,E3-00766,C0156,29.47,P052,3
2024-10-16,E3-00767,C0032,112.86,P071,2
2025-02-04,E3-00768,C0206,129.07,P080,4
2024-08-25,E3-00769,C0067,397.45,P046,3
2024-06-08,E3-00770,C0150,419.98,P037,4
2025-04-29,E3-00771,C0250,63.18,P039,5
2024-07-29,E3-00772,C0035,395.25,P027,3
2025-02-12,E3-00773,C0210,342.97,P022,5
2024-02-16,E3-00774,C0085,33.97,P075,5
2024-03-17,E3-00775,C0277,158.59,P077,4
2024-07-07,E3-00776,C0244,94.0,P019,1
2024-07-14,E3-00777,C0031,156.88,P033,1
2025-02-03,E3-00778,C0168,335.36,P072,1
2024-05-15,E3-00779,C0136,54.7,P023,2
2024-06-01,E3-00780,C0296,192.2,P032,3
2024-04-01,E3-00781,C0272,62.73,P065,4
2024-10-04,E3-00782,C0027,478.96,P030,3
2025-03-19,E3-00783,C0063,87.32,P003,3
2024-01-17,E3-00784,C0295,231.54,P013,2
2024-07-18,E3-00785,C0063,161.48,P052,1
2024-11-09,E3-00786,C0051,405.28,P046,3
2024-01-16,E3-00787,C0093,59.51,P016,1
2024-05-06,E3-00788,C0169,329.46,P078,4
2025-01-28,E3-00789,C0150,448.13,P019,1
2024-11-17,E3-00790,C0020,224.95,P036,2
2024-10-10,E3-00791,C0271,138.94,P064,3
2024-06-07,E3-00792,C0275,493.59,P008,3
2024-06-10,E3-00793,C0185,302.29,P047,3
2025-05-12,E3-00794,C0028,404.04,P071,1
2024-05-08,E3-00795,C0250,236.75,P070,1
2025-06-28,E3-00796,C0300,193.86,P018,5
2024-09-23,E3-00797,C0220,422.15,P047,2
2025-02-11,E3-00798,C0041,350.8,P063,1
2024-09-14,E3-00799,C0083,282.28,P072,3
2024-05-06,E3-00800,C0252,127.19,P069,1
2025-02-13,E3-00801,C0300,456.35,P010,4
2024-12-20,E3-00802,C0142,464.07,P036,1
2024-02-05,E3-00803,C0150,351.82,P010,1
2024-03-19,E3-00804,C0122,307.15,P013,1
2024-11-14,E3-00805,C0253,212.82,P050,1
2024-03-09,E3-00806,C0109,53.84,P061,1
2025-04-04,E3-00807,C0028,263.26,P057,4
2025-01-24,E3-00808,C0003,164.45,P060,3
2025-06-26,E3-00809,C0028,387.57,P066,5
2024-07-25,E3-00810,C0264,413.77,P023,4
2024-06-04,E3-00811,C0140,499.35,P075,5
2024-03-10,E3-00812,C0072,274.32,P060,5
2025-05-02,E3-00813,C0146,256.66,P070,5
2025-03-16,E3-00814,C0129,411.33,P037,2
2024-08-19,E3-00815,C0275,382.44,P064,4
2025-06-29,E3-00816,C0129,215.0,P061,3
2025-06-25,E3-00817,C0126,267.91,P012,1
2025-03-28,E3-00818,C0029,131.82,P057,4
2025-02-09,E3-00819,C0070,86.84,P049,4
2024-07-25,E3-00820,C0095,109.9,P006,1
2024-10-14,E3-00821,C0151,85.17,P048,1
2025-03-09,E3-00822,C0253,281.46,P029,4
2024-12-04,E3-00823,C0299,221.16,P014,2
2024-09-23,E3-00824,C0121,367.67,P032,3
2025-06-13,E3-00825,C0297,453.35,P044,1
2024-04-20,E3-00826,C0092,247.38,P054,1
2025-02-21,E3-00827,C0255,110.64,P067,2
2024-03-15,E3-00828,C0205,195.96,P035,4
2024-07-30,E3-00829,C0253,373.08,P067,4
2024-03-26,E3-00830,C0127,322.19,P013,3
2024-06-20,E3-00831,C0267,372.48,P015,2
2025-02-24,E3-00832,C0039,253.96,P011,4
2025-04-18,E3-00833,C0244,121.85,P080,1
2025-01-11,E3-00834,C0088,430.29,P035,1
2024-05-08,E3-00835,C0221,25.13,P039,5
2024-10-20,E3-00836,C0139,391.94,P004,3
2025-05-04,E3-00837,C0017,337.33,P032,4
2024-08-06,E3-00838,C0063,253.12,P012,1
2024-12-13,E3-00839,C0227,373.34,P019,4
2024-10-27,E3-00840,C0274,113.61,P034,4
2024-02-19,E3-00841,C0169,416.58,P070,2
2024-01-04,E3-00842,C0134,333.57,P022,4
2025-05-17,E3-00843,C0025,455.1,P003,4
2024-04-16,E3-00844,C0057,419.23,P020,1
2024-06-21,E3-00845,C0063,26.18,P070,5
2025-06-27,E3-00846,C0037,270.13,P069,2
2024-07-14,E3-00847,C0248,479.82,P080,3
2024-03-03,E3-00848,C0243,237.2,P063,1
2024-08-26,E3-00849,C0206,229.31,P029,3
2024-04-15,E3-00850,C0184,497.79,P011,2
2024-08-25,E3-00851,C0164,340.13,P078,3
2024-10-08,E3-00852,C0044,253.0,P001,4
2024-05-08,E3-00853,C0261,355.49,P009,2
2024-10-22,E3-00854,C0086,262.09,P052,1
2024-11-26,E3-00855,C0127,312.35,P011,2
2024-03-20,E3-00856,C0279,334.01,P041,5
2024-01-16,E3-00857,C0109,309.52,P034,4
2024-08-24,E3-00858,C0064,440.98,P080,5
2024-04-24,E3-00859,C0058,483.65,P003,3
2025-03-22,E3-00860,C0289,392.3,P076,1
2024-12-18,E3-00861,C0140,452.01,P044,1
2024-02-26,E3-00862,C0283,437.9,P074,2
2024-09-20,E3-00863,C0255,400.83,P078,3
2024-10-12,E3-00864,C0195,102.41,P010,5
2024-07-18,E3-00865,C0242,434.81,P017,1
2024-07-05,E3-00866,C0156,224.06,P077,1
2024-06-02,E3-00867,C0230,91.68,P060,2
2024-03-08,E3-00868,C0065,419.7,P043,3
2024-08-05,E3-00869,C0257,478.44,P030,4
2024-02-17,E3-00870,C0010,392.91,P041,5
2024-04-03,E3-00871,C0103,99.57,P059,4
2025-03-15,E3-00872,C0297,384.26,P043,5
2024-08-30,E3-00873,C0216,84.15,P055,5
2024-09-21,E3-00874,C0012,57.76,P022,2
2025-02-24,E3-00875,C0129,337.86,P021,2
2024-03-30,E3-00876,C0281,395.91,P015,2
2024-08-20,E3-00877,C0223,192.08,P021,1
2025-03-19,E3-00878,C0161,273.89,P021,4
2024-05-14,E3-00879,C0147,260.64,P001,4
2024-10-01,E3-00880,C0229,339.22,P008,1
2024-03-26,E3-00881,C0272,156.83,P017,2
2025-02-10,E3-00882,C0173,429.43,P050,3
2024-09-03,E3-00883,C0216,137.45,P079,4
2024-10-08,E3-00884,C0015,111.43,P062,4
2025-01-03,E3-00885,C0178,41.38,P074,1
2025-04-30,E3-00886,C0108,368.64,P051,1
2024-08-25,E3-00887,C0281,436.35,P005,3
2025-03-15,E3-00888,C0285,221.24,P039,5
2024-11-20,E3-00889,C0167,456.15,P007,1
2024-06-08,E3-00890,C0248,362.34,P033,3
2025-03-06,E3-00891,C0126,130.83,P015,3
2024-10-03,E3-00892,C0218,480.26,P037,5
2025-04-11,E3-00893,C0235,91.21,P013,2
2025-05-08,E3-00894,C0209,499.99,P075,5
2024-03-02,E3-00895,C0273,419.13,P007,1
2024-12-27,E3-00896,C0214,266.86,P065,4
2024-08-17,E3-00897,C0045,100.48,P013,3
2024-09-26,E3-00898,C0282,476.75,P004,4
2024-12-28,E3-00899,C0116,450.61,P048,3
2024-04-09,E3-00900,C0096,52.29,P036,1
2024-10-29,E3-00901,C0217,222.62,P046,5
2024-11-29,E3-00902,C0263,57.51,P020,5
2025-03-07,E3-00903,C0084,301.33,P004,4
2025-06-23,E3-00904,C0277,471.46,P025,4
2024-04-04,E3-00905,C0245,44.19,P045,3
2024-06-01,E3-00906,C0241,393.1,P022,3
2025-06-17,E3-00907,C0234,214.43,P012,2
2025-04-29,E3-00908,C0294,41.89,P037,1
2025-02-28,E3-00909,C0144,343.4,P059,5
2024-10-13,E3-00910,C0131,50.66,P007,5
2025-01-21,E3-00911,C0272,57.11,P041,5
2025-02-22,E3-00912,C0264,341.62,P001,2
2025-05-19,E3-00913,C0206,148.28,P055,1
2024-06-10,E3-00914,C0053,424.86,P056,4
2025-04-16,E3-00915,C0152,435.95,P004,3
2025-03-27,E3-00916,C0240,240.69,P018,1
2024-01-15,E3-00917,C0269,301.9,P065,1
2024-04-09,E3-00918,C0243,24.39,P052,3
2024-01-07,E3-00919,C0036,370.04,P001,5
2024-09-07,E3-00920,C0085,301.08,P072,1
2024-05-30,E3-00921,C0188,193.41,P017,4
2024-02-16,E3-00922,C0045,79.99,P020,1
2024-01-12,E3-00923,C0221,149.66,P054,2
2024-04-10,E3-00924,C0003,206.14,P063,5
2025-05-05,E3-00925,C0257,143.37,P029,5
2024-05-16,E3-00926,C0273,489.61,P005,2
2024-01-25,E3-00927,C0269,237.65,P019,1
2025-01-02,E3-00928,C0212,312.77,P026,5
2024-03-15,E3-00929,C0122,252.18,P006,4
2025-06-14,E3-00930,C0033,45.4,P061,3
2024-06-17,E3-00931,C0089,344.78,P067,3
2024-07-10,E3-00932,C0110,390.23,P032,3
2025-03-18,E3-00933,C0106,121.47,P037,3
2025-05-02,E3-00934,C0235,379.51,P013,4
2024-06-24,E3-00935,C0157,40.9,P003,5
2024-10-04,E3-00936,C0249,96.97,P060,4
2024-12-30,E3-00937,C0293,152.42,P062,5
2024-05-22,E3-00938,C0058,330.73,P029,5
2024-02-11,E3-00939,C0297,33.62,P027,2
2025-05-28,E3-00940,C0204,385.57,P042,5
2024-02-21,E3-00941,C0036,484.25,P060,4
2025-02-12,E3-00942,C0009,230.98,P077,5
2024-08-25,E3-00943,C0194,437.87,P054,1
2024-06-17,E3-00944,C0158,441.45,P010,5
2025-04-30,E3-00945,C0153,91.1,P072,1
2025-06-19,E3-00946,C0100,300.07,P012,1
2024-06-16,E3-00947,C0147,315.7,P053,3
2024-11-10,E3-00948,C0110,56.24,P042,1
2024-02-03,E3-00949,C0079,440.4,P077,2
2025-04-23,E3-00950,C0152,303.58,P035,2
2024-10-17,E3-00951,C0054,129.22,P078,2
2024-02-14,E3-00952,C0287,423.89,P024,3
2024-09-02,E3-00953,C0177,130.35,P062,4
2024-11-04,E3-00954,C0269,403.69,P008,5
2024-07-17,E3-00955,C0067,361.37,P060,5
2025-03-07,E3-00956,C0259,485.23,P048,4
2024-06-25,E3-00957,C0019,320.58,P003,1
2025-04-24,E3-00958,C0123,293.57,P004,3
2025-03-08,E3-00959,C0169,80.0,P042,4
2024-05-03,E3-00960,C0188,480.64,P047,1
2025-06-17,E3-00961,C0182,175.15,P073,4
2024-10-30,E3-00962,C0051,71.1,P035,5
2024-09-03,E3-00963,C0199,352.74,P024,1
2024-02-24,E3-00964,C0053,309.94,P048,3
2024-04-16,E3-00965,C0246,58.54,P018,3
2024-11-06,E3-00966,C0085,189.85,P050,2
2025-01-27,E3-00967,C0051,236.78,P009,3
2025-05-15,E3-00968,C0021,134.93,P010,2
2024-11-07,E3-00969,C0155,160.49,P010,3
2024-04-02,E3-00970,C0120,282.16,P050,1
2024-08-12,E3-00971,C0144,361.68,P046,2
2025-05-05,E3-00972,C0008,410.36,P041,5
2024-04-27,E3-00973,C0178,184.76,P065,1
2024-12-12,E3-00974,C0288,306.38,P046,2
2024-08-25,E3-00975,C0134,73.15,P033,3
2024-10-26,E3-00976,C0043,381.87,P030,5
2024-03-02,E3-00977,C0283,306.66,P027,4
2024-10-25,E3-00978,C0132,25.31,P058,5
2024-03-10,E3-00979,C0057,62.49,P033,3
2024-04-11,E3-00980,C0145,410.96,P004,4
2024-07-19,E3-00981,C0028,138.99,P022,4
2025-02-08,E3-00982,C0274,197.3,P079,2
2024-02-23,E3-00983,C0011,499.03,P030,3
2024-12-30,E3-00984,C0160,125.89,P077,1
2024-08-31,E3-00985,C0200,251.0,P011,2
2024-08-29,E3-00986,C0028,265.39,P074,5
2025-03-02,E3-00987,C0272,270.43,P077,2
2024-08-26,E3-00988,C0175,351.27,P017,5
