ship_date,expected_delivery_date,actual_delivery_date,shipment_id,sku,quantity,origin_location,destination_location,carrier,mode,lead_time_days
2025-03-12,2025-03-20,2025-03-21,SHP-LON-000001,SKU-0015,26,LOC-38,LOC-35,XPO,AIR,9
2025-06-15,2025-07-01,2025-07-01,SHP-LON-000002,SKU-0264,13,LOC-39,LOC-11,BlueDart,GROUND,16
2025-03-30,2025-04-07,2025-04-07,SHP-LON-000003,SKU-0017,21,LOC-11,LOC-08,DHL,AIR,8
2025-09-15,2025-09-28,2025-10-01,SHP-LON-000004,SKU-0204,22,LOC-30,LOC-03,BlueDart,AIR,16
2025-09-04,2025-09-19,2025-09-19,SHP-LON-000005,SKU-0279,19,LOC-04,LOC-02,DHL,AIR,15
2025-08-15,2025-08-29,2025-08-29,SHP-LON-000006,SKU-0267,23,LOC-17,LOC-24,FedEx,GROUND,14
2025-09-14,2025-10-01,2025-10-03,SHP-LON-000007,SKU-0285,33,LOC-35,LOC-38,USPS,OCEAN,19
2025-04-12,2025-04-20,2025-04-20,SHP-LON-000008,SKU-0157,25,LOC-22,LOC-32,USPS,OCEAN,8
2025-08-03,2025-08-20,2025-08-20,SHP-LON-000009,SKU-0055,8,LOC-31,LOC-17,Maersk,AIR,17
2025-11-15,2025-11-23,2025-11-23,SHP-LON-000010,SKU-0077,109,LOC-16,LOC-01,DTDC,AIR,8
2025-11-30,2025-12-08,2025-12-08,SHP-LON-000011,SKU-0109,21,LOC-04,LOC-01,UPS,OCEAN,8
2025-06-17,2025-06-27,2025-06-29,SHP-LON-000012,SKU-0053,20,LOC-25,LOC-27,Maersk,OCEAN,12
2025-09-28,2025-10-14,2025-10-19,SHP-LON-000013,SKU-0150,35,LOC-23,LOC-26,FedEx,OCEAN,21
2025-08-16,2025-08-27,2025-08-29,SHP-LON-000014,SKU-0225,29,LOC-37,LOC-13,XPO,AIR,13
2025-11-15,2025-12-01,2025-12-02,SHP-LON-000015,SKU-0246,25,LOC-04,LOC-34,UPS,OCEAN,17
2025-06-04,2025-06-17,2025-06-20,SHP-LON-000016,SKU-0213,21,LOC-31,LOC-11,UPS,GROUND,16
2025-09-05,2025-09-17,2025-09-19,SHP-LON-000017,SKU-0191,11,LOC-14,LOC-29,FedEx,GROUND,14
2025-05-18,2025-06-03,2025-06-08,SHP-LON-000018,SKU-0130,27,LOC-19,LOC-21,DHL,OCEAN,21
2025-11-18,2025-12-06,2025-12-06,SHP-LON-000019,SKU-0248,11,LOC-03,LOC-27,XPO,OCEAN,18
2025-09-07,2025-09-21,2025-09-24,SHP-LON-000020,SKU-0206,24,LOC-28,LOC-37,Maersk,GROUND,17
2025-11-06,2025-11-20,2025-11-20,SHP-LON-000021,SKU-0073,23,LOC-03,LOC-26,DHL,GROUND,14
2025-06-07,2025-06-22,2025-06-22,SHP-LON-000022,SKU-0224,18,LOC-23,LOC-40,DTDC,GROUND,15
2025-03-11,2025-03-27,2025-03-28,SHP-LON-000023,SKU-0095,44,LOC-28,LOC-12,DHL,GROUND,17
2025-04-04,2025-04-18,2025-04-19,SHP-LON-000024,SKU-0111,16,LOC-22,LOC-16,XPO,AIR,15
2025-10-17,2025-11-04,2025-11-04,SHP-LON-000025,SKU-0158,36,LOC-17,LOC-33,DTDC,AIR,18
2025-05-11,2025-05-24,2025-05-25,SHP-LON-000026,SKU-0191,17,LOC-19,LOC-22,USPS,OCEAN,14
2025-09-30,2025-10-18,2025-10-17,SHP-LON-000027,SKU-0119,62,LOC-11,LOC-07,USPS,AIR,17
2025-05-24,2025-06-09,2025-06-14,SHP-LON-000028,SKU-0148,19,LOC-06,LOC-10,Maersk,OCEAN,21
2025-08-18,2025-08-29,2025-09-01,SHP-LON-000029,SKU-0029,21,LOC-07,LOC-12,UPS,OCEAN,14
2025-09-15,2025-10-03,2025-10-04,SHP-LON-000030,SKU-0047,28,LOC-09,LOC-13,FedEx,OCEAN,19
2025-11-22,2025-12-06,2025-12-06,SHP-LON-000031,SKU-0238,30,LOC-16,LOC-10,DTDC,GROUND,14
2025-09-14,2025-09-29,2025-09-29,SHP-LON-000032,SKU-0280,70,LOC-18,LOC-36,USPS,OCEAN,15
2025-03-28,2025-04-13,2025-04-16,SHP-LON-000033,SKU-0284,42,LOC-21,LOC-22,Maersk,GROUND,19
2025-11-02,2025-11-10,2025-11-12,SHP-LON-000034,SKU-0178,30,LOC-20,LOC-11,DHL,OCEAN,10
2025-11-26,2025-12-13,2025-12-13,SHP-LON-000035,SKU-0060,22,LOC-07,LOC-27,Maersk,AIR,17
2025-10-17,2025-10-27,2025-10-27,SHP-LON-000036,SKU-0035,14,LOC-06,LOC-30,UPS,AIR,10
2025-03-18,2025-04-03,2025-04-03,SHP-LON-000037,SKU-0186,20,LOC-34,LOC-04,XPO,OCEAN,16
2025-07-02,2025-07-18,2025-07-18,SHP-LON-000038,SKU-0158,29,LOC-29,LOC-31,XPO,AIR,16
2025-05-16,2025-05-26,2025-05-27,SHP-LON-000039,SKU-0183,13,LOC-24,LOC-14,DHL,AIR,11
2025-04-26,2025-05-10,2025-05-10,SHP-LON-000040,SKU-0058,50,LOC-34,LOC-19,DTDC,GROUND,14
2025-10-30,2025-11-11,2025-11-11,SHP-LON-000041,SKU-0236,19,LOC-20,LOC-38,USPS,AIR,12
2025-05-11,2025-05-28,2025-05-30,SHP-LON-000042,SKU-0019,11,LOC-39,LOC-14,Maersk,GROUND,19
2025-03-28,2025-04-15,2025-04-15,SHP-LON-000043,SKU-0114,33,LOC-35,LOC-02,USPS,GROUND,18
2025-06-01,2025-06-17,2025-06-17,SHP-LON-000044,SKU-0036,18,LOC-27,LOC-06,USPS,GROUND,16
2025-06-26,2025-07-09,2025-07-09,SHP-LON-000045,SKU-0094,24,LOC-34,LOC-40,BlueDart,GROUND,13
2025-09-23,2025-10-09,2025-10-09,SHP-LON-000046,SKU-0090,31,LOC-33,LOC-36,FedEx,AIR,16
2025-06-23,2025-07-03,2025-07-03,SHP-LON-000047,SKU-0244,38,LOC-31,LOC-36,USPS,GROUND,10
2025-06-27,2025-07-07,2025-07-07,SHP-LON-000048,SKU-0095,20,LOC-36,LOC-28,Maersk,OCEAN,10
2025-05-08,2025-05-22,2025-05-28,SHP-LON-000049,SKU-0228,37,LOC-12,LOC-08,XPO,AIR,20
2025-06-23,2025-07-04,2025-07-07,SHP-LON-000050,SKU-0116,37,LOC-14,LOC-22,DTDC,OCEAN,14
2025-11-25,2025-12-08,2025-12-09,SHP-LON-000051,SKU-0055,51,LOC-33,LOC-38,Maersk,AIR,14
2025-09-23,2025-10-01,2025-10-01,SHP-LON-000052,SKU-0143,7,LOC-13,LOC-20,BlueDart,AIR,8
2025-09-04,2025-09-18,2025-09-20,SHP-LON-000053,SKU-0194,9,LOC-31,LOC-29,DHL,OCEAN,16
2025-11-23,2025-12-09,2025-12-09,SHP-LON-000054,SKU-0159,24,LOC-38,LOC-05,USPS,GROUND,16
2025-04-20,2025-05-07,2025-05-07,SHP-LON-000055,SKU-0295,13,LOC-09,LOC-39,XPO,AIR,17
2025-05-05,2025-05-18,2025-05-18,SHP-LON-000056,SKU-0175,17,LOC-28,LOC-17,UPS,OCEAN,13
2025-06-24,2025-07-09,2025-07-09,SHP-LON-000057,SKU-0019,17,LOC-38,LOC-02,FedEx,GROUND,15
2025-11-24,2025-12-04,2025-12-04,SHP-LON-000058,SKU-0246,17,LOC-36,LOC-22,USPS,OCEAN,10
2025-10-10,2025-10-19,2025-10-20,SHP-LON-000059,SKU-0084,32,LOC-15,LOC-23,FedEx,OCEAN,10
2025-06-02,2025-06-15,2025-06-17,SHP-LON-000060,SKU-0268,28,LOC-39,LOC-27,XPO,AIR,15
2025-06-13,2025-06-21,2025-06-22,SHP-LON-000061,SKU-0142,21,LOC-19,LOC-26,XPO,OCEAN,9
2025-11-09,2025-11-25,2025-11-24,SHP-LON-000062,SKU-0299,15,LOC-40,LOC-30,Maersk,AIR,15
2025-03-06,2025-03-15,2025-03-16,SHP-LON-000063,SKU-0169,16,LOC-24,LOC-33,Maersk,OCEAN,10
2025-07-21,2025-07-31,2025-08-01,SHP-LON-000064,SKU-0027,15,LOC-34,LOC-08,DHL,GROUND,11
2025-06-08,2025-06-24,2025-06-27,SHP-LON-000065,SKU-0276,37,LOC-38,LOC-30,FedEx,GROUND,19
2025-05-14,2025-05-23,2025-05-28,SHP-LON-000066,SKU-0232,66,LOC-35,LOC-13,FedEx,AIR,14
2025-09-23,2025-10-10,2025-10-12,SHP-LON-000067,SKU-0271,45,LOC-22,LOC-39,XPO,AIR,19
2025-10-18,2025-10-30,2025-10-30,SHP-LON-000068,SKU-0106,19,LOC-07,LOC-19,BlueDart,AIR,12
2025-11-29,2025-12-17,2025-12-17,SHP-LON-000069,SKU-0201,22,LOC-11,LOC-35,FedEx,GROUND,18
2025-09-06,2025-09-19,2025-09-25,SHP-LON-000070,SKU-0108,13,LOC-14,LOC-02,Maersk,AIR,19
2025-10-11,2025-10-22,2025-10-22,SHP-LON-000071,SKU-0296,61,LOC-08,LOC-06,USPS,OCEAN,11
2025-10-02,2025-10-19,2025-10-19,SHP-LON-000072,SKU-0041,11,LOC-32,LOC-36,XPO,AIR,17
2025-04-23,2025-05-03,2025-05-03,SHP-LON-000073,SKU-0086,32,LOC-02,LOC-38,FedEx,AIR,10
2025-10-01,2025-10-14,2025-10-14,SHP-LON-000074,SKU-0162,35,LOC-04,LOC-25,DHL,OCEAN,13
2025-06-24,2025-07-12,2025-07-12,SHP-LON-000075,SKU-0107,14,LOC-28,LOC-39,USPS,AIR,18
2025-11-07,2025-11-18,2025-11-19,SHP-LON-000076,SKU-0276,44,LOC-21,LOC-34,UPS,OCEAN,12
2025-09-14,2025-09-24,2025-09-24,SHP-LON-000077,SKU-0100,17,LOC-01,LOC-22,DHL,OCEAN,10
2025-06-29,2025-07-10,2025-07-10,SHP-LON-000078,SKU-0295,63,LOC-08,LOC-09,USPS,OCEAN,11
2025-05-24,2025-06-02,2025-06-03,SHP-LON-000079,SKU-0065,85,LOC-16,LOC-36,DTDC,AIR,10
2025-11-04,2025-11-22,2025-11-27,SHP-LON-000080,SKU-0063,11,LOC-21,LOC-24,USPS,OCEAN,23
2025-06-14,2025-06-29,2025-06-30,SHP-LON-000081,SKU-0272,12,LOC-37,LOC-04,Maersk,OCEAN,16
2025-11-26,2025-12-08,2025-12-07,SHP-LON-000082,SKU-0022,13,LOC-33,LOC-08,XPO,AIR,11
2025-05-27,2025-06-14,2025-06-17,SHP-LON-000083,SKU-0109,33,LOC-09,LOC-21,DTDC,GROUND,21
2025-11-08,2025-11-24,2025-11-24,SHP-LON-000084,SKU-0255,53,LOC-22,LOC-35,USPS,AIR,16
2025-05-20,2025-06-04,2025-06-03,SHP-LON-000085,SKU-0041,26,LOC-09,LOC-30,USPS,OCEAN,14
2025-03-16,2025-04-03,2025-04-04,SHP-LON-000086,SKU-0291,26,LOC-39,LOC-26,USPS,GROUND,19
2025-10-24,2025-11-05,2025-11-05,SHP-LON-000087,SKU-0004,19,LOC-40,LOC-04,Maersk,OCEAN,12
2025-11-15,2025-11-28,2025-11-29,SHP-LON-000088,SKU-0188,21,LOC-28,LOC-06,XPO,AIR,14
2025-09-18,2025-09-29,2025-09-30,SHP-LON-000089,SKU-0198,12,LOC-06,LOC-23,BlueDart,GROUND,12
2025-05-29,2025-06-09,2025-06-08,SHP-LON-000090,SKU-0183,15,LOC-37,LOC-12,Maersk,GROUND,10
2025-08-14,2025-09-01,2025-09-05,SHP-LON-000091,SKU-0202,22,LOC-19,LOC-16,UPS,OCEAN,22
2025-09-30,2025-10-10,2025-10-10,SHP-LON-000092,SKU-0242,34,LOC-33,LOC-16,DTDC,GROUND,10
2025-09-27,2025-10-12,2025-10-12,SHP-LON-000093,SKU-0216,14,LOC-11,LOC-36,BlueDart,AIR,15
2025-09-06,2025-09-15,2025-09-16,SHP-LON-000094,SKU-0091,14,LOC-16,LOC-20,FedEx,AIR,10
2025-06-08,2025-06-17,2025-06-17,SHP-LON-000095,SKU-0212,58,LOC-17,LOC-05,FedEx,GROUND,9
2025-06-24,2025-07-09,2025-07-09,SHP-LON-000096,SKU-0166,14,LOC-40,LOC-30,USPS,AIR,15
2025-08-11,2025-08-29,2025-08-29,SHP-LON-000097,SKU-0136,22,LOC-20,LOC-28,UPS,AIR,18
2025-05-11,2025-05-21,2025-05-21,SHP-LON-000098,SKU-0287,16,LOC-03,LOC-14,UPS,GROUND,10
2025-09-09,2025-09-20,2025-09-20,SHP-LON-000099,SKU-0136,27,LOC-14,LOC-01,DHL,AIR,11
2025-03-22,2025-04-08,2025-04-08,SHP-LON-000100,SKU-0261,33,LOC-28,LOC-09,FedEx,AIR,17
2025-10-05,2025-10-18,2025-10-18,SHP-LON-000101,SKU-0060,50,LOC-18,LOC-31,USPS,OCEAN,13
2025-07-11,2025-07-22,2025-07-26,SHP-LON-000102,SKU-0295,30,LOC-14,LOC-02,BlueDart,OCEAN,15
2025-09-22,2025-10-02,2025-10-02,SHP-LON-000103,SKU-0206,26,LOC-27,LOC-33,XPO,OCEAN,10
2025-08-02,2025-08-11,2025-08-10,SHP-LON-000104,SKU-0292,51,LOC-39,LOC-01,DHL,GROUND,8
2025-08-08,2025-08-24,2025-08-24,SHP-LON-000105,SKU-0233,35,LOC-18,LOC-34,XPO,AIR,16
2025-08-06,2025-08-16,2025-08-17,SHP-LON-000106,SKU-0122,20,LOC-23,LOC-08,Maersk,OCEAN,11
2025-09-01,2025-09-18,2025-09-18,SHP-LON-000107,SKU-0252,52,LOC-30,LOC-09,FedEx,AIR,17
2025-06-09,2025-06-19,2025-06-23,SHP-LON-000108,SKU-0218,27,LOC-13,LOC-02,FedEx,GROUND,14
2025-07-31,2025-08-08,2025-08-08,SHP-LON-000109,SKU-0104,9,LOC-18,LOC-03,XPO,GROUND,8
2025-10-17,2025-10-31,2025-10-31,SHP-LON-000110,SKU-0260,82,LOC-34,LOC-05,DTDC,GROUND,14
2025-09-12,2025-09-28,2025-09-28,SHP-LON-000111,SKU-0263,57,LOC-29,LOC-23,USPS,OCEAN,16
2025-06-24,2025-07-05,2025-07-08,SHP-LON-000112,SKU-0244,39,LOC-26,LOC-19,DTDC,GROUND,14
2025-04-28,2025-05-06,2025-05-05,SHP-LON-000113,SKU-0005,41,LOC-07,LOC-16,UPS,OCEAN,7
2025-10-31,2025-11-16,2025-11-16,SHP-LON-000114,SKU-0263,27,LOC-23,LOC-13,BlueDart,GROUND,16
2025-11-21,2025-12-09,2025-12-13,SHP-LON-000115,SKU-0069,54,LOC-09,LOC-27,Maersk,AIR,22
2025-10-19,2025-10-30,2025-10-30,SHP-LON-000116,SKU-0035,30,LOC-03,LOC-18,DHL,GROUND,11
2025-08-20,2025-09-03,2025-09-03,SHP-LON-000117,SKU-0183,38,LOC-40,LOC-03,DTDC,AIR,14
2025-05-31,2025-06-18,2025-06-19,SHP-LON-000118,SKU-0034,20,LOC-18,LOC-19,UPS,GROUND,19
2025-07-08,2025-07-22,2025-07-22,SHP-LON-000119,SKU-0140,9,LOC-32,LOC-39,FedEx,OCEAN,14
2025-07-09,2025-07-27,2025-07-28,SHP-LON-000120,SKU-0123,29,LOC-18,LOC-25,FedEx,GROUND,19
2025-05-22,2025-05-30,2025-05-30,SHP-LON-000121,SKU-0051,14,LOC-40,LOC-20,DHL,GROUND,8
2025-09-22,2025-10-07,2025-10-08,SHP-LON-000122,SKU-0015,12,LOC-35,LOC-30,DTDC,GROUND,16
2025-05-27,2025-06-12,2025-06-11,SHP-LON-000123,SKU-0209,23,LOC-17,LOC-38,USPS,GROUND,15
2025-06-26,2025-07-07,2025-07-09,SHP-LON-000124,SKU-0153,22,LOC-06,LOC-33,DHL,GROUND,13
2025-11-21,2025-12-08,2025-12-10,SHP-LON-000125,SKU-0089,11,LOC-17,LOC-14,BlueDart,GROUND,19
2025-04-28,2025-05-15,2025-05-16,SHP-LON-000126,SKU-0019,64,LOC-40,LOC-04,USPS,AIR,18
2025-07-19,2025-08-04,2025-08-04,SHP-LON-000127,SKU-0196,14,LOC-28,LOC-07,USPS,GROUND,16
2025-09-30,2025-10-10,2025-10-10,SHP-LON-000128,SKU-0205,13,LOC-10,LOC-36,DTDC,OCEAN,10
2025-08-09,2025-08-17,2025-08-17,SHP-LON-000129,SKU-0018,16,LOC-04,LOC-11,UPS,OCEAN,8
2025-10-10,2025-10-18,2025-10-22,SHP-LON-000130,SKU-0213,22,LOC-16,LOC-27,DHL,GROUND,12
2025-07-08,2025-07-20,2025-07-20,SHP-LON-000131,SKU-0279,34,LOC-13,LOC-28,UPS,GROUND,12
2025-11-16,2025-12-02,2025-12-04,SHP-LON-000132,SKU-0161,22,LOC-31,LOC-40,UPS,GROUND,18
2025-07-29,2025-08-09,2025-08-10,SHP-LON-000133,SKU-0171,18,LOC-16,LOC-09,UPS,GROUND,12
2025-04-24,2025-05-05,2025-05-05,SHP-LON-000134,SKU-0046,17,LOC-14,LOC-31,USPS,GROUND,11
2025-08-16,2025-09-01,2025-09-01,SHP-LON-000135,SKU-0048,13,LOC-11,LOC-12,FedEx,GROUND,16
2025-07-17,2025-08-01,2025-07-31,SHP-LON-000136,SKU-0022,20,LOC-25,LOC-38,DTDC,GROUND,14
2025-08-31,2025-09-11,2025-09-11,SHP-LON-000137,SKU-0096,8,LOC-32,LOC-10,FedEx,GROUND,11
2025-06-09,2025-06-25,2025-06-25,SHP-LON-000138,SKU-0144,29,LOC-17,LOC-22,BlueDart,GROUND,16
2025-04-29,2025-05-15,2025-05-15,SHP-LON-000139,SKU-0086,21,LOC-08,LOC-38,FedEx,AIR,16
2025-05-11,2025-05-19,2025-05-19,SHP-LON-000140,SKU-0157,19,LOC-30,LOC-17,USPS,AIR,8
2025-05-09,2025-05-18,2025-05-18,SHP-LON-000141,SKU-0155,17,LOC-10,LOC-16,XPO,GROUND,9
2025-04-02,2025-04-12,2025-04-14,SHP-LON-000142,SKU-0204,9,LOC-10,LOC-06,UPS,GROUND,12
2025-06-27,2025-07-10,2025-07-10,SHP-LON-000143,SKU-0139,15,LOC-14,LOC-39,FedEx,GROUND,13
2025-11-19,2025-11-28,2025-11-27,SHP-LON-000144,SKU-0140,16,LOC-02,LOC-39,XPO,OCEAN,8
2025-06-07,2025-06-19,2025-06-19,SHP-LON-000145,SKU-0193,61,LOC-31,LOC-12,UPS,GROUND,12
2025-10-06,2025-10-14,2025-10-14,SHP-LON-000146,SKU-0162,54,LOC-27,LOC-23,FedEx,GROUND,8
2025-06-11,2025-06-22,2025-06-22,SHP-LON-000147,SKU-0041,14,LOC-31,LOC-27,DTDC,OCEAN,11
2025-09-19,2025-10-03,2025-10-03,SHP-LON-000148,SKU-0069,12,LOC-36,LOC-02,XPO,AIR,14
2025-08-02,2025-08-15,2025-08-15,SHP-LON-000149,SKU-0277,11,LOC-23,LOC-39,Maersk,GROUND,13
2025-07-28,2025-08-10,2025-08-10,SHP-LON-000150,SKU-0055,29,LOC-09,LOC-07,FedEx,AIR,13
2025-05-30,2025-06-13,2025-06-13,SHP-LON-000151,SKU-0047,58,LOC-35,LOC-39,DHL,AIR,14
2025-11-22,2025-12-02,2025-12-01,SHP-LON-000152,SKU-0275,49,LOC-26,LOC-19,BlueDart,AIR,9
2025-10-15,2025-10-29,2025-10-29,SHP-LON-000153,SKU-0216,23,LOC-28,LOC-34,DHL,GROUND,14
2025-11-09,2025-11-21,2025-11-21,SHP-LON-000154,SKU-0257,35,LOC-04,LOC-01,XPO,AIR,12
2025-06-14,2025-06-26,2025-06-26,SHP-LON-000155,SKU-0119,13,LOC-02,LOC-34,DTDC,OCEAN,12
2025-10-26,2025-11-08,2025-11-08,SHP-LON-000156,SKU-0057,27,LOC-06,LOC-38,UPS,AIR,13
2025-06-02,2025-06-19,2025-06-22,SHP-LON-000157,SKU-0044,6,LOC-37,LOC-09,BlueDart,AIR,20
2025-05-05,2025-05-21,2025-05-22,SHP-LON-000158,SKU-0271,71,LOC-26,LOC-38,USPS,AIR,17
2025-05-02,2025-05-17,2025-05-17,SHP-LON-000159,SKU-0167,21,LOC-09,LOC-14,USPS,AIR,15
2025-10-08,2025-10-18,2025-10-18,SHP-LON-000160,SKU-0139,41,LOC-33,LOC-28,DTDC,GROUND,10
2025-07-14,2025-07-26,2025-07-26,SHP-LON-000161,SKU-0294,37,LOC-08,LOC-16,BlueDart,AIR,12
2025-10-30,2025-11-13,2025-11-17,SHP-LON-000162,SKU-0005,20,LOC-12,LOC-10,DHL,GROUND,18
2025-09-29,2025-10-10,2025-10-10,SHP-LON-000163,SKU-0076,8,LOC-13,LOC-33,UPS,AIR,11
2025-11-15,2025-11-26,2025-11-26,SHP-LON-000164,SKU-0112,51,LOC-01,LOC-15,UPS,GROUND,11
2025-06-02,2025-06-16,2025-06-18,SHP-LON-000165,SKU-0193,25,LOC-36,LOC-34,USPS,AIR,16
2025-07-31,2025-08-14,2025-08-14,SHP-LON-000166,SKU-0123,24,LOC-26,LOC-31,FedEx,OCEAN,14
2025-09-29,2025-10-08,2025-10-13,SHP-LON-000167,SKU-0293,29,LOC-34,LOC-35,FedEx,GROUND,14
2025-03-30,2025-04-17,2025-04-20,SHP-LON-000168,SKU-0012,21,LOC-26,LOC-01,FedEx,AIR,21
2025-04-07,2025-04-22,2025-04-22,SHP-LON-000169,SKU-0072,20,LOC-10,LOC-17,DTDC,GROUND,15
2025-04-16,2025-04-25,2025-04-24,SHP-LON-000170,SKU-0296,17,LOC-38,LOC-35,DTDC,OCEAN,8
2025-09-19,2025-10-03,2025-10-03,SHP-LON-000171,SKU-0005,25,LOC-03,LOC-26,Maersk,AIR,14
2025-09-28,2025-10-08,2025-10-07,SHP-LON-000172,SKU-0218,38,LOC-06,LOC-37,DTDC,AIR,9
2025-06-14,2025-07-02,2025-07-02,SHP-LON-000173,SKU-0012,26,LOC-03,LOC-05,XPO,OCEAN,18
2025-03-26,2025-04-12,2025-04-12,SHP-LON-000174,SKU-0050,18,LOC-28,LOC-08,USPS,AIR,17
2025-07-16,2025-07-24,2025-07-26,SHP-LON-000175,SKU-0044,11,LOC-07,LOC-35,Maersk,GROUND,10
2025-08-12,2025-08-29,2025-08-29,SHP-LON-000176,SKU-0133,24,LOC-36,LOC-24,Maersk,OCEAN,17
2025-08-06,2025-08-24,2025-08-28,SHP-LON-000177,SKU-0077,5,LOC-37,LOC-20,UPS,GROUND,22
2025-07-31,2025-08-10,2025-08-10,SHP-LON-000178,SKU-0186,20,LOC-01,LOC-06,USPS,AIR,10
2025-06-06,2025-06-21,2025-06-21,SHP-LON-000179,SKU-0211,30,LOC-18,LOC-28,UPS,AIR,15
2025-04-04,2025-04-19,2025-04-20,SHP-LON-000180,SKU-0129,34,LOC-37,LOC-40,XPO,OCEAN,16
2025-10-25,2025-11-08,2025-11-07,SHP-LON-000181,SKU-0222,38,LOC-18,LOC-27,DTDC,GROUND,13
2025-10-31,2025-11-15,2025-11-15,SHP-LON-000182,SKU-0282,6,LOC-07,LOC-04,DHL,AIR,15
2025-11-05,2025-11-13,2025-11-13,SHP-LON-000183,SKU-0277,16,LOC-02,LOC-10,FedEx,OCEAN,8
2025-10-31,2025-11-16,2025-11-16,SHP-LON-000184,SKU-0263,15,LOC-09,LOC-16,DTDC,OCEAN,16
2025-09-05,2025-09-16,2025-09-16,SHP-LON-000185,SKU-0077,10,LOC-19,LOC-01,BlueDart,GROUND,11
2025-10-24,2025-11-06,2025-11-06,SHP-LON-000186,SKU-0036,33,LOC-23,LOC-34,DTDC,AIR,13
2025-08-03,2025-08-13,2025-08-13,SHP-LON-000187,SKU-0117,22,LOC-09,LOC-31,Maersk,OCEAN,10
2025-08-11,2025-08-25,2025-08-25,SHP-LON-000188,SKU-0082,29,LOC-27,LOC-20,USPS,AIR,14
2025-10-16,2025-10-26,2025-10-26,SHP-LON-000189,SKU-0151,22,LOC-02,LOC-01,FedEx,GROUND,10
2025-05-02,2025-05-17,2025-05-17,SHP-LON-000190,SKU-0283,22,LOC-36,LOC-09,Maersk,GROUND,15
2025-08-06,2025-08-22,2025-08-22,SHP-LON-000191,SKU-0091,30,LOC-27,LOC-05,Maersk,AIR,16
2025-07-30,2025-08-12,2025-08-12,SHP-LON-000192,SKU-0059,23,LOC-19,LOC-27,UPS,GROUND,13
2025-05-26,2025-06-06,2025-06-06,SHP-LON-000193,SKU-0029,16,LOC-12,LOC-16,XPO,AIR,11
2025-05-31,2025-06-17,2025-06-17,SHP-LON-000194,SKU-0066,20,LOC-04,LOC-07,USPS,OCEAN,17
2025-05-12,2025-05-23,2025-05-23,SHP-LON-000195,SKU-0046,17,LOC-06,LOC-02,DHL,GROUND,11
2025-07-22,2025-08-07,2025-08-07,SHP-LON-000196,SKU-0219,17,LOC-09,LOC-38,FedEx,AIR,16
2025-10-09,2025-10-24,2025-10-25,SHP-LON-000197,SKU-0273,12,LOC-02,LOC-18,Maersk,GROUND,16
2025-09-07,2025-09-23,2025-09-23,SHP-LON-000198,SKU-0167,13,LOC-28,LOC-29,USPS,OCEAN,16
2025-10-30,2025-11-13,2025-11-13,SHP-LON-000199,SKU-0196,20,LOC-17,LOC-21,UPS,AIR,14
2025-07-05,2025-07-18,2025-07-18,SHP-LON-000200,SKU-0215,10,LOC-10,LOC-30,USPS,OCEAN,13
2025-09-22,2025-10-03,2025-10-04,SHP-LON-000201,SKU-0046,44,LOC-02,LOC-08,Maersk,GROUND,12
2025-05-08,2025-05-25,2025-05-26,SHP-LON-000202,SKU-0159,23,LOC-32,LOC-14,DTDC,GROUND,18
2025-10-24,2025-11-04,2025-11-06,SHP-LON-000203,SKU-0216,26,LOC-23,LOC-37,FedEx,AIR,13
2025-05-09,2025-05-27,2025-05-27,SHP-LON-000204,SKU-0084,18,LOC-35,LOC-11,Maersk,GROUND,18
2025-11-06,2025-11-17,2025-11-18,SHP-LON-000205,SKU-0094,32,LOC-09,LOC-31,BlueDart,AIR,12
2025-06-03,2025-06-18,2025-06-19,SHP-LON-000206,SKU-0215,41,LOC-33,LOC-26,BlueDart,AIR,16
2025-04-15,2025-04-27,2025-04-27,SHP-LON-000207,SKU-0067,11,LOC-26,LOC-10,XPO,GROUND,12
2025-10-26,2025-11-10,2025-11-10,SHP-LON-000208,SKU-0210,13,LOC-40,LOC-29,DTDC,OCEAN,15
2025-04-26,2025-05-09,2025-05-10,SHP-LON-000209,SKU-0243,27,LOC-18,LOC-20,DTDC,GROUND,14
2025-03-10,2025-03-22,2025-03-22,SHP-LON-000210,SKU-0107,10,LOC-38,LOC-04,Maersk,GROUND,12
2025-03-29,2025-04-11,2025-04-13,SHP-LON-000211,SKU-0156,34,LOC-07,LOC-34,DTDC,AIR,15
2025-06-05,2025-06-14,2025-06-15,SHP-LON-000212,SKU-0161,22,LOC-09,LOC-17,XPO,GROUND,10
2025-03-09,2025-03-17,2025-03-20,SHP-LON-000213,SKU-0194,16,LOC-20,LOC-28,DHL,GROUND,11
2025-11-12,2025-11-29,2025-12-03,SHP-LON-000214,SKU-0130,27,LOC-22,LOC-29,Maersk,GROUND,21
2025-09-06,2025-09-14,2025-09-14,SHP-LON-000215,SKU-0009,6,LOC-37,LOC-12,BlueDart,OCEAN,8
2025-03-20,2025-03-28,2025-03-28,SHP-LON-000216,SKU-0064,58,LOC-19,LOC-06,FedEx,OCEAN,8
2025-04-19,2025-05-06,2025-05-06,SHP-LON-000217,SKU-0280,13,LOC-32,LOC-13,FedEx,OCEAN,17
2025-05-26,2025-06-03,2025-06-04,SHP-LON-000218,SKU-0220,44,LOC-16,LOC-01,USPS,AIR,9
2025-08-31,2025-09-16,2025-09-17,SHP-LON-000219,SKU-0257,43,LOC-38,LOC-19,DHL,OCEAN,17
2025-06-25,2025-07-09,2025-07-13,SHP-LON-000220,SKU-0215,41,LOC-34,LOC-18,UPS,AIR,18
2025-08-31,2025-09-15,2025-09-15,SHP-LON-000221,SKU-0051,7,LOC-02,LOC-24,FedEx,GROUND,15
2025-07-05,2025-07-18,2025-07-22,SHP-LON-000222,SKU-0160,7,LOC-11,LOC-25,USPS,OCEAN,17
2025-10-21,2025-11-03,2025-11-03,SHP-LON-000223,SKU-0127,24,LOC-06,LOC-13,UPS,GROUND,13
2025-10-13,2025-10-28,2025-10-28,SHP-LON-000224,SKU-0271,9,LOC-04,LOC-21,BlueDart,GROUND,15
2025-05-13,2025-05-26,2025-05-26,SHP-LON-000225,SKU-0073,18,LOC-16,LOC-33,FedEx,OCEAN,13
2025-09-22,2025-10-05,2025-10-05,SHP-LON-000226,SKU-0028,24,LOC-33,LOC-25,UPS,GROUND,13
2025-06-24,2025-07-06,2025-07-07,SHP-LON-000227,SKU-0229,35,LOC-13,LOC-07,UPS,GROUND,13
2025-07-15,2025-08-01,2025-08-04,SHP-LON-000228,SKU-0007,11,LOC-18,LOC-03,USPS,AIR,20
2025-08-31,2025-09-09,2025-09-09,SHP-LON-000229,SKU-0124,19,LOC-31,LOC-08,FedEx,OCEAN,9
2025-10-22,2025-11-05,2025-11-05,SHP-LON-000230,SKU-0239,28,LOC-07,LOC-39,BlueDart,GROUND,14
2025-05-01,2025-05-15,2025-05-15,SHP-LON-000231,SKU-0080,17,LOC-07,LOC-26,Maersk,OCEAN,14
2025-05-06,2025-05-18,2025-05-18,SHP-LON-000232,SKU-0133,37,LOC-04,LOC-34,FedEx,OCEAN,12
2025-03-31,2025-04-10,2025-04-10,SHP-LON-000233,SKU-0169,16,LOC-30,LOC-35,Maersk,GROUND,10
2025-07-19,2025-07-28,2025-07-28,SHP-LON-000234,SKU-0225,31,LOC-05,LOC-15,Maersk,GROUND,9
2025-04-29,2025-05-17,2025-05-21,SHP-LON-000235,SKU-0012,35,LOC-11,LOC-08,DTDC,GROUND,22
2025-05-12,2025-05-21,2025-05-21,SHP-LON-000236,SKU-0002,6,LOC-29,LOC-35,DTDC,GROUND,9
2025-09-28,2025-10-13,2025-10-13,SHP-LON-000237,SKU-0117,36,LOC-39,LOC-04,DTDC,GROUND,15
2025-05-06,2025-05-15,2025-05-15,SHP-LON-000238,SKU-0015,12,LOC-07,LOC-29,FedEx,OCEAN,9
2025-07-13,2025-07-21,2025-07-21,SHP-LON-000239,SKU-0104,25,LOC-10,LOC-09,BlueDart,AIR,8
2025-08-15,2025-08-23,2025-08-23,SHP-LON-000240,SKU-0102,31,LOC-08,LOC-36,DTDC,AIR,8
2025-06-19,2025-06-28,2025-06-27,SHP-LON-000241,SKU-0215,19,LOC-03,LOC-30,FedEx,GROUND,8
2025-06-26,2025-07-04,2025-07-05,SHP-LON-000242,SKU-0008,22,LOC-19,LOC-37,Maersk,AIR,9
2025-09-24,2025-10-03,2025-10-03,SHP-LON-000243,SKU-0008,12,LOC-33,LOC-03,DHL,OCEAN,9
2025-10-16,2025-11-02,2025-11-02,SHP-LON-000244,SKU-0070,20,LOC-19,LOC-13,USPS,AIR,17
2025-10-01,2025-10-18,2025-10-18,SHP-LON-000245,SKU-0201,25,LOC-11,LOC-08,UPS,AIR,17
2025-05-03,2025-05-18,2025-05-18,SHP-LON-000246,SKU-0181,11,LOC-25,LOC-37,DTDC,AIR,15
2025-03-11,2025-03-28,2025-03-28,SHP-LON-000247,SKU-0200,49,LOC-31,LOC-02,DTDC,OCEAN,17
2025-09-02,2025-09-15,2025-09-15,SHP-LON-000248,SKU-0061,16,LOC-05,LOC-29,USPS,OCEAN,13
2025-11-04,2025-11-16,2025-11-16,SHP-LON-000249,SKU-0046,5,LOC-24,LOC-10,Maersk,GROUND,12
2025-04-29,2025-05-16,2025-05-16,SHP-LON-000250,SKU-0075,10,LOC-27,LOC-20,BlueDart,GROUND,17
2025-08-11,2025-08-21,2025-08-21,SHP-LON-000251,SKU-0102,22,LOC-01,LOC-15,Maersk,GROUND,10
2025-04-12,2025-04-28,2025-04-28,SHP-LON-000252,SKU-0081,9,LOC-34,LOC-17,XPO,GROUND,16
2025-03-18,2025-04-04,2025-04-04,SHP-LON-000253,SKU-0114,27,LOC-08,LOC-36,DHL,AIR,17
2025-03-06,2025-03-20,2025-03-20,SHP-LON-000254,SKU-0034,53,LOC-19,LOC-34,USPS,GROUND,14
2025-08-12,2025-08-28,2025-08-28,SHP-LON-000255,SKU-0039,22,LOC-07,LOC-29,UPS,AIR,16
2025-06-13,2025-06-29,2025-06-29,SHP-LON-000256,SKU-0052,23,LOC-03,LOC-11,Maersk,GROUND,16
2025-11-17,2025-12-03,2025-12-03,SHP-LON-000257,SKU-0199,14,LOC-24,LOC-37,XPO,AIR,16
2025-06-27,2025-07-13,2025-07-13,SHP-LON-000258,SKU-0169,38,LOC-16,LOC-15,USPS,AIR,16
2025-08-22,2025-09-04,2025-09-04,SHP-LON-000259,SKU-0167,94,LOC-06,LOC-01,UPS,GROUND,13
2025-05-30,2025-06-11,2025-06-11,SHP-LON-000260,SKU-0216,15,LOC-18,LOC-33,XPO,GROUND,12
2025-06-02,2025-06-14,2025-06-13,SHP-LON-000261,SKU-0063,17,LOC-38,LOC-28,Maersk,AIR,11
2025-09-09,2025-09-22,2025-09-23,SHP-LON-000262,SKU-0057,12,LOC-22,LOC-21,DHL,OCEAN,14
2025-07-13,2025-07-27,2025-07-26,SHP-LON-000263,SKU-0169,14,LOC-29,LOC-33,FedEx,GROUND,13
2025-04-25,2025-05-07,2025-05-10,SHP-LON-000264,SKU-0255,30,LOC-24,LOC-38,FedEx,AIR,15
2025-10-22,2025-11-09,2025-11-09,SHP-LON-000265,SKU-0024,13,LOC-10,LOC-26,DTDC,GROUND,18
2025-09-21,2025-10-01,2025-10-04,SHP-LON-000266,SKU-0079,34,LOC-25,LOC-02,XPO,AIR,13
2025-09-20,2025-09-29,2025-09-29,SHP-LON-000267,SKU-0217,17,LOC-24,LOC-18,DTDC,AIR,9
2025-09-08,2025-09-25,2025-09-28,SHP-LON-000268,SKU-0227,49,LOC-23,LOC-05,FedEx,GROUND,20
2025-03-15,2025-04-01,2025-04-01,SHP-LON-000269,SKU-0238,13,LOC-04,LOC-34,FedEx,AIR,17
2025-03-19,2025-03-30,2025-03-30,SHP-LON-000270,SKU-0273,30,LOC-17,LOC-32,USPS,AIR,11
2025-06-08,2025-06-24,2025-06-23,SHP-LON-000271,SKU-0051,24,LOC-04,LOC-15,DTDC,AIR,15
2025-04-03,2025-04-13,2025-04-14,SHP-LON-000272,SKU-0009,31,LOC-15,LOC-35,DHL,AIR,11
2025-07-27,2025-08-05,2025-08-09,SHP-LON-000273,SKU-0258,20,LOC-05,LOC-21,Maersk,OCEAN,13
2025-08-25,2025-09-05,2025-09-05,SHP-LON-000274,SKU-0026,8,LOC-12,LOC-26,DHL,OCEAN,11
2025-08-19,2025-08-27,2025-08-31,SHP-LON-000275,SKU-0271,20,LOC-17,LOC-27,BlueDart,GROUND,12
2025-10-18,2025-11-01,2025-11-01,SHP-LON-000276,SKU-0265,9,LOC-12,LOC-37,XPO,GROUND,14
2025-09-19,2025-10-04,2025-10-04,SHP-LON-000277,SKU-0070,12,LOC-28,LOC-17,UPS,AIR,15
2025-05-29,2025-06-16,2025-06-16,SHP-LON-000278,SKU-0074,20,LOC-25,LOC-14,DTDC,GROUND,18
2025-11-28,2025-12-16,2025-12-16,SHP-LON-000279,SKU-0107,68,LOC-14,LOC-23,BlueDart,AIR,18
2025-06-25,2025-07-13,2025-07-13,SHP-LON-000280,SKU-0065,15,LOC-09,LOC-24,USPS,OCEAN,18
2025-10-19,2025-10-31,2025-10-31,SHP-LON-000281,SKU-0027,29,LOC-33,LOC-31,BlueDart,OCEAN,12
2025-11-03,2025-11-20,2025-11-19,SHP-LON-000282,SKU-0268,28,LOC-17,LOC-35,BlueDart,OCEAN,16
2025-03-23,2025-04-02,2025-04-02,SHP-LON-000283,SKU-0172,10,LOC-12,LOC-04,Maersk,GROUND,10
2025-04-16,2025-05-02,2025-05-02,SHP-LON-000284,SKU-0269,45,LOC-23,LOC-02,DHL,AIR,16
2025-05-31,2025-06-12,2025-06-14,SHP-LON-000285,SKU-0168,12,LOC-27,LOC-06,DTDC,AIR,14
2025-10-10,2025-10-26,2025-10-26,SHP-LON-000286,SKU-0099,23,LOC-01,LOC-22,Maersk,AIR,16
2025-07-16,2025-07-26,2025-07-25,SHP-LON-000287,SKU-0238,10,LOC-31,LOC-34,DTDC,OCEAN,9
2025-06-09,2025-06-26,2025-06-28,SHP-LON-000288,SKU-0224,94,LOC-17,LOC-11,FedEx,OCEAN,19
2025-03-08,2025-03-17,2025-03-18,SHP-LON-000289,SKU-0270,31,LOC-02,LOC-17,XPO,GROUND,10
2025-10-16,2025-11-02,2025-11-02,SHP-LON-000290,SKU-0207,34,LOC-31,LOC-14,DHL,AIR,17
2025-05-01,2025-05-19,2025-05-19,SHP-LON-000291,SKU-0091,29,LOC-12,LOC-04,DHL,OCEAN,18
2025-08-28,2025-09-11,2025-09-14,SHP-LON-000292,SKU-0039,31,LOC-07,LOC-08,DTDC,AIR,17
2025-09-27,2025-10-08,2025-10-08,SHP-LON-000293,SKU-0062,28,LOC-32,LOC-28,DTDC,GROUND,11
2025-06-20,2025-07-01,2025-07-01,SHP-LON-000294,SKU-0081,41,LOC-04,LOC-20,Maersk,GROUND,11
2025-08-21,2025-08-31,2025-09-05,SHP-LON-000295,SKU-0296,49,LOC-36,LOC-26,USPS,GROUND,15
2025-03-28,2025-04-11,2025-04-11,SHP-LON-000296,SKU-0297,24,LOC-07,LOC-29,UPS,GROUND,14
2025-05-24,2025-06-10,2025-06-10,SHP-LON-000297,SKU-0016,23,LOC-12,LOC-13,DHL,OCEAN,17
2025-03-22,2025-04-05,2025-04-06,SHP-LON-000298,SKU-0008,24,LOC-37,LOC-36,FedEx,AIR,15
2025-06-01,2025-06-09,2025-06-09,SHP-LON-000299,SKU-0254,9,LOC-26,LOC-18,FedEx,GROUND,8
2025-07-07,2025-07-23,2025-07-23,SHP-LON-000300,SKU-0231,30,LOC-02,LOC-06,DTDC,GROUND,16
2025-09-01,2025-09-17,2025-09-17,SHP-LON-000301,SKU-0100,18,LOC-06,LOC-27,DTDC,GROUND,16
2025-11-03,2025-11-18,2025-11-18,SHP-LON-000302,SKU-0150,48,LOC-01,LOC-04,USPS,GROUND,15
2025-05-25,2025-06-07,2025-06-07,SHP-LON-000303,SKU-0130,30,LOC-30,LOC-12,XPO,AIR,13
2025-04-04,2025-04-21,2025-04-20,SHP-LON-000304,SKU-0082,27,LOC-08,LOC-30,XPO,AIR,16
2025-06-10,2025-06-18,2025-06-17,SHP-LON-000305,SKU-0003,5,LOC-16,LOC-37,USPS,OCEAN,7
2025-06-04,2025-06-20,2025-06-26,SHP-LON-000306,SKU-0134,17,LOC-26,LOC-21,UPS,GROUND,22
2025-04-18,2025-04-29,2025-04-29,SHP-LON-000307,SKU-0167,17,LOC-40,LOC-36,FedEx,OCEAN,11
2025-04-29,2025-05-14,2025-05-15,SHP-LON-000308,SKU-0066,13,LOC-39,LOC-15,DTDC,OCEAN,16
2025-05-10,2025-05-25,2025-05-31,SHP-LON-000309,SKU-0277,30,LOC-32,LOC-12,FedEx,GROUND,21
2025-10-19,2025-10-29,2025-10-28,SHP-LON-000310,SKU-0114,32,LOC-08,LOC-26,Maersk,OCEAN,9
2025-10-29,2025-11-13,2025-11-15,SHP-LON-000311,SKU-0031,28,LOC-37,LOC-28,DHL,AIR,17
2025-07-13,2025-07-30,2025-07-30,SHP-LON-000312,SKU-0170,12,LOC-29,LOC-26,DHL,AIR,17
2025-07-01,2025-07-19,2025-07-19,SHP-LON-000313,SKU-0183,10,LOC-36,LOC-20,USPS,OCEAN,18
2025-06-15,2025-06-24,2025-06-24,SHP-LON-000314,SKU-0192,69,LOC-40,LOC-38,UPS,AIR,9
2025-06-17,2025-07-01,2025-07-02,SHP-LON-000315,SKU-0223,14,LOC-33,LOC-36,XPO,GROUND,15
2025-07-08,2025-07-26,2025-07-26,SHP-LON-000316,SKU-0212,25,LOC-32,LOC-24,UPS,GROUND,18
2025-09-13,2025-09-21,2025-09-22,SHP-LON-000317,SKU-0290,44,LOC-01,LOC-08,DHL,OCEAN,9
2025-08-15,2025-08-30,2025-08-30,SHP-LON-000318,SKU-0191,18,LOC-12,LOC-05,XPO,GROUND,15
2025-06-08,2025-06-21,2025-06-21,SHP-LON-000319,SKU-0278,13,LOC-18,LOC-17,UPS,OCEAN,13
2025-06-13,2025-06-29,2025-06-30,SHP-LON-000320,SKU-0099,30,LOC-11,LOC-24,USPS,GROUND,17
2025-06-19,2025-07-02,2025-07-02,SHP-LON-000321,SKU-0184,23,LOC-11,LOC-17,FedEx,GROUND,13
2025-03-20,2025-04-07,2025-04-13,SHP-LON-000322,SKU-0177,20,LOC-24,LOC-22,UPS,GROUND,24
2025-06-28,2025-07-06,2025-07-06,SHP-LON-000323,SKU-0146,26,LOC-15,LOC-23,Maersk,OCEAN,8
2025-05-19,2025-06-01,2025-06-01,SHP-LON-000324,SKU-0208,32,LOC-03,LOC-16,XPO,OCEAN,13
2025-09-09,2025-09-21,2025-09-21,SHP-LON-000325,SKU-0126,10,LOC-40,LOC-13,USPS,GROUND,12
2025-03-30,2025-04-08,2025-04-09,SHP-LON-000326,SKU-0084,24,LOC-16,LOC-27,BlueDart,GROUND,10
2025-08-24,2025-09-11,2025-09-11,SHP-LON-000327,SKU-0178,19,LOC-35,LOC-02,USPS,GROUND,18
2025-11-13,2025-11-30,2025-12-02,SHP-LON-000328,SKU-0047,47,LOC-18,LOC-19,DHL,OCEAN,19
2025-06-20,2025-07-08,2025-07-09,SHP-LON-000329,SKU-0202,46,LOC-22,LOC-40,Maersk,OCEAN,19
2025-03-18,2025-04-03,2025-04-03,SHP-LON-000330,SKU-0061,15,LOC-09,LOC-04,DHL,GROUND,16
2025-11-03,2025-11-21,2025-11-21,SHP-LON-000331,SKU-0039,35,LOC-26,LOC-13,DTDC,AIR,18
2025-05-23,2025-06-06,2025-06-08,SHP-LON-000332,SKU-0082,14,LOC-24,LOC-18,FedEx,GROUND,16
2025-10-23,2025-11-07,2025-11-07,SHP-LON-000333,SKU-0048,51,LOC-39,LOC-18,USPS,AIR,15
2025-04-22,2025-05-01,2025-05-03,SHP-LON-000334,SKU-0068,36,LOC-07,LOC-39,DHL,AIR,11
2025-03-24,2025-04-02,2025-04-02,SHP-LON-000335,SKU-0247,14,LOC-15,LOC-07,Maersk,GROUND,9
2025-06-20,2025-06-30,2025-06-29,SHP-LON-000336,SKU-0141,29,LOC-09,LOC-29,DTDC,AIR,9
2025-07-04,2025-07-22,2025-07-23,SHP-LON-000337,SKU-0129,13,LOC-33,LOC-26,BlueDart,GROUND,19
2025-07-29,2025-08-11,2025-08-11,SHP-LON-000338,SKU-0218,31,LOC-10,LOC-02,FedEx,AIR,13
2025-07-20,2025-08-02,2025-08-02,SHP-LON-000339,SKU-0003,24,LOC-15,LOC-02,DHL,OCEAN,13
2025-04-22,2025-05-07,2025-05-07,SHP-LON-000340,SKU-0162,31,LOC-35,LOC-18,DHL,AIR,15
2025-09-13,2025-09-27,2025-09-28,SHP-LON-000341,SKU-0033,19,LOC-11,LOC-07,Maersk,OCEAN,15
2025-07-01,2025-07-10,2025-07-11,SHP-LON-000342,SKU-0006,24,LOC-22,LOC-24,Maersk,GROUND,10
2025-04-20,2025-05-06,2025-05-08,SHP-LON-000343,SKU-0298,30,LOC-09,LOC-07,FedEx,AIR,18
2025-07-19,2025-07-28,2025-07-30,SHP-LON-000344,SKU-0227,33,LOC-04,LOC-35,DTDC,OCEAN,11
2025-06-06,2025-06-18,2025-06-18,SHP-LON-000345,SKU-0239,11,LOC-09,LOC-18,DHL,AIR,12
2025-04-28,2025-05-08,2025-05-08,SHP-LON-000346,SKU-0079,63,LOC-17,LOC-09,FedEx,OCEAN,10
2025-07-27,2025-08-08,2025-08-08,SHP-LON-000347,SKU-0277,27,LOC-17,LOC-22,FedEx,OCEAN,12
2025-04-02,2025-04-19,2025-04-20,SHP-LON-000348,SKU-0278,83,LOC-01,LOC-21,DTDC,AIR,18
2025-05-06,2025-05-24,2025-05-28,SHP-LON-000349,SKU-0295,15,LOC-32,LOC-25,USPS,GROUND,22
2025-04-21,2025-05-07,2025-05-07,SHP-LON-000350,SKU-0286,28,LOC-11,LOC-39,BlueDart,AIR,16
2025-06-30,2025-07-12,2025-07-13,SHP-LON-000351,SKU-0085,15,LOC-40,LOC-04,Maersk,AIR,13
2025-03-21,2025-04-05,2025-04-05,SHP-LON-000352,SKU-0141,33,LOC-19,LOC-29,UPS,OCEAN,15
2025-11-01,2025-11-18,2025-11-20,SHP-LON-000353,SKU-0270,23,LOC-33,LOC-23,USPS,OCEAN,19
2025-03-19,2025-04-02,2025-04-02,SHP-LON-000354,SKU-0245,23,LOC-21,LOC-29,DHL,AIR,14
2025-07-28,2025-08-15,2025-08-15,SHP-LON-000355,SKU-0137,19,LOC-02,LOC-34,BlueDart,AIR,18
2025-05-08,2025-05-17,2025-05-17,SHP-LON-000356,SKU-0186,23,LOC-38,LOC-11,XPO,GROUND,9
2025-05-02,2025-05-20,2025-05-19,SHP-LON-000357,SKU-0042,41,LOC-21,LOC-25,BlueDart,GROUND,17
2025-03-24,2025-04-07,2025-04-07,SHP-LON-000358,SKU-0180,23,LOC-12,LOC-13,UPS,GROUND,14
2025-07-11,2025-07-27,2025-07-27,SHP-LON-000359,SKU-0087,45,LOC-23,LOC-27,XPO,AIR,16
2025-06-10,2025-06-24,2025-06-27,SHP-LON-000360,SKU-0129,35,LOC-27,LOC-13,DHL,OCEAN,17
2025-06-25,2025-07-07,2025-07-11,SHP-LON-000361,SKU-0126,10,LOC-11,LOC-12,XPO,GROUND,16
2025-11-12,2025-11-29,2025-12-01,SHP-LON-000362,SKU-0006,93,LOC-37,LOC-12,UPS,OCEAN,19
2025-03-27,2025-04-04,2025-04-04,SHP-LON-000363,SKU-0088,16,LOC-27,LOC-26,DTDC,GROUND,8
2025-05-31,2025-06-13,2025-06-15,SHP-LON-000364,SKU-0135,17,LOC-26,LOC-01,Maersk,GROUND,15
2025-08-25,2025-09-03,2025-09-04,SHP-LON-000365,SKU-0100,12,LOC-24,LOC-29,DHL,GROUND,10
2025-08-29,2025-09-11,2025-09-11,SHP-LON-000366,SKU-0010,26,LOC-19,LOC-03,USPS,OCEAN,13
2025-08-04,2025-08-22,2025-08-25,SHP-LON-000367,SKU-0113,15,LOC-06,LOC-38,USPS,AIR,21
2025-05-26,2025-06-09,2025-06-09,SHP-LON-000368,SKU-0069,22,LOC-35,LOC-12,DHL,AIR,14
2025-07-22,2025-08-04,2025-08-04,SHP-LON-000369,SKU-0114,26,LOC-06,LOC-07,BlueDart,GROUND,13
2025-06-11,2025-06-19,2025-06-19,SHP-LON-000370,SKU-0271,25,LOC-27,LOC-02,DHL,AIR,8
2025-10-27,2025-11-11,2025-11-11,SHP-LON-000371,SKU-0205,20,LOC-03,LOC-22,XPO,AIR,15
2025-07-14,2025-07-27,2025-07-29,SHP-LON-000372,SKU-0243,13,LOC-27,LOC-04,BlueDart,GROUND,15
2025-06-11,2025-06-26,2025-06-26,SHP-LON-000373,SKU-0182,16,LOC-14,LOC-35,UPS,GROUND,15
2025-07-13,2025-07-25,2025-07-25,SHP-LON-000374,SKU-0089,32,LOC-15,LOC-31,USPS,AIR,12
2025-11-07,2025-11-23,2025-11-24,SHP-LON-000375,SKU-0076,21,LOC-29,LOC-28,USPS,OCEAN,17
2025-09-04,2025-09-21,2025-09-24,SHP-LON-000376,SKU-0059,15,LOC-13,LOC-28,UPS,OCEAN,20
2025-10-27,2025-11-06,2025-11-06,SHP-LON-000377,SKU-0145,51,LOC-40,LOC-17,FedEx,AIR,10
2025-06-16,2025-06-26,2025-06-29,SHP-LON-000378,SKU-0200,30,LOC-13,LOC-07,Maersk,AIR,13
2025-03-29,2025-04-11,2025-04-11,SHP-LON-000379,SKU-0101,39,LOC-19,LOC-08,DTDC,GROUND,13
2025-03-08,2025-03-21,2025-03-21,SHP-LON-000380,SKU-0186,10,LOC-25,LOC-35,DTDC,AIR,13
2025-11-07,2025-11-17,2025-11-17,SHP-LON-000381,SKU-0107,34,LOC-03,LOC-29,XPO,OCEAN,10
2025-05-24,2025-06-10,2025-06-10,SHP-LON-000382,SKU-0143,17,LOC-40,LOC-03,BlueDart,GROUND,17
2025-05-24,2025-06-05,2025-06-04,SHP-LON-000383,SKU-0262,12,LOC-22,LOC-07,DTDC,GROUND,11
2025-06-11,2025-06-19,2025-06-19,SHP-LON-000384,SKU-0097,12,LOC-32,LOC-38,DHL,AIR,8
2025-06-27,2025-07-11,2025-07-10,SHP-LON-000385,SKU-0147,9,LOC-03,LOC-12,USPS,AIR,13
2025-07-21,2025-08-04,2025-08-04,SHP-LON-000386,SKU-0255,27,LOC-18,LOC-05,DHL,GROUND,14
2025-04-24,2025-05-07,2025-05-08,SHP-LON-000387,SKU-0101,39,LOC-28,LOC-22,BlueDart,OCEAN,14
2025-04-05,2025-04-22,2025-04-23,SHP-LON-000388,SKU-0085,24,LOC-37,LOC-01,Maersk,AIR,18
2025-09-06,2025-09-16,2025-09-15,SHP-LON-000389,SKU-0194,27,LOC-24,LOC-15,DHL,AIR,9
2025-11-20,2025-12-04,2025-12-04,SHP-LON-000390,SKU-0240,26,LOC-03,LOC-19,DHL,GROUND,14
2025-10-17,2025-10-28,2025-10-28,SHP-LON-000391,SKU-0007,16,LOC-18,LOC-05,UPS,OCEAN,11
2025-11-24,2025-12-03,2025-12-05,SHP-LON-000392,SKU-0161,28,LOC-33,LOC-22,DTDC,OCEAN,11
2025-04-14,2025-05-01,2025-05-01,SHP-LON-000393,SKU-0201,37,LOC-12,LOC-06,XPO,GROUND,17
2025-05-21,2025-05-29,2025-05-30,SHP-LON-000394,SKU-0009,23,LOC-38,LOC-40,UPS,OCEAN,9
2025-05-13,2025-05-27,2025-05-27,SHP-LON-000395,SKU-0040,27,LOC-31,LOC-36,XPO,OCEAN,14
2025-11-06,2025-11-17,2025-11-17,SHP-LON-000396,SKU-0211,13,LOC-20,LOC-33,FedEx,AIR,11
2025-11-24,2025-12-10,2025-12-11,SHP-LON-000397,SKU-0135,67,LOC-33,LOC-35,XPO,GROUND,17
2025-06-02,2025-06-19,2025-06-19,SHP-LON-000398,SKU-0043,7,LOC-26,LOC-25,DTDC,OCEAN,17
2025-07-09,2025-07-24,2025-07-24,SHP-LON-000399,SKU-0132,17,LOC-23,LOC-28,BlueDart,AIR,15
2025-09-23,2025-10-11,2025-10-12,SHP-LON-000400,SKU-0207,30,LOC-25,LOC-15,FedEx,AIR,19
2025-10-28,2025-11-06,2025-11-05,SHP-LON-000401,SKU-0191,23,LOC-06,LOC-35,UPS,GROUND,8
2025-07-18,2025-07-26,2025-07-29,SHP-LON-000402,SKU-0296,28,LOC-31,LOC-11,FedEx,GROUND,11
2025-07-16,2025-07-26,2025-07-26,SHP-LON-000403,SKU-0021,21,LOC-20,LOC-23,DTDC,OCEAN,10
2025-05-05,2025-05-22,2025-05-22,SHP-LON-000404,SKU-0011,37,LOC-36,LOC-25,XPO,GROUND,17
2025-04-02,2025-04-14,2025-04-15,SHP-LON-000405,SKU-0173,26,LOC-28,LOC-03,UPS,GROUND,13
2025-06-05,2025-06-15,2025-06-15,SHP-LON-000406,SKU-0218,16,LOC-29,LOC-18,USPS,GROUND,10
2025-05-31,2025-06-15,2025-06-15,SHP-LON-000407,SKU-0109,35,LOC-31,LOC-29,UPS,AIR,15
2025-05-10,2025-05-18,2025-05-17,SHP-LON-000408,SKU-0070,17,LOC-08,LOC-37,DHL,OCEAN,7
2025-05-04,2025-05-14,2025-05-14,SHP-LON-000409,SKU-0295,6,LOC-27,LOC-32,XPO,GROUND,10
2025-08-23,2025-09-08,2025-09-08,SHP-LON-000410,SKU-0261,21,LOC-33,LOC-29,BlueDart,AIR,16
2025-06-19,2025-07-06,2025-07-06,SHP-LON-000411,SKU-0024,27,LOC-22,LOC-40,BlueDart,AIR,17
2025-11-13,2025-11-26,2025-11-27,SHP-LON-000412,SKU-0105,29,LOC-37,LOC-27,XPO,OCEAN,14
2025-11-12,2025-11-26,2025-11-26,SHP-LON-000413,SKU-0247,16,LOC-33,LOC-34,BlueDart,GROUND,14
2025-07-31,2025-08-12,2025-08-12,SHP-LON-000414,SKU-0012,10,LOC-21,LOC-22,XPO,OCEAN,12
2025-10-20,2025-10-28,2025-10-31,SHP-LON-000415,SKU-0031,21,LOC-08,LOC-31,XPO,OCEAN,11
2025-03-26,2025-04-07,2025-04-07,SHP-LON-000416,SKU-0280,20,LOC-28,LOC-05,BlueDart,OCEAN,12
2025-06-15,2025-06-25,2025-06-24,SHP-LON-000417,SKU-0201,34,LOC-02,LOC-28,USPS,GROUND,9
2025-11-05,2025-11-15,2025-11-15,SHP-LON-000418,SKU-0084,21,LOC-05,LOC-27,UPS,AIR,10
2025-06-15,2025-06-28,2025-06-28,SHP-LON-000419,SKU-0091,33,LOC-38,LOC-39,FedEx,OCEAN,13
2025-04-14,2025-04-28,2025-04-28,SHP-LON-000420,SKU-0252,18,LOC-35,LOC-11,FedEx,OCEAN,14
2025-07-23,2025-08-06,2025-08-07,SHP-LON-000421,SKU-0120,16,LOC-21,LOC-14,DTDC,GROUND,15
2025-10-01,2025-10-17,2025-10-17,SHP-LON-000422,SKU-0217,21,LOC-01,LOC-36,XPO,OCEAN,16
2025-08-15,2025-08-25,2025-08-27,SHP-LON-000423,SKU-0150,55,LOC-26,LOC-39,DHL,GROUND,12
2025-09-04,2025-09-18,2025-09-18,SHP-LON-000424,SKU-0121,60,LOC-38,LOC-35,FedEx,OCEAN,14
2025-07-11,2025-07-24,2025-07-25,SHP-LON-000425,SKU-0010,16,LOC-21,LOC-20,FedEx,AIR,14
2025-07-17,2025-07-27,2025-07-27,SHP-LON-000426,SKU-0231,80,LOC-37,LOC-27,UPS,AIR,10
2025-05-01,2025-05-14,2025-05-14,SHP-LON-000427,SKU-0276,18,LOC-05,LOC-23,DTDC,GROUND,13
2025-08-01,2025-08-09,2025-08-09,SHP-LON-000428,SKU-0272,11,LOC-17,LOC-40,DHL,AIR,8
2025-10-12,2025-10-25,2025-10-26,SHP-LON-000429,SKU-0126,19,LOC-33,LOC-18,UPS,OCEAN,14
2025-07-29,2025-08-06,2025-08-08,SHP-LON-000430,SKU-0276,29,LOC-05,LOC-31,FedEx,AIR,10
2025-07-12,2025-07-24,2025-07-24,SHP-LON-000431,SKU-0193,24,LOC-01,LOC-26,XPO,OCEAN,12
2025-07-15,2025-08-01,2025-08-02,SHP-LON-000432,SKU-0271,13,LOC-08,LOC-23,UPS,GROUND,18
2025-03-12,2025-03-26,2025-03-26,SHP-LON-000433,SKU-0073,12,LOC-17,LOC-39,FedEx,AIR,14
2025-08-06,2025-08-16,2025-08-17,SHP-LON-000434,SKU-0059,23,LOC-29,LOC-03,DTDC,GROUND,11
2025-04-04,2025-04-13,2025-04-13,SHP-LON-000435,SKU-0153,17,LOC-10,LOC-28,UPS,AIR,9
2025-06-19,2025-07-03,2025-07-04,SHP-LON-000436,SKU-0263,37,LOC-14,LOC-02,UPS,OCEAN,15
2025-06-09,2025-06-24,2025-06-24,SHP-LON-000437,SKU-0082,25,LOC-05,LOC-31,BlueDart,GROUND,15
2025-06-20,2025-06-28,2025-06-28,SHP-LON-000438,SKU-0282,34,LOC-39,LOC-27,DHL,OCEAN,8
2025-11-07,2025-11-20,2025-11-20,SHP-LON-000439,SKU-0270,44,LOC-19,LOC-21,Maersk,GROUND,13
2025-04-17,2025-04-26,2025-04-27,SHP-LON-000440,SKU-0076,23,LOC-02,LOC-31,Maersk,OCEAN,10
2025-04-04,2025-04-18,2025-04-19,SHP-LON-000441,SKU-0046,32,LOC-30,LOC-18,FedEx,AIR,15
2025-11-15,2025-12-02,2025-12-02,SHP-LON-000442,SKU-0058,31,LOC-28,LOC-39,BlueDart,GROUND,17
2025-03-19,2025-04-02,2025-04-06,SHP-LON-000443,SKU-0201,23,LOC-31,LOC-26,DHL,GROUND,18
2025-08-21,2025-09-05,2025-09-05,SHP-LON-000444,SKU-0009,18,LOC-34,LOC-09,USPS,OCEAN,15
2025-05-12,2025-05-29,2025-05-29,SHP-LON-000445,SKU-0216,29,LOC-04,LOC-13,USPS,OCEAN,17
2025-06-29,2025-07-17,2025-07-17,SHP-LON-000446,SKU-0138,8,LOC-17,LOC-19,USPS,AIR,18
2025-06-17,2025-06-27,2025-06-27,SHP-LON-000447,SKU-0130,8,LOC-25,LOC-12,Maersk,OCEAN,10
2025-04-22,2025-05-10,2025-05-10,SHP-LON-000448,SKU-0042,46,LOC-32,LOC-01,DHL,GROUND,18
2025-11-23,2025-12-09,2025-12-09,SHP-LON-000449,SKU-0153,9,LOC-19,LOC-10,DHL,OCEAN,16
2025-05-20,2025-06-03,2025-06-03,SHP-LON-000450,SKU-0010,10,LOC-14,LOC-28,FedEx,GROUND,14
2025-05-28,2025-06-10,2025-06-10,SHP-LON-000451,SKU-0128,20,LOC-30,LOC-24,UPS,GROUND,13
2025-10-13,2025-10-28,2025-10-28,SHP-LON-000452,SKU-0232,4,LOC-18,LOC-38,BlueDart,OCEAN,15
2025-07-29,2025-08-07,2025-08-09,SHP-LON-000453,SKU-0230,40,LOC-40,LOC-25,UPS,GROUND,11
2025-09-30,2025-10-08,2025-10-08,SHP-LON-000454,SKU-0193,15,LOC-19,LOC-16,Maersk,GROUND,8
2025-04-19,2025-05-07,2025-05-07,SHP-LON-000455,SKU-0181,23,LOC-20,LOC-03,Maersk,GROUND,18
2025-07-11,2025-07-28,2025-07-27,SHP-LON-000456,SKU-0257,32,LOC-28,LOC-17,FedEx,OCEAN,16
2025-03-12,2025-03-25,2025-03-25,SHP-LON-000457,SKU-0143,8,LOC-29,LOC-24,UPS,GROUND,13
2025-03-12,2025-03-21,2025-03-21,SHP-LON-000458,SKU-0280,22,LOC-18,LOC-34,DHL,GROUND,9
2025-06-21,2025-07-05,2025-07-05,SHP-LON-000459,SKU-0256,65,LOC-37,LOC-29,USPS,OCEAN,14
2025-05-11,2025-05-28,2025-05-27,SHP-LON-000460,SKU-0078,13,LOC-26,LOC-28,USPS,GROUND,16
2025-06-11,2025-06-26,2025-06-29,SHP-LON-000461,SKU-0207,24,LOC-03,LOC-26,DTDC,OCEAN,18
2025-06-27,2025-07-12,2025-07-12,SHP-LON-000462,SKU-0146,29,LOC-34,LOC-27,FedEx,GROUND,15
2025-03-28,2025-04-09,2025-04-09,SHP-LON-000463,SKU-0249,38,LOC-20,LOC-38,DHL,GROUND,12
2025-11-01,2025-11-10,2025-11-10,SHP-LON-000464,SKU-0269,43,LOC-17,LOC-12,BlueDart,GROUND,9
2025-05-17,2025-05-28,2025-05-31,SHP-LON-000465,SKU-0066,52,LOC-27,LOC-38,UPS,AIR,14
2025-10-19,2025-11-05,2025-11-05,SHP-LON-000466,SKU-0292,17,LOC-05,LOC-31,BlueDart,GROUND,17
2025-07-11,2025-07-29,2025-07-30,SHP-LON-000467,SKU-0080,9,LOC-23,LOC-26,USPS,GROUND,19
2025-10-13,2025-10-25,2025-10-27,SHP-LON-000468,SKU-0205,11,LOC-36,LOC-31,DTDC,OCEAN,14
2025-11-17,2025-12-05,2025-12-04,SHP-LON-000469,SKU-0191,32,LOC-40,LOC-12,BlueDart,GROUND,17
2025-06-16,2025-06-25,2025-06-26,SHP-LON-000470,SKU-0269,43,LOC-16,LOC-18,DHL,GROUND,10
2025-08-30,2025-09-13,2025-09-13,SHP-LON-000471,SKU-0127,22,LOC-17,LOC-40,FedEx,AIR,14
2025-08-15,2025-08-26,2025-08-27,SHP-LON-000472,SKU-0044,32,LOC-34,LOC-13,DHL,GROUND,12
2025-11-25,2025-12-13,2025-12-13,SHP-LON-000473,SKU-0035,13,LOC-02,LOC-01,XPO,AIR,18
2025-05-29,2025-06-09,2025-06-10,SHP-LON-000474,SKU-0076,50,LOC-30,LOC-26,FedEx,AIR,12
2025-07-13,2025-07-21,2025-07-21,SHP-LON-000475,SKU-0146,41,LOC-15,LOC-03,FedEx,GROUND,8
2025-04-25,2025-05-10,2025-05-13,SHP-LON-000476,SKU-0265,19,LOC-02,LOC-15,DTDC,AIR,18
2025-08-28,2025-09-12,2025-09-15,SHP-LON-000477,SKU-0068,17,LOC-35,LOC-31,UPS,OCEAN,18
2025-08-21,2025-09-03,2025-09-03,SHP-LON-000478,SKU-0197,16,LOC-28,LOC-21,XPO,GROUND,13
2025-09-10,2025-09-21,2025-09-21,SHP-LON-000479,SKU-0006,13,LOC-09,LOC-20,Maersk,OCEAN,11
2025-04-12,2025-04-21,2025-04-20,SHP-LON-000480,SKU-0266,44,LOC-10,LOC-04,DHL,GROUND,8
2025-06-21,2025-07-03,2025-07-06,SHP-LON-000481,SKU-0292,20,LOC-15,LOC-02,DTDC,AIR,15
2025-06-03,2025-06-21,2025-06-20,SHP-LON-000482,SKU-0287,5,LOC-07,LOC-18,BlueDart,GROUND,17
2025-04-06,2025-04-16,2025-04-17,SHP-LON-000483,SKU-0018,16,LOC-37,LOC-35,Maersk,AIR,11
2025-09-30,2025-10-15,2025-10-15,SHP-LON-000484,SKU-0243,6,LOC-01,LOC-07,Maersk,GROUND,15
2025-05-26,2025-06-06,2025-06-06,SHP-LON-000485,SKU-0210,5,LOC-01,LOC-30,BlueDart,GROUND,11
2025-04-07,2025-04-22,2025-04-23,SHP-LON-000486,SKU-0171,24,LOC-28,LOC-38,DTDC,GROUND,16
2025-08-20,2025-09-06,2025-09-06,SHP-LON-000487,SKU-0159,11,LOC-19,LOC-01,USPS,AIR,17
2025-05-18,2025-05-26,2025-05-27,SHP-LON-000488,SKU-0163,15,LOC-08,LOC-12,USPS,GROUND,9
2025-06-23,2025-07-10,2025-07-10,SHP-LON-000489,SKU-0208,20,LOC-31,LOC-21,FedEx,GROUND,17
2025-11-13,2025-11-29,2025-12-01,SHP-LON-000490,SKU-0101,14,LOC-32,LOC-33,DHL,GROUND,18
2025-10-21,2025-10-31,2025-11-01,SHP-LON-000491,SKU-0116,20,LOC-23,LOC-04,BlueDart,GROUND,11
2025-08-26,2025-09-13,2025-09-13,SHP-LON-000492,SKU-0076,21,LOC-12,LOC-03,Maersk,OCEAN,18
2025-06-05,2025-06-15,2025-06-15,SHP-LON-000493,SKU-0037,8,LOC-38,LOC-40,USPS,OCEAN,10
2025-03-08,2025-03-16,2025-03-16,SHP-LON-000494,SKU-0021,39,LOC-14,LOC-31,USPS,AIR,8
2025-10-05,2025-10-14,2025-10-14,SHP-LON-000495,SKU-0141,49,LOC-19,LOC-21,DTDC,AIR,9
2025-04-14,2025-04-27,2025-04-28,SHP-LON-000496,SKU-0253,19,LOC-01,LOC-19,BlueDart,GROUND,14
2025-07-19,2025-08-02,2025-08-01,SHP-LON-000497,SKU-0066,28,LOC-35,LOC-27,USPS,AIR,13
2025-03-28,2025-04-15,2025-04-15,SHP-LON-000498,SKU-0212,48,LOC-01,LOC-32,Maersk,GROUND,18
2025-08-25,2025-09-02,2025-09-02,SHP-LON-000499,SKU-0242,57,LOC-39,LOC-05,UPS,OCEAN,8
2025-09-05,2025-09-20,2025-09-19,SHP-LON-000500,SKU-0248,39,LOC-23,LOC-06,USPS,OCEAN,14
2025-08-14,2025-08-29,2025-08-30,SHP-LON-000501,SKU-0178,20,LOC-35,LOC-39,FedEx,AIR,16
2025-04-04,2025-04-16,2025-04-17,SHP-LON-000502,SKU-0019,26,LOC-13,LOC-18,FedEx,OCEAN,13
2025-04-24,2025-05-11,2025-05-10,SHP-LON-000503,SKU-0177,61,LOC-33,LOC-01,Maersk,OCEAN,16
2025-05-28,2025-06-06,2025-06-06,SHP-LON-000504,SKU-0232,16,LOC-07,LOC-22,XPO,AIR,9
2025-06-04,2025-06-16,2025-06-16,SHP-LON-000505,SKU-0188,31,LOC-40,LOC-26,USPS,OCEAN,12
2025-11-09,2025-11-20,2025-11-20,SHP-LON-000506,SKU-0252,33,LOC-26,LOC-04,DTDC,GROUND,11
2025-09-11,2025-09-22,2025-09-23,SHP-LON-000507,SKU-0126,20,LOC-01,LOC-39,UPS,OCEAN,12
2025-09-29,2025-10-12,2025-10-15,SHP-LON-000508,SKU-0277,65,LOC-20,LOC-08,XPO,GROUND,16
2025-09-30,2025-10-12,2025-10-12,SHP-LON-000509,SKU-0280,18,LOC-16,LOC-40,DHL,GROUND,12
2025-06-10,2025-06-28,2025-06-28,SHP-LON-000510,SKU-0108,45,LOC-35,LOC-02,BlueDart,AIR,18
2025-07-17,2025-07-26,2025-07-26,SHP-LON-000511,SKU-0264,20,LOC-03,LOC-17,Maersk,OCEAN,9
2025-08-01,2025-08-10,2025-08-10,SHP-LON-000512,SKU-0228,26,LOC-18,LOC-02,UPS,GROUND,9
2025-08-31,2025-09-11,2025-09-11,SHP-LON-000513,SKU-0174,40,LOC-11,LOC-40,FedEx,AIR,11
2025-10-07,2025-10-23,2025-10-29,SHP-LON-000514,SKU-0106,32,LOC-28,LOC-40,USPS,OCEAN,22
2025-07-15,2025-07-31,2025-08-02,SHP-LON-000515,SKU-0103,21,LOC-27,LOC-09,UPS,GROUND,18
2025-07-23,2025-08-01,2025-07-31,SHP-LON-000516,SKU-0135,12,LOC-30,LOC-20,UPS,OCEAN,8
2025-09-23,2025-10-02,2025-10-01,SHP-LON-000517,SKU-0250,22,LOC-04,LOC-29,UPS,OCEAN,8
2025-06-12,2025-06-21,2025-06-20,SHP-LON-000518,SKU-0248,64,LOC-39,LOC-36,UPS,OCEAN,8
2025-10-04,2025-10-16,2025-10-19,SHP-LON-000519,SKU-0048,10,LOC-08,LOC-40,XPO,GROUND,15
2025-06-25,2025-07-03,2025-07-03,SHP-LON-000520,SKU-0200,34,LOC-13,LOC-10,BlueDart,GROUND,8
2025-10-22,2025-10-30,2025-10-30,SHP-LON-000521,SKU-0284,31,LOC-35,LOC-18,Maersk,OCEAN,8
2025-08-02,2025-08-13,2025-08-14,SHP-LON-000522,SKU-0124,43,LOC-11,LOC-27,DHL,OCEAN,12
2025-05-25,2025-06-03,2025-06-04,SHP-LON-000523,SKU-0017,35,LOC-39,LOC-26,XPO,AIR,10
2025-06-10,2025-06-24,2025-06-25,SHP-LON-000524,SKU-0010,68,LOC-11,LOC-10,Maersk,GROUND,15
2025-10-08,2025-10-23,2025-10-23,SHP-LON-000525,SKU-0244,43,LOC-31,LOC-01,DTDC,AIR,15
2025-04-19,2025-05-06,2025-05-06,SHP-LON-000526,SKU-0246,11,LOC-18,LOC-20,UPS,OCEAN,17
2025-06-04,2025-06-21,2025-06-21,SHP-LON-000527,SKU-0041,7,LOC-09,LOC-14,DTDC,GROUND,17
2025-05-21,2025-06-07,2025-06-08,SHP-LON-000528,SKU-0174,14,LOC-05,LOC-38,USPS,OCEAN,18
2025-06-07,2025-06-21,2025-06-25,SHP-LON-000529,SKU-0209,27,LOC-32,LOC-25,DHL,AIR,18
2025-06-06,2025-06-22,2025-06-23,SHP-LON-000530,SKU-0193,79,LOC-21,LOC-38,UPS,AIR,17
2025-07-21,2025-07-30,2025-08-01,SHP-LON-000531,SKU-0197,10,LOC-01,LOC-10,FedEx,OCEAN,11
2025-08-14,2025-08-23,2025-08-23,SHP-LON-000532,SKU-0192,25,LOC-02,LOC-10,DTDC,OCEAN,9
2025-03-12,2025-03-30,2025-03-30,SHP-LON-000533,SKU-0199,17,LOC-01,LOC-15,BlueDart,GROUND,18
2025-06-25,2025-07-11,2025-07-14,SHP-LON-000534,SKU-0122,26,LOC-04,LOC-27,UPS,AIR,19
2025-08-18,2025-08-29,2025-08-28,SHP-LON-000535,SKU-0190,22,LOC-28,LOC-01,UPS,GROUND,10
2025-10-08,2025-10-16,2025-10-16,SHP-LON-000536,SKU-0137,37,LOC-06,LOC-29,UPS,OCEAN,8
2025-08-05,2025-08-17,2025-08-17,SHP-LON-000537,SKU-0111,54,LOC-08,LOC-01,UPS,OCEAN,12
2025-08-05,2025-08-22,2025-08-29,SHP-LON-000538,SKU-0122,15,LOC-11,LOC-04,UPS,GROUND,24
2025-05-24,2025-06-05,2025-06-05,SHP-LON-000539,SKU-0135,27,LOC-02,LOC-40,Maersk,GROUND,12
2025-04-03,2025-04-13,2025-04-13,SHP-LON-000540,SKU-0292,35,LOC-30,LOC-24,DTDC,OCEAN,10
2025-10-01,2025-10-12,2025-10-13,SHP-LON-000541,SKU-0295,40,LOC-15,LOC-08,DHL,AIR,12
2025-06-16,2025-06-24,2025-06-27,SHP-LON-000542,SKU-0221,35,LOC-40,LOC-35,UPS,GROUND,11
2025-10-08,2025-10-25,2025-10-25,SHP-LON-000543,SKU-0253,16,LOC-30,LOC-23,XPO,OCEAN,17
2025-08-06,2025-08-20,2025-08-22,SHP-LON-000544,SKU-0071,17,LOC-18,LOC-39,UPS,AIR,16
2025-10-23,2025-11-09,2025-11-14,SHP-LON-000545,SKU-0145,49,LOC-36,LOC-40,XPO,AIR,22
2025-04-05,2025-04-23,2025-04-24,SHP-LON-000546,SKU-0286,29,LOC-06,LOC-09,UPS,OCEAN,19
2025-06-02,2025-06-12,2025-06-12,SHP-LON-000547,SKU-0200,15,LOC-36,LOC-40,Maersk,OCEAN,10
2025-06-29,2025-07-10,2025-07-10,SHP-LON-000548,SKU-0145,28,LOC-14,LOC-20,Maersk,AIR,11
2025-10-09,2025-10-18,2025-10-18,SHP-LON-000549,SKU-0190,27,LOC-11,LOC-12,DHL,GROUND,9
2025-05-04,2025-05-21,2025-05-21,SHP-LON-000550,SKU-0162,18,LOC-32,LOC-04,BlueDart,AIR,17
2025-06-05,2025-06-18,2025-06-18,SHP-LON-000551,SKU-0216,85,LOC-27,LOC-07,DHL,AIR,13
2025-04-27,2025-05-05,2025-05-05,SHP-LON-000552,SKU-0006,36,LOC-02,LOC-30,XPO,AIR,8
2025-11-30,2025-12-14,2025-12-14,SHP-LON-000553,SKU-0208,31,LOC-10,LOC-28,UPS,GROUND,14
2025-10-03,2025-10-14,2025-10-19,SHP-LON-000554,SKU-0259,17,LOC-05,LOC-25,Maersk,GROUND,16
2025-04-20,2025-04-28,2025-05-01,SHP-LON-000555,SKU-0035,51,LOC-13,LOC-01,DTDC,GROUND,11
2025-05-04,2025-05-16,2025-05-16,SHP-LON-000556,SKU-0255,14,LOC-06,LOC-29,FedEx,AIR,12
2025-09-02,2025-09-10,2025-09-10,SHP-LON-000557,SKU-0226,52,LOC-23,LOC-35,UPS,AIR,8
2025-10-28,2025-11-07,2025-11-07,SHP-LON-000558,SKU-0039,11,LOC-17,LOC-21,USPS,GROUND,10
2025-03-24,2025-04-08,2025-04-07,SHP-LON-000559,SKU-0291,27,LOC-20,LOC-30,XPO,GROUND,14
2025-06-16,2025-07-04,2025-07-04,SHP-LON-000560,SKU-0110,20,LOC-17,LOC-25,FedEx,OCEAN,18
2025-11-04,2025-11-16,2025-11-16,SHP-LON-000561,SKU-0028,13,LOC-30,LOC-39,Maersk,OCEAN,12
2025-03-11,2025-03-27,2025-03-27,SHP-LON-000562,SKU-0269,28,LOC-37,LOC-06,BlueDart,AIR,16
2025-07-06,2025-07-14,2025-07-14,SHP-LON-000563,SKU-0298,6,LOC-20,LOC-27,USPS,AIR,8
2025-04-09,2025-04-26,2025-04-30,SHP-LON-000564,SKU-0121,26,LOC-08,LOC-37,USPS,AIR,21
2025-10-23,2025-11-10,2025-11-10,SHP-LON-000565,SKU-0287,30,LOC-32,LOC-17,DTDC,AIR,18
2025-11-23,2025-12-06,2025-12-06,SHP-LON-000566,SKU-0240,19,LOC-01,LOC-25,UPS,GROUND,13
2025-10-05,2025-10-20,2025-10-20,SHP-LON-000567,SKU-0046,22,LOC-31,LOC-32,XPO,GROUND,15
2025-09-02,2025-09-20,2025-09-20,SHP-LON-000568,SKU-0096,17,LOC-07,LOC-38,DHL,GROUND,18
2025-08-22,2025-09-09,2025-09-10,SHP-LON-000569,SKU-0124,13,LOC-28,LOC-33,USPS,GROUND,19
2025-09-30,2025-10-15,2025-10-15,SHP-LON-000570,SKU-0246,14,LOC-10,LOC-40,USPS,OCEAN,15
2025-05-22,2025-06-08,2025-06-11,SHP-LON-000571,SKU-0149,13,LOC-37,LOC-26,XPO,GROUND,20
2025-07-09,2025-07-17,2025-07-19,SHP-LON-000572,SKU-0165,20,LOC-36,LOC-09,USPS,GROUND,10
2025-05-04,2025-05-15,2025-05-15,SHP-LON-000573,SKU-0096,24,LOC-30,LOC-25,XPO,GROUND,11
2025-06-25,2025-07-06,2025-07-06,SHP-LON-000574,SKU-0115,8,LOC-16,LOC-11,Maersk,OCEAN,11
2025-06-26,2025-07-04,2025-07-05,SHP-LON-000575,SKU-0094,29,LOC-09,LOC-17,UPS,OCEAN,9
2025-07-07,2025-07-22,2025-07-23,SHP-LON-000576,SKU-0217,18,LOC-01,LOC-06,USPS,GROUND,16
2025-09-26,2025-10-05,2025-10-05,SHP-LON-000577,SKU-0143,24,LOC-12,LOC-35,XPO,GROUND,9
2025-06-01,2025-06-09,2025-06-10,SHP-LON-000578,SKU-0037,14,LOC-20,LOC-33,DHL,OCEAN,9
2025-08-16,2025-08-31,2025-09-06,SHP-LON-000579,SKU-0165,66,LOC-31,LOC-22,FedEx,AIR,21
2025-10-29,2025-11-11,2025-11-11,SHP-LON-000580,SKU-0200,29,LOC-22,LOC-09,UPS,AIR,13
2025-04-21,2025-05-05,2025-05-05,SHP-LON-000581,SKU-0036,13,LOC-37,LOC-40,USPS,OCEAN,14
2025-03-24,2025-04-04,2025-04-04,SHP-LON-000582,SKU-0002,69,LOC-08,LOC-02,BlueDart,AIR,11
2025-03-10,2025-03-24,2025-03-25,SHP-LON-000583,SKU-0095,41,LOC-14,LOC-10,BlueDart,OCEAN,15
2025-07-21,2025-08-03,2025-08-02,SHP-LON-000584,SKU-0253,18,LOC-10,LOC-09,DTDC,AIR,12
2025-08-15,2025-08-27,2025-08-27,SHP-LON-000585,SKU-0213,22,LOC-14,LOC-05,UPS,AIR,12
2025-10-29,2025-11-13,2025-11-13,SHP-LON-000586,SKU-0015,17,LOC-20,LOC-32,DTDC,GROUND,15
2025-10-11,2025-10-29,2025-10-30,SHP-LON-000587,SKU-0122,15,LOC-24,LOC-04,BlueDart,GROUND,19
2025-08-08,2025-08-23,2025-08-27,SHP-LON-000588,SKU-0258,24,LOC-21,LOC-11,XPO,GROUND,19
2025-08-09,2025-08-18,2025-08-18,SHP-LON-000589,SKU-0243,33,LOC-06,LOC-03,XPO,OCEAN,9
2025-04-25,2025-05-08,2025-05-13,SHP-LON-000590,SKU-0010,36,LOC-32,LOC-18,BlueDart,AIR,18
2025-08-14,2025-08-26,2025-08-27,SHP-LON-000591,SKU-0086,10,LOC-24,LOC-34,BlueDart,AIR,13
2025-11-17,2025-12-04,2025-12-03,SHP-LON-000592,SKU-0002,7,LOC-24,LOC-38,BlueDart,GROUND,16
2025-05-30,2025-06-13,2025-06-13,SHP-LON-000593,SKU-0208,14,LOC-03,LOC-17,USPS,OCEAN,14
2025-07-31,2025-08-15,2025-08-15,SHP-LON-000594,SKU-0135,15,LOC-23,LOC-27,BlueDart,OCEAN,15
2025-04-30,2025-05-16,2025-05-19,SHP-LON-000595,SKU-0137,14,LOC-37,LOC-29,Maersk,OCEAN,19
2025-05-25,2025-06-08,2025-06-08,SHP-LON-000596,SKU-0054,37,LOC-38,LOC-14,USPS,OCEAN,14
2025-09-12,2025-09-20,2025-09-20,SHP-LON-000597,SKU-0295,24,LOC-37,LOC-32,XPO,OCEAN,8
2025-08-06,2025-08-15,2025-08-15,SHP-LON-000598,SKU-0260,59,LOC-17,LOC-40,BlueDart,GROUND,9
2025-11-03,2025-11-11,2025-11-11,SHP-LON-000599,SKU-0161,35,LOC-40,LOC-21,UPS,AIR,8
2025-10-13,2025-10-25,2025-10-24,SHP-LON-000600,SKU-0214,40,LOC-14,LOC-10,BlueDart,AIR,11
2025-07-28,2025-08-14,2025-08-18,SHP-LON-000601,SKU-0132,69,LOC-09,LOC-16,BlueDart,GROUND,21
2025-10-29,2025-11-06,2025-11-10,SHP-LON-000602,SKU-0300,28,LOC-11,LOC-37,FedEx,OCEAN,12
2025-11-20,2025-12-06,2025-12-06,SHP-LON-000603,SKU-0148,30,LOC-07,LOC-23,Maersk,GROUND,16
2025-06-30,2025-07-09,2025-07-10,SHP-LON-000604,SKU-0094,3,LOC-01,LOC-06,DTDC,AIR,10
2025-03-28,2025-04-13,2025-04-13,SHP-LON-000605,SKU-0099,13,LOC-11,LOC-09,XPO,AIR,16
2025-11-15,2025-11-27,2025-11-29,SHP-LON-000606,SKU-0204,14,LOC-11,LOC-23,DTDC,OCEAN,14
2025-05-24,2025-06-07,2025-06-07,SHP-LON-000607,SKU-0263,43,LOC-32,LOC-05,DHL,GROUND,14
2025-04-24,2025-05-09,2025-05-12,SHP-LON-000608,SKU-0248,29,LOC-34,LOC-36,UPS,AIR,18
2025-03-30,2025-04-10,2025-04-10,SHP-LON-000609,SKU-0199,14,LOC-19,LOC-05,UPS,AIR,11
2025-10-21,2025-11-06,2025-11-06,SHP-LON-000610,SKU-0295,29,LOC-13,LOC-18,Maersk,AIR,16
2025-06-24,2025-07-10,2025-07-13,SHP-LON-000611,SKU-0275,23,LOC-37,LOC-40,XPO,AIR,19
2025-06-29,2025-07-11,2025-07-12,SHP-LON-000612,SKU-0220,36,LOC-21,LOC-34,DTDC,OCEAN,13
2025-06-24,2025-07-03,2025-07-06,SHP-LON-000613,SKU-0278,20,LOC-25,LOC-13,USPS,GROUND,12
2025-07-04,2025-07-18,2025-07-18,SHP-LON-000614,SKU-0104,22,LOC-29,LOC-10,BlueDart,GROUND,14
2025-08-22,2025-09-03,2025-09-04,SHP-LON-000615,SKU-0294,34,LOC-35,LOC-04,DHL,AIR,13
2025-09-11,2025-09-29,2025-09-30,SHP-LON-000616,SKU-0004,33,LOC-26,LOC-09,FedEx,AIR,19
2025-11-10,2025-11-24,2025-11-24,SHP-LON-000617,SKU-0260,35,LOC-21,LOC-30,BlueDart,AIR,14
2025-08-07,2025-08-17,2025-08-20,SHP-LON-000618,SKU-0166,25,LOC-34,LOC-26,Maersk,AIR,13
2025-11-27,2025-12-15,2025-12-15,SHP-LON-000619,SKU-0089,11,LOC-23,LOC-07,XPO,AIR,18
2025-05-04,2025-05-15,2025-05-16,SHP-LON-000620,SKU-0027,37,LOC-01,LOC-02,BlueDart,OCEAN,12
2025-07-09,2025-07-23,2025-07-23,SHP-LON-000621,SKU-0272,37,LOC-34,LOC-27,DHL,AIR,14
2025-05-09,2025-05-24,2025-05-24,SHP-LON-000622,SKU-0213,46,LOC-23,LOC-05,BlueDart,AIR,15
2025-05-20,2025-05-30,2025-06-02,SHP-LON-000623,SKU-0090,29,LOC-07,LOC-11,XPO,AIR,13
2025-08-24,2025-09-04,2025-09-07,SHP-LON-000624,SKU-0242,29,LOC-33,LOC-39,XPO,GROUND,14
2025-07-10,2025-07-21,2025-07-24,SHP-LON-000625,SKU-0271,27,LOC-13,LOC-14,BlueDart,OCEAN,14
2025-11-07,2025-11-24,2025-11-24,SHP-LON-000626,SKU-0120,14,LOC-02,LOC-34,Maersk,AIR,17
2025-04-14,2025-04-29,2025-04-29,SHP-LON-000627,SKU-0011,15,LOC-05,LOC-30,USPS,AIR,15
2025-05-22,2025-06-03,2025-06-07,SHP-LON-000628,SKU-0138,49,LOC-40,LOC-20,DHL,GROUND,16
2025-11-13,2025-11-26,2025-11-27,SHP-LON-000629,SKU-0089,9,LOC-27,LOC-04,UPS,OCEAN,14
2025-04-01,2025-04-09,2025-04-13,SHP-LON-000630,SKU-0274,22,LOC-04,LOC-36,USPS,GROUND,12
2025-10-24,2025-11-06,2025-11-06,SHP-LON-000631,SKU-0109,7,LOC-18,LOC-05,XPO,OCEAN,13
2025-06-29,2025-07-17,2025-07-17,SHP-LON-000632,SKU-0034,12,LOC-38,LOC-28,DTDC,OCEAN,18
2025-07-24,2025-08-04,2025-08-04,SHP-LON-000633,SKU-0070,25,LOC-37,LOC-32,XPO,AIR,11
2025-08-31,2025-09-16,2025-09-16,SHP-LON-000634,SKU-0057,33,LOC-36,LOC-18,USPS,AIR,16
2025-04-10,2025-04-19,2025-04-19,SHP-LON-000635,SKU-0007,13,LOC-18,LOC-35,XPO,AIR,9
2025-07-29,2025-08-13,2025-08-13,SHP-LON-000636,SKU-0182,51,LOC-30,LOC-14,BlueDart,OCEAN,15
2025-11-22,2025-12-08,2025-12-07,SHP-LON-000637,SKU-0294,20,LOC-33,LOC-01,Maersk,AIR,15
2025-08-21,2025-08-30,2025-08-31,SHP-LON-000638,SKU-0129,29,LOC-15,LOC-38,UPS,AIR,10
2025-03-12,2025-03-21,2025-03-21,SHP-LON-000639,SKU-0072,5,LOC-36,LOC-03,BlueDart,GROUND,9
2025-07-16,2025-07-25,2025-07-29,SHP-LON-000640,SKU-0139,28,LOC-40,LOC-17,DHL,OCEAN,13
2025-06-23,2025-07-01,2025-07-01,SHP-LON-000641,SKU-0047,14,LOC-03,LOC-16,Maersk,OCEAN,8
2025-05-29,2025-06-14,2025-06-14,SHP-LON-000642,SKU-0267,18,LOC-09,LOC-23,XPO,OCEAN,16
2025-04-30,2025-05-15,2025-05-15,SHP-LON-000643,SKU-0098,53,LOC-02,LOC-31,XPO,GROUND,15
2025-05-13,2025-05-27,2025-05-30,SHP-LON-000644,SKU-0226,28,LOC-07,LOC-38,DTDC,AIR,17
2025-08-18,2025-08-31,2025-09-03,SHP-LON-000645,SKU-0186,43,LOC-28,LOC-31,Maersk,GROUND,16
2025-08-19,2025-08-30,2025-08-31,SHP-LON-000646,SKU-0218,51,LOC-05,LOC-34,XPO,OCEAN,12
2025-10-28,2025-11-08,2025-11-08,SHP-LON-000647,SKU-0002,65,LOC-11,LOC-14,DHL,OCEAN,11
2025-11-14,2025-11-27,2025-11-28,SHP-LON-000648,SKU-0264,30,LOC-34,LOC-26,XPO,GROUND,14
2025-08-26,2025-09-13,2025-09-13,SHP-LON-000649,SKU-0113,31,LOC-11,LOC-17,DHL,AIR,18
2025-03-17,2025-03-30,2025-04-01,SHP-LON-000650,SKU-0193,15,LOC-24,LOC-37,XPO,GROUND,15
2025-07-12,2025-07-22,2025-07-22,SHP-LON-000651,SKU-0265,12,LOC-31,LOC-19,USPS,GROUND,10
2025-08-11,2025-08-28,2025-08-28,SHP-LON-000652,SKU-0002,20,LOC-29,LOC-13,BlueDart,AIR,17
2025-11-16,2025-12-01,2025-12-07,SHP-LON-000653,SKU-0045,16,LOC-38,LOC-14,Maersk,GROUND,21
2025-04-25,2025-05-08,2025-05-08,SHP-LON-000654,SKU-0240,26,LOC-34,LOC-06,DHL,AIR,13
2025-06-14,2025-07-02,2025-07-01,SHP-LON-000655,SKU-0175,37,LOC-25,LOC-24,XPO,AIR,17
2025-06-18,2025-06-28,2025-06-28,SHP-LON-000656,SKU-0216,15,LOC-38,LOC-02,DHL,GROUND,10
2025-04-24,2025-05-05,2025-05-08,SHP-LON-000657,SKU-0243,64,LOC-10,LOC-16,FedEx,AIR,14
2025-05-21,2025-06-06,2025-06-06,SHP-LON-000658,SKU-0078,34,LOC-38,LOC-02,DHL,GROUND,16
2025-06-20,2025-06-28,2025-06-28,SHP-LON-000659,SKU-0019,14,LOC-37,LOC-04,BlueDart,AIR,8
2025-03-26,2025-04-10,2025-04-10,SHP-LON-000660,SKU-0029,19,LOC-35,LOC-29,XPO,AIR,15
2025-05-21,2025-05-30,2025-05-30,SHP-LON-000661,SKU-0133,17,LOC-38,LOC-21,FedEx,OCEAN,9
2025-05-08,2025-05-21,2025-05-22,SHP-LON-000662,SKU-0161,13,LOC-27,LOC-33,Maersk,GROUND,14
2025-08-08,2025-08-22,2025-08-22,SHP-LON-000663,SKU-0277,20,LOC-05,LOC-36,UPS,AIR,14
2025-11-20,2025-11-28,2025-11-28,SHP-LON-000664,SKU-0034,21,LOC-30,LOC-34,Maersk,OCEAN,8
2025-08-14,2025-09-01,2025-09-01,SHP-LON-000665,SKU-0030,44,LOC-32,LOC-40,XPO,AIR,18
2025-03-07,2025-03-15,2025-03-15,SHP-LON-000666,SKU-0086,14,LOC-39,LOC-25,BlueDart,OCEAN,8
2025-09-25,2025-10-13,2025-10-16,SHP-LON-000667,SKU-0263,31,LOC-17,LOC-37,DTDC,AIR,21
2025-08-19,2025-08-27,2025-08-29,SHP-LON-000668,SKU-0009,39,LOC-02,LOC-11,DTDC,AIR,10
2025-08-06,2025-08-22,2025-08-23,SHP-LON-000669,SKU-0205,24,LOC-16,LOC-39,FedEx,GROUND,17
2025-06-02,2025-06-14,2025-06-16,SHP-LON-000670,SKU-0171,32,LOC-39,LOC-02,FedEx,OCEAN,14
2025-04-16,2025-05-01,2025-05-01,SHP-LON-000671,SKU-0080,44,LOC-35,LOC-07,BlueDart,OCEAN,15
2025-05-14,2025-05-26,2025-05-26,SHP-LON-000672,SKU-0069,69,LOC-07,LOC-34,UPS,OCEAN,12
2025-08-23,2025-09-01,2025-09-01,SHP-LON-000673,SKU-0199,29,LOC-01,LOC-27,UPS,GROUND,9
2025-09-23,2025-10-04,2025-10-05,SHP-LON-000674,SKU-0113,19,LOC-38,LOC-09,DTDC,GROUND,12
2025-08-13,2025-08-23,2025-08-23,SHP-LON-000675,SKU-0284,27,LOC-10,LOC-26,USPS,GROUND,10
2025-05-12,2025-05-20,2025-05-24,SHP-LON-000676,SKU-0156,18,LOC-33,LOC-28,DTDC,GROUND,12
2025-03-12,2025-03-20,2025-03-21,SHP-LON-000677,SKU-0216,29,LOC-21,LOC-03,DTDC,AIR,9
2025-08-02,2025-08-13,2025-08-13,SHP-LON-000678,SKU-0266,15,LOC-40,LOC-27,USPS,GROUND,11
2025-03-11,2025-03-28,2025-04-02,SHP-LON-000679,SKU-0250,13,LOC-29,LOC-01,DTDC,GROUND,22
2025-10-05,2025-10-16,2025-10-16,SHP-LON-000680,SKU-0052,39,LOC-11,LOC-15,Maersk,AIR,11
2025-07-07,2025-07-22,2025-07-23,SHP-LON-000681,SKU-0226,47,LOC-03,LOC-22,UPS,AIR,16
2025-04-03,2025-04-16,2025-04-19,SHP-LON-000682,SKU-0245,14,LOC-06,LOC-35,USPS,OCEAN,16
2025-05-03,2025-05-16,2025-05-16,SHP-LON-000683,SKU-0023,19,LOC-18,LOC-17,XPO,AIR,13
2025-06-30,2025-07-10,2025-07-10,SHP-LON-000684,SKU-0054,16,LOC-35,LOC-14,FedEx,AIR,10
2025-07-28,2025-08-15,2025-08-17,SHP-LON-000685,SKU-0053,17,LOC-31,LOC-04,DHL,GROUND,20
2025-08-29,2025-09-16,2025-09-17,SHP-LON-000686,SKU-0102,39,LOC-21,LOC-04,BlueDart,OCEAN,19
2025-08-13,2025-08-31,2025-08-31,SHP-LON-000687,SKU-0202,15,LOC-08,LOC-22,FedEx,OCEAN,18
2025-05-27,2025-06-10,2025-06-11,SHP-LON-000688,SKU-0229,28,LOC-29,LOC-30,UPS,GROUND,15
2025-11-09,2025-11-17,2025-11-17,SHP-LON-000689,SKU-0183,19,LOC-20,LOC-18,BlueDart,OCEAN,8
2025-08-17,2025-09-04,2025-09-05,SHP-LON-000690,SKU-0295,11,LOC-27,LOC-32,XPO,GROUND,19
2025-06-01,2025-06-09,2025-06-09,SHP-LON-000691,SKU-0219,30,LOC-15,LOC-29,XPO,GROUND,8
2025-10-30,2025-11-16,2025-11-18,SHP-LON-000692,SKU-0164,24,LOC-14,LOC-09,DTDC,GROUND,19
2025-07-18,2025-07-29,2025-07-29,SHP-LON-000693,SKU-0061,63,LOC-33,LOC-14,Maersk,OCEAN,11
2025-09-03,2025-09-13,2025-09-13,SHP-LON-000694,SKU-0083,50,LOC-24,LOC-30,DHL,OCEAN,10
2025-08-25,2025-09-04,2025-09-04,SHP-LON-000695,SKU-0202,15,LOC-07,LOC-34,USPS,OCEAN,10
2025-05-03,2025-05-16,2025-05-17,SHP-LON-000696,SKU-0170,9,LOC-37,LOC-06,Maersk,OCEAN,14
2025-07-12,2025-07-23,2025-07-23,SHP-LON-000697,SKU-0117,7,LOC-11,LOC-16,DHL,AIR,11
2025-06-05,2025-06-15,2025-06-18,SHP-LON-000698,SKU-0282,72,LOC-24,LOC-05,Maersk,OCEAN,13
2025-08-23,2025-09-03,2025-09-02,SHP-LON-000699,SKU-0299,37,LOC-35,LOC-16,BlueDart,AIR,10
2025-07-13,2025-07-24,2025-07-28,SHP-LON-000700,SKU-0154,18,LOC-30,LOC-14,XPO,AIR,15
2025-03-10,2025-03-23,2025-03-23,SHP-LON-000701,SKU-0091,33,LOC-17,LOC-26,FedEx,AIR,13
2025-09-07,2025-09-20,2025-09-20,SHP-LON-000702,SKU-0279,14,LOC-37,LOC-23,XPO,OCEAN,13
2025-10-15,2025-10-30,2025-11-02,SHP-LON-000703,SKU-0059,19,LOC-32,LOC-18,BlueDart,GROUND,18
2025-10-09,2025-10-20,2025-10-20,SHP-LON-000704,SKU-0083,35,LOC-22,LOC-01,DHL,GROUND,11
2025-06-16,2025-07-02,2025-07-02,SHP-LON-000705,SKU-0290,37,LOC-07,LOC-27,FedEx,OCEAN,16
2025-05-30,2025-06-14,2025-06-14,SHP-LON-000706,SKU-0117,14,LOC-19,LOC-07,XPO,AIR,15
2025-03-28,2025-04-09,2025-04-09,SHP-LON-000707,SKU-0131,29,LOC-25,LOC-04,USPS,OCEAN,12
2025-06-05,2025-06-14,2025-06-14,SHP-LON-000708,SKU-0014,71,LOC-29,LOC-19,DHL,OCEAN,9
2025-08-20,2025-09-02,2025-09-01,SHP-LON-000709,SKU-0208,34,LOC-09,LOC-36,XPO,OCEAN,12
2025-03-28,2025-04-12,2025-04-12,SHP-LON-000710,SKU-0015,21,LOC-16,LOC-13,DHL,AIR,15
2025-03-25,2025-04-05,2025-04-05,SHP-LON-000711,SKU-0295,3,LOC-23,LOC-02,BlueDart,OCEAN,11
2025-04-27,2025-05-15,2025-05-16,SHP-LON-000712,SKU-0097,28,LOC-08,LOC-37,BlueDart,AIR,19
2025-11-16,2025-12-04,2025-12-04,SHP-LON-000713,SKU-0194,16,LOC-08,LOC-40,BlueDart,AIR,18
2025-09-29,2025-10-10,2025-10-10,SHP-LON-000714,SKU-0072,60,LOC-05,LOC-01,Maersk,OCEAN,11
2025-10-15,2025-11-02,2025-11-02,SHP-LON-000715,SKU-0090,70,LOC-16,LOC-19,UPS,GROUND,18
2025-05-25,2025-06-05,2025-06-05,SHP-LON-000716,SKU-0113,26,LOC-09,LOC-10,XPO,OCEAN,11
2025-11-18,2025-11-27,2025-11-27,SHP-LON-000717,SKU-0107,59,LOC-03,LOC-06,DTDC,AIR,9
2025-04-19,2025-05-04,2025-05-03,SHP-LON-000718,SKU-0184,11,LOC-27,LOC-33,UPS,GROUND,14
2025-05-06,2025-05-19,2025-05-19,SHP-LON-000719,SKU-0168,37,LOC-29,LOC-05,DHL,OCEAN,13
2025-05-13,2025-05-22,2025-05-27,SHP-LON-000720,SKU-0141,12,LOC-26,LOC-08,XPO,GROUND,14
2025-05-15,2025-05-25,2025-05-25,SHP-LON-000721,SKU-0180,32,LOC-14,LOC-17,FedEx,AIR,10
2025-07-02,2025-07-10,2025-07-12,SHP-LON-000722,SKU-0223,11,LOC-26,LOC-24,XPO,GROUND,10
2025-03-22,2025-03-31,2025-03-31,SHP-LON-000723,SKU-0057,35,LOC-25,LOC-04,BlueDart,GROUND,9
2025-10-03,2025-10-21,2025-10-22,SHP-LON-000724,SKU-0112,11,LOC-09,LOC-26,FedEx,OCEAN,19
2025-06-07,2025-06-15,2025-06-15,SHP-LON-000725,SKU-0172,20,LOC-23,LOC-26,Maersk,OCEAN,8
2025-07-01,2025-07-12,2025-07-12,SHP-LON-000726,SKU-0225,27,LOC-12,LOC-33,BlueDart,AIR,11
2025-03-24,2025-04-05,2025-04-05,SHP-LON-000727,SKU-0024,28,LOC-20,LOC-40,UPS,GROUND,12
2025-11-08,2025-11-18,2025-11-18,SHP-LON-000728,SKU-0002,7,LOC-36,LOC-21,DHL,OCEAN,10
2025-09-29,2025-10-17,2025-10-17,SHP-LON-000729,SKU-0107,16,LOC-22,LOC-05,XPO,AIR,18
2025-07-25,2025-08-03,2025-08-03,SHP-LON-000730,SKU-0205,22,LOC-17,LOC-37,DTDC,GROUND,9
2025-09-09,2025-09-17,2025-09-20,SHP-LON-000731,SKU-0294,18,LOC-35,LOC-15,UPS,AIR,11
2025-04-13,2025-04-23,2025-04-23,SHP-LON-000732,SKU-0034,24,LOC-16,LOC-15,XPO,AIR,10
2025-03-08,2025-03-21,2025-03-23,SHP-LON-000733,SKU-0247,13,LOC-06,LOC-25,XPO,OCEAN,15
2025-06-01,2025-06-11,2025-06-10,SHP-LON-000734,SKU-0048,12,LOC-10,LOC-24,FedEx,AIR,9
2025-06-04,2025-06-18,2025-06-18,SHP-LON-000735,SKU-0270,18,LOC-38,LOC-30,DTDC,OCEAN,14
2025-06-09,2025-06-24,2025-06-24,SHP-LON-000736,SKU-0069,43,LOC-14,LOC-05,UPS,AIR,15
2025-08-26,2025-09-08,2025-09-09,SHP-LON-000737,SKU-0125,108,LOC-21,LOC-19,DTDC,AIR,14
2025-05-21,2025-06-06,2025-06-06,SHP-LON-000738,SKU-0264,23,LOC-28,LOC-07,USPS,GROUND,16
2025-08-23,2025-09-01,2025-09-01,SHP-LON-000739,SKU-0027,17,LOC-24,LOC-34,UPS,GROUND,9
2025-09-08,2025-09-17,2025-09-17,SHP-LON-000740,SKU-0125,24,LOC-35,LOC-31,FedEx,AIR,9
2025-03-24,2025-04-11,2025-04-12,SHP-LON-000741,SKU-0048,18,LOC-06,LOC-22,FedEx,AIR,19
2025-07-27,2025-08-10,2025-08-10,SHP-LON-000742,SKU-0212,31,LOC-31,LOC-36,DHL,OCEAN,14
2025-09-10,2025-09-19,2025-09-19,SHP-LON-000743,SKU-0281,40,LOC-01,LOC-33,FedEx,OCEAN,9
2025-09-15,2025-09-26,2025-09-26,SHP-LON-000744,SKU-0269,3,LOC-03,LOC-27,Maersk,AIR,11
2025-08-03,2025-08-11,2025-08-12,SHP-LON-000745,SKU-0028,9,LOC-22,LOC-31,BlueDart,OCEAN,9
2025-11-16,2025-11-28,2025-11-28,SHP-LON-000746,SKU-0220,60,LOC-01,LOC-11,USPS,GROUND,12
2025-10-19,2025-11-06,2025-11-07,SHP-LON-000747,SKU-0135,7,LOC-05,LOC-25,DHL,OCEAN,19
2025-06-13,2025-07-01,2025-07-01,SHP-LON-000748,SKU-0018,29,LOC-01,LOC-27,UPS,GROUND,18
2025-11-09,2025-11-19,2025-11-21,SHP-LON-000749,SKU-0222,30,LOC-12,LOC-34,Maersk,OCEAN,12
2025-05-18,2025-06-01,2025-06-01,SHP-LON-000750,SKU-0168,15,LOC-22,LOC-02,DHL,GROUND,14
2025-06-22,2025-07-02,2025-07-03,SHP-LON-000751,SKU-0149,80,LOC-07,LOC-08,DHL,GROUND,11
2025-09-22,2025-10-07,2025-10-07,SHP-LON-000752,SKU-0053,26,LOC-31,LOC-03,Maersk,GROUND,15
2025-07-29,2025-08-09,2025-08-10,SHP-LON-000753,SKU-0073,15,LOC-38,LOC-37,UPS,GROUND,12
2025-06-08,2025-06-21,2025-06-21,SHP-LON-000754,SKU-0128,14,LOC-26,LOC-29,USPS,OCEAN,13
2025-03-26,2025-04-05,2025-04-05,SHP-LON-000755,SKU-0070,31,LOC-09,LOC-10,XPO,GROUND,10
2025-10-28,2025-11-07,2025-11-08,SHP-LON-000756,SKU-0067,32,LOC-21,LOC-15,DHL,OCEAN,11
2025-03-16,2025-03-24,2025-03-30,SHP-LON-000757,SKU-0072,36,LOC-24,LOC-26,UPS,GROUND,14
2025-03-24,2025-04-05,2025-04-05,SHP-LON-000758,SKU-0039,42,LOC-40,LOC-03,FedEx,GROUND,12
2025-07-09,2025-07-17,2025-07-18,SHP-LON-000759,SKU-0115,27,LOC-20,LOC-14,FedEx,GROUND,9
2025-05-19,2025-06-02,2025-06-03,SHP-LON-000760,SKU-0093,31,LOC-12,LOC-25,BlueDart,GROUND,15
2025-07-02,2025-07-12,2025-07-11,SHP-LON-000761,SKU-0131,14,LOC-11,LOC-17,Maersk,AIR,9
2025-10-03,2025-10-14,2025-10-14,SHP-LON-000762,SKU-0111,6,LOC-22,LOC-09,XPO,GROUND,11
2025-11-08,2025-11-18,2025-11-18,SHP-LON-000763,SKU-0227,17,LOC-20,LOC-21,BlueDart,GROUND,10
2025-10-28,2025-11-10,2025-11-11,SHP-LON-000764,SKU-0221,14,LOC-38,LOC-33,BlueDart,GROUND,14
2025-04-18,2025-05-02,2025-05-05,SHP-LON-000765,SKU-0183,13,LOC-04,LOC-39,USPS,AIR,17
2025-06-23,2025-07-06,2025-07-06,SHP-LON-000766,SKU-0142,7,LOC-31,LOC-16,Maersk,GROUND,13
2025-05-19,2025-06-02,2025-06-02,SHP-LON-000767,SKU-0208,29,LOC-15,LOC-24,FedEx,AIR,14
2025-09-03,2025-09-13,2025-09-13,SHP-LON-000768,SKU-0190,27,LOC-25,LOC-27,Maersk,OCEAN,10
2025-05-22,2025-06-08,2025-06-08,SHP-LON-000769,SKU-0200,66,LOC-18,LOC-33,DHL,AIR,17
2025-09-11,2025-09-26,2025-09-27,SHP-LON-000770,SKU-0214,21,LOC-33,LOC-04,BlueDart,AIR,16
2025-08-10,2025-08-26,2025-08-28,SHP-LON-000771,SKU-0113,27,LOC-31,LOC-24,USPS,AIR,18
2025-04-26,2025-05-04,2025-05-04,SHP-LON-000772,SKU-0148,40,LOC-24,LOC-11,DTDC,AIR,8
2025-11-11,2025-11-24,2025-11-24,SHP-LON-000773,SKU-0163,20,LOC-26,LOC-29,USPS,AIR,13
2025-05-25,2025-06-05,2025-06-08,SHP-LON-000774,SKU-0066,37,LOC-38,LOC-27,Maersk,OCEAN,14
2025-10-25,2025-11-07,2025-11-09,SHP-LON-000775,SKU-0199,24,LOC-19,LOC-13,DTDC,OCEAN,15
2025-09-28,2025-10-14,2025-10-16,SHP-LON-000776,SKU-0244,14,LOC-07,LOC-23,FedEx,GROUND,18
2025-08-31,2025-09-16,2025-09-16,SHP-LON-000777,SKU-0281,13,LOC-27,LOC-13,USPS,AIR,16
2025-10-28,2025-11-05,2025-11-06,SHP-LON-000778,SKU-0281,13,LOC-19,LOC-28,Maersk,OCEAN,9
2025-09-02,2025-09-10,2025-09-10,SHP-LON-000779,SKU-0014,27,LOC-16,LOC-38,BlueDart,GROUND,8
2025-05-12,2025-05-30,2025-05-30,SHP-LON-000780,SKU-0152,44,LOC-35,LOC-10,DTDC,OCEAN,18
2025-05-21,2025-06-08,2025-06-08,SHP-LON-000781,SKU-0280,33,LOC-40,LOC-39,FedEx,AIR,18
2025-04-21,2025-04-30,2025-05-03,SHP-LON-000782,SKU-0043,30,LOC-15,LOC-34,FedEx,AIR,12
2025-07-11,2025-07-26,2025-07-27,SHP-LON-000783,SKU-0237,27,LOC-33,LOC-13,FedEx,GROUND,16
2025-04-09,2025-04-18,2025-04-23,SHP-LON-000784,SKU-0243,10,LOC-32,LOC-14,DHL,AIR,14
2025-07-28,2025-08-08,2025-08-13,SHP-LON-000785,SKU-0049,34,LOC-11,LOC-01,XPO,OCEAN,16
2025-03-07,2025-03-24,2025-03-24,SHP-LON-000786,SKU-0010,19,LOC-31,LOC-37,DHL,AIR,17
2025-04-04,2025-04-19,2025-04-19,SHP-LON-000787,SKU-0061,46,LOC-37,LOC-14,DHL,GROUND,15
2025-07-15,2025-07-29,2025-07-29,SHP-LON-000788,SKU-0153,11,LOC-26,LOC-13,DTDC,AIR,14
2025-03-26,2025-04-07,2025-04-07,SHP-LON-000789,SKU-0297,22,LOC-18,LOC-10,DHL,AIR,12
2025-06-13,2025-07-01,2025-07-01,SHP-LON-000790,SKU-0208,14,LOC-19,LOC-24,USPS,GROUND,18
2025-10-31,2025-11-08,2025-11-08,SHP-LON-000791,SKU-0300,39,LOC-30,LOC-09,XPO,GROUND,8
2025-07-25,2025-08-08,2025-08-10,SHP-LON-000792,SKU-0259,37,LOC-37,LOC-17,FedEx,OCEAN,16
2025-10-30,2025-11-16,2025-11-19,SHP-LON-000793,SKU-0150,23,LOC-27,LOC-25,DTDC,GROUND,20
2025-07-14,2025-07-30,2025-07-30,SHP-LON-000794,SKU-0211,40,LOC-29,LOC-02,USPS,GROUND,16
2025-04-28,2025-05-06,2025-05-09,SHP-LON-000795,SKU-0017,13,LOC-39,LOC-08,FedEx,AIR,11
2025-11-26,2025-12-11,2025-12-13,SHP-LON-000796,SKU-0015,40,LOC-23,LOC-38,FedEx,AIR,17
2025-04-24,2025-05-04,2025-05-04,SHP-LON-000797,SKU-0140,39,LOC-16,LOC-38,UPS,GROUND,10
2025-04-07,2025-04-24,2025-04-25,SHP-LON-000798,SKU-0140,48,LOC-15,LOC-19,USPS,AIR,18
2025-04-11,2025-04-21,2025-04-22,SHP-LON-000799,SKU-0106,16,LOC-27,LOC-32,XPO,OCEAN,11
2025-04-08,2025-04-22,2025-04-22,SHP-LON-000800,SKU-0289,31,LOC-19,LOC-03,XPO,GROUND,14
2025-06-09,2025-06-18,2025-06-18,SHP-LON-000801,SKU-0253,8,LOC-05,LOC-29,USPS,GROUND,9
2025-08-04,2025-08-13,2025-08-15,SHP-LON-000802,SKU-0047,15,LOC-17,LOC-36,FedEx,AIR,11
2025-10-02,2025-10-17,2025-10-18,SHP-LON-000803,SKU-0043,26,LOC-19,LOC-39,UPS,GROUND,16
2025-04-09,2025-04-18,2025-04-19,SHP-LON-000804,SKU-0078,16,LOC-11,LOC-03,BlueDart,AIR,10
2025-04-06,2025-04-20,2025-04-20,SHP-LON-000805,SKU-0017,19,LOC-26,LOC-36,FedEx,OCEAN,14
2025-04-20,2025-04-29,2025-04-29,SHP-LON-000806,SKU-0074,15,LOC-16,LOC-20,FedEx,GROUND,9
2025-11-21,2025-12-04,2025-12-07,SHP-LON-000807,SKU-0284,19,LOC-22,LOC-20,XPO,GROUND,16
2025-08-18,2025-09-03,2025-09-03,SHP-LON-000808,SKU-0102,16,LOC-14,LOC-22,FedEx,AIR,16
2025-07-12,2025-07-23,2025-07-24,SHP-LON-000809,SKU-0050,68,LOC-31,LOC-38,DTDC,OCEAN,12
2025-07-08,2025-07-17,2025-07-18,SHP-LON-000810,SKU-0031,36,LOC-35,LOC-25,FedEx,AIR,10
2025-08-15,2025-08-31,2025-08-31,SHP-LON-000811,SKU-0254,23,LOC-07,LOC-06,FedEx,GROUND,16
2025-08-25,2025-09-08,2025-09-08,SHP-LON-000812,SKU-0159,55,LOC-07,LOC-39,UPS,GROUND,14
2025-09-14,2025-09-27,2025-09-30,SHP-LON-000813,SKU-0083,43,LOC-30,LOC-01,FedEx,AIR,16
2025-08-31,2025-09-18,2025-09-19,SHP-LON-000814,SKU-0236,13,LOC-09,LOC-36,XPO,AIR,19
2025-11-03,2025-11-17,2025-11-19,SHP-LON-000815,SKU-0110,38,LOC-32,LOC-05,BlueDart,AIR,16
2025-03-18,2025-04-01,2025-04-01,SHP-LON-000816,SKU-0195,16,LOC-24,LOC-33,XPO,AIR,14
2025-05-11,2025-05-27,2025-05-29,SHP-LON-000817,SKU-0284,22,LOC-05,LOC-17,FedEx,GROUND,18
2025-03-21,2025-03-30,2025-03-30,SHP-LON-000818,SKU-0057,20,LOC-32,LOC-20,BlueDart,GROUND,9
2025-10-21,2025-11-03,2025-11-03,SHP-LON-000819,SKU-0128,21,LOC-19,LOC-11,DHL,GROUND,13
2025-10-29,2025-11-11,2025-11-11,SHP-LON-000820,SKU-0122,32,LOC-04,LOC-06,FedEx,AIR,13
2025-04-06,2025-04-16,2025-04-17,SHP-LON-000821,SKU-0222,51,LOC-04,LOC-28,DHL,AIR,11
2025-05-31,2025-06-09,2025-06-14,SHP-LON-000822,SKU-0177,12,LOC-36,LOC-17,Maersk,GROUND,14
2025-03-25,2025-04-02,2025-04-02,SHP-LON-000823,SKU-0160,37,LOC-12,LOC-33,FedEx,GROUND,8
2025-06-03,2025-06-12,2025-06-13,SHP-LON-000824,SKU-0250,36,LOC-24,LOC-19,FedEx,OCEAN,10
2025-06-17,2025-06-29,2025-06-29,SHP-LON-000825,SKU-0142,11,LOC-35,LOC-40,Maersk,AIR,12
2025-07-25,2025-08-12,2025-08-12,SHP-LON-000826,SKU-0292,18,LOC-19,LOC-34,USPS,GROUND,18
2025-05-28,2025-06-05,2025-06-06,SHP-LON-000827,SKU-0175,22,LOC-07,LOC-39,BlueDart,AIR,9
2025-06-09,2025-06-22,2025-06-26,SHP-LON-000828,SKU-0188,38,LOC-26,LOC-14,Maersk,OCEAN,17
2025-06-05,2025-06-23,2025-06-24,SHP-LON-000829,SKU-0230,24,LOC-10,LOC-13,FedEx,AIR,19
2025-07-07,2025-07-18,2025-07-21,SHP-LON-000830,SKU-0186,28,LOC-26,LOC-09,BlueDart,AIR,14
2025-03-18,2025-04-01,2025-04-02,SHP-LON-000831,SKU-0244,14,LOC-25,LOC-01,UPS,OCEAN,15
2025-08-17,2025-08-26,2025-08-29,SHP-LON-000832,SKU-0057,39,LOC-19,LOC-18,USPS,GROUND,12
2025-04-18,2025-04-30,2025-04-30,SHP-LON-000833,SKU-0216,17,LOC-25,LOC-34,DHL,AIR,12
2025-06-19,2025-06-28,2025-07-01,SHP-LON-000834,SKU-0053,24,LOC-33,LOC-29,UPS,GROUND,12
2025-09-17,2025-10-01,2025-09-30,SHP-LON-000835,SKU-0278,20,LOC-27,LOC-28,UPS,OCEAN,13
2025-04-11,2025-04-19,2025-04-19,SHP-LON-000836,SKU-0070,20,LOC-07,LOC-33,DHL,GROUND,8
2025-08-04,2025-08-13,2025-08-13,SHP-LON-000837,SKU-0257,8,LOC-11,LOC-14,FedEx,GROUND,9
2025-07-06,2025-07-18,2025-07-18,SHP-LON-000838,SKU-0118,21,LOC-11,LOC-09,DHL,OCEAN,12
2025-09-27,2025-10-12,2025-10-16,SHP-LON-000839,SKU-0080,11,LOC-12,LOC-37,XPO,GROUND,19
2025-10-04,2025-10-14,2025-10-14,SHP-LON-000840,SKU-0080,29,LOC-31,LOC-21,USPS,AIR,10
2025-05-24,2025-06-11,2025-06-11,SHP-LON-000841,SKU-0153,24,LOC-38,LOC-40,UPS,GROUND,18
2025-06-08,2025-06-23,2025-06-24,SHP-LON-000842,SKU-0138,22,LOC-03,LOC-37,DTDC,OCEAN,16
2025-04-16,2025-04-28,2025-04-29,SHP-LON-000843,SKU-0053,34,LOC-15,LOC-25,FedEx,GROUND,13
2025-08-25,2025-09-06,2025-09-07,SHP-LON-000844,SKU-0100,13,LOC-02,LOC-22,Maersk,AIR,13
2025-05-07,2025-05-25,2025-05-25,SHP-LON-000845,SKU-0068,17,LOC-11,LOC-35,UPS,AIR,18
2025-11-02,2025-11-13,2025-11-17,SHP-LON-000846,SKU-0285,29,LOC-24,LOC-33,UPS,OCEAN,15
2025-05-16,2025-05-29,2025-05-30,SHP-LON-000847,SKU-0015,25,LOC-34,LOC-16,DHL,OCEAN,14
2025-10-22,2025-11-05,2025-11-11,SHP-LON-000848,SKU-0154,15,LOC-05,LOC-02,FedEx,OCEAN,20
2025-05-03,2025-05-20,2025-05-22,SHP-LON-000849,SKU-0155,21,LOC-22,LOC-16,FedEx,OCEAN,19
2025-11-28,2025-12-08,2025-12-10,SHP-LON-000850,SKU-0049,22,LOC-09,LOC-34,XPO,AIR,12
2025-07-09,2025-07-26,2025-07-26,SHP-LON-000851,SKU-0148,26,LOC-27,LOC-31,DHL,OCEAN,17
2025-06-15,2025-06-24,2025-06-24,SHP-LON-000852,SKU-0285,32,LOC-06,LOC-34,USPS,GROUND,9
2025-09-16,2025-09-24,2025-09-24,SHP-LON-000853,SKU-0287,28,LOC-23,LOC-33,UPS,OCEAN,8
2025-06-21,2025-07-02,2025-07-02,SHP-LON-000854,SKU-0300,9,LOC-30,LOC-37,FedEx,OCEAN,11
2025-05-24,2025-06-04,2025-06-05,SHP-LON-000855,SKU-0129,54,LOC-15,LOC-30,USPS,OCEAN,12
2025-05-19,2025-06-01,2025-06-01,SHP-LON-000856,SKU-0164,19,LOC-37,LOC-01,Maersk,OCEAN,13
2025-10-22,2025-11-02,2025-11-04,SHP-LON-000857,SKU-0191,16,LOC-23,LOC-33,XPO,OCEAN,13
2025-06-04,2025-06-14,2025-06-14,SHP-LON-000858,SKU-0096,54,LOC-35,LOC-18,UPS,AIR,10
2025-06-03,2025-06-15,2025-06-15,SHP-LON-000859,SKU-0026,15,LOC-28,LOC-38,XPO,AIR,12
2025-10-19,2025-10-29,2025-10-29,SHP-LON-000860,SKU-0279,22,LOC-34,LOC-40,BlueDart,GROUND,10
2025-11-30,2025-12-09,2025-12-09,SHP-LON-000861,SKU-0170,30,LOC-04,LOC-26,BlueDart,AIR,9
2025-05-12,2025-05-29,2025-06-01,SHP-LON-000862,SKU-0191,7,LOC-29,LOC-18,DTDC,GROUND,20
2025-07-11,2025-07-26,2025-07-27,SHP-LON-000863,SKU-0228,9,LOC-21,LOC-10,BlueDart,GROUND,16
2025-03-24,2025-04-11,2025-04-11,SHP-LON-000864,SKU-0036,39,LOC-27,LOC-37,XPO,OCEAN,18
2025-05-02,2025-05-18,2025-05-18,SHP-LON-000865,SKU-0184,33,LOC-04,LOC-10,USPS,OCEAN,16
2025-05-03,2025-05-11,2025-05-13,SHP-LON-000866,SKU-0246,34,LOC-18,LOC-13,BlueDart,OCEAN,10
2025-11-27,2025-12-08,2025-12-09,SHP-LON-000867,SKU-0152,22,LOC-40,LOC-26,XPO,AIR,12
2025-06-07,2025-06-24,2025-06-23,SHP-LON-000868,SKU-0166,13,LOC-32,LOC-12,UPS,OCEAN,16
2025-03-20,2025-04-07,2025-04-07,SHP-LON-000869,SKU-0073,16,LOC-12,LOC-17,XPO,GROUND,18
2025-03-16,2025-03-24,2025-03-26,SHP-LON-000870,SKU-0017,14,LOC-33,LOC-01,XPO,GROUND,10
2025-05-01,2025-05-12,2025-05-12,SHP-LON-000871,SKU-0057,18,LOC-09,LOC-21,Maersk,AIR,11
2025-10-16,2025-10-27,2025-10-28,SHP-LON-000872,SKU-0056,27,LOC-26,LOC-40,Maersk,OCEAN,12
2025-11-13,2025-12-01,2025-12-03,SHP-LON-000873,SKU-0300,6,LOC-30,LOC-19,UPS,AIR,20
2025-11-14,2025-11-29,2025-12-02,SHP-LON-000874,SKU-0194,21,LOC-32,LOC-38,UPS,GROUND,18
2025-05-28,2025-06-09,2025-06-12,SHP-LON-000875,SKU-0032,38,LOC-24,LOC-30,USPS,GROUND,15
2025-06-15,2025-06-23,2025-06-27,SHP-LON-000876,SKU-0150,40,LOC-10,LOC-23,Maersk,GROUND,12
2025-11-26,2025-12-09,2025-12-09,SHP-LON-000877,SKU-0276,12,LOC-06,LOC-22,DHL,OCEAN,13
2025-09-26,2025-10-05,2025-10-05,SHP-LON-000878,SKU-0011,18,LOC-03,LOC-19,DHL,OCEAN,9
2025-06-24,2025-07-05,2025-07-05,SHP-LON-000879,SKU-0047,55,LOC-12,LOC-40,DTDC,GROUND,11
2025-05-13,2025-05-27,2025-05-27,SHP-LON-000880,SKU-0072,63,LOC-19,LOC-11,DHL,GROUND,14
2025-03-11,2025-03-28,2025-03-30,SHP-LON-000881,SKU-0278,49,LOC-27,LOC-31,DHL,GROUND,19
2025-03-23,2025-04-10,2025-04-09,SHP-LON-000882,SKU-0091,9,LOC-16,LOC-39,BlueDart,AIR,17
2025-08-09,2025-08-26,2025-08-26,SHP-LON-000883,SKU-0203,14,LOC-31,LOC-01,USPS,GROUND,17
2025-04-08,2025-04-18,2025-04-18,SHP-LON-000884,SKU-0063,34,LOC-03,LOC-15,USPS,OCEAN,10
2025-09-25,2025-10-04,2025-10-07,SHP-LON-000885,SKU-0273,28,LOC-03,LOC-21,Maersk,GROUND,12
2025-07-08,2025-07-22,2025-07-28,SHP-LON-000886,SKU-0049,7,LOC-03,LOC-28,UPS,GROUND,20
2025-05-24,2025-06-11,2025-06-11,SHP-LON-000887,SKU-0192,33,LOC-16,LOC-14,USPS,AIR,18
2025-06-04,2025-06-18,2025-06-18,SHP-LON-000888,SKU-0032,11,LOC-06,LOC-40,UPS,GROUND,14
2025-07-05,2025-07-16,2025-07-16,SHP-LON-000889,SKU-0175,47,LOC-12,LOC-39,BlueDart,GROUND,11
2025-06-16,2025-06-24,2025-06-24,SHP-LON-000890,SKU-0193,29,LOC-12,LOC-23,XPO,OCEAN,8
2025-11-13,2025-11-26,2025-11-26,SHP-LON-000891,SKU-0182,18,LOC-33,LOC-24,XPO,GROUND,13
2025-07-14,2025-07-30,2025-07-30,SHP-LON-000892,SKU-0117,34,LOC-38,LOC-10,UPS,AIR,16
2025-08-05,2025-08-20,2025-08-20,SHP-LON-000893,SKU-0070,46,LOC-23,LOC-14,USPS,GROUND,15
2025-06-20,2025-07-06,2025-07-07,SHP-LON-000894,SKU-0274,34,LOC-30,LOC-31,FedEx,AIR,17
2025-10-30,2025-11-09,2025-11-10,SHP-LON-000895,SKU-0148,10,LOC-19,LOC-30,USPS,AIR,11
2025-04-27,2025-05-05,2025-05-06,SHP-LON-000896,SKU-0181,16,LOC-08,LOC-20,USPS,OCEAN,9
2025-03-11,2025-03-29,2025-03-29,SHP-LON-000897,SKU-0232,51,LOC-07,LOC-06,DTDC,AIR,18
2025-11-04,2025-11-18,2025-11-18,SHP-LON-000898,SKU-0030,38,LOC-28,LOC-22,Maersk,GROUND,14
2025-03-27,2025-04-12,2025-04-13,SHP-LON-000899,SKU-0065,30,LOC-27,LOC-05,UPS,OCEAN,17
2025-04-01,2025-04-13,2025-04-15,SHP-LON-000900,SKU-0245,40,LOC-06,LOC-22,UPS,AIR,14
2025-07-04,2025-07-12,2025-07-12,SHP-LON-000901,SKU-0080,28,LOC-40,LOC-04,DHL,GROUND,8
2025-11-24,2025-12-02,2025-12-04,SHP-LON-000902,SKU-0245,60,LOC-08,LOC-27,DTDC,GROUND,10
2025-07-29,2025-08-16,2025-08-16,SHP-LON-000903,SKU-0105,22,LOC-31,LOC-28,Maersk,GROUND,18
2025-11-11,2025-11-27,2025-11-28,SHP-LON-000904,SKU-0064,27,LOC-13,LOC-33,Maersk,OCEAN,17
2025-08-22,2025-09-04,2025-09-06,SHP-LON-000905,SKU-0265,31,LOC-09,LOC-26,XPO,OCEAN,15
2025-11-04,2025-11-14,2025-11-13,SHP-LON-000906,SKU-0255,22,LOC-27,LOC-15,FedEx,GROUND,9
2025-11-23,2025-12-01,2025-12-04,SHP-LON-000907,SKU-0160,17,LOC-10,LOC-40,USPS,GROUND,11
2025-09-21,2025-10-07,2025-10-10,SHP-LON-000908,SKU-0173,42,LOC-16,LOC-31,USPS,OCEAN,19
2025-05-15,2025-05-23,2025-05-24,SHP-LON-000909,SKU-0125,86,LOC-37,LOC-10,FedEx,GROUND,9
2025-09-29,2025-10-07,2025-10-09,SHP-LON-000910,SKU-0258,30,LOC-28,LOC-23,BlueDart,AIR,10
2025-05-29,2025-06-13,2025-06-13,SHP-LON-000911,SKU-0275,24,LOC-09,LOC-32,XPO,GROUND,15
2025-03-07,2025-03-24,2025-03-25,SHP-LON-000912,SKU-0255,20,LOC-36,LOC-13,BlueDart,AIR,18
2025-09-22,2025-10-04,2025-10-04,SHP-LON-000913,SKU-0269,14,LOC-22,LOC-14,DHL,GROUND,12
2025-08-14,2025-08-28,2025-08-31,SHP-LON-000914,SKU-0199,8,LOC-18,LOC-02,Maersk,GROUND,17
2025-07-15,2025-07-24,2025-07-24,SHP-LON-000915,SKU-0095,32,LOC-26,LOC-19,BlueDart,AIR,9
2025-05-11,2025-05-29,2025-05-29,SHP-LON-000916,SKU-0033,31,LOC-15,LOC-25,DHL,AIR,18
2025-11-16,2025-11-26,2025-11-28,SHP-LON-000917,SKU-0177,67,LOC-18,LOC-22,USPS,GROUND,12
2025-11-05,2025-11-13,2025-11-13,SHP-LON-000918,SKU-0161,26,LOC-24,LOC-27,BlueDart,OCEAN,8
2025-09-28,2025-10-12,2025-10-11,SHP-LON-000919,SKU-0271,51,LOC-27,LOC-17,DTDC,OCEAN,13
2025-05-08,2025-05-21,2025-05-23,SHP-LON-000920,SKU-0085,4,LOC-28,LOC-11,XPO,OCEAN,15
2025-05-17,2025-06-01,2025-06-04,SHP-LON-000921,SKU-0012,12,LOC-24,LOC-08,XPO,AIR,18
2025-09-25,2025-10-11,2025-10-11,SHP-LON-000922,SKU-0212,52,LOC-21,LOC-01,DHL,OCEAN,16
2025-05-02,2025-05-14,2025-05-14,SHP-LON-000923,SKU-0171,14,LOC-25,LOC-36,FedEx,GROUND,12
2025-04-23,2025-05-03,2025-05-03,SHP-LON-000924,SKU-0065,17,LOC-04,LOC-28,DTDC,AIR,10
2025-03-15,2025-03-24,2025-03-24,SHP-LON-000925,SKU-0119,14,LOC-12,LOC-40,Maersk,OCEAN,9
2025-10-15,2025-11-02,2025-11-04,SHP-LON-000926,SKU-0111,31,LOC-29,LOC-39,XPO,OCEAN,20
2025-05-11,2025-05-23,2025-05-23,SHP-LON-000927,SKU-0068,30,LOC-09,LOC-05,FedEx,AIR,12
2025-10-24,2025-11-01,2025-11-01,SHP-LON-000928,SKU-0096,28,LOC-24,LOC-01,DHL,GROUND,8
2025-05-12,2025-05-29,2025-05-31,SHP-LON-000929,SKU-0282,22,LOC-32,LOC-30,UPS,AIR,19
2025-09-12,2025-09-30,2025-09-30,SHP-LON-000930,SKU-0238,38,LOC-32,LOC-38,DHL,AIR,18
2025-11-13,2025-11-27,2025-11-28,SHP-LON-000931,SKU-0027,11,LOC-34,LOC-19,DTDC,GROUND,15
2025-08-20,2025-08-31,2025-09-02,SHP-LON-000932,SKU-0069,23,LOC-40,LOC-34,FedEx,AIR,13
2025-10-11,2025-10-29,2025-10-29,SHP-LON-000933,SKU-0099,36,LOC-10,LOC-17,DTDC,OCEAN,18
2025-07-17,2025-07-31,2025-07-31,SHP-LON-000934,SKU-0291,21,LOC-10,LOC-04,XPO,AIR,14
2025-05-31,2025-06-08,2025-06-10,SHP-LON-000935,SKU-0205,13,LOC-26,LOC-33,DTDC,GROUND,10
2025-10-09,2025-10-19,2025-10-19,SHP-LON-000936,SKU-0072,47,LOC-27,LOC-15,BlueDart,GROUND,10
2025-10-15,2025-10-26,2025-10-29,SHP-LON-000937,SKU-0078,35,LOC-05,LOC-10,UPS,GROUND,14
2025-11-03,2025-11-20,2025-11-20,SHP-LON-000938,SKU-0258,28,LOC-34,LOC-19,XPO,GROUND,17
2025-04-17,2025-04-28,2025-04-28,SHP-LON-000939,SKU-0105,24,LOC-17,LOC-36,USPS,GROUND,11
2025-10-20,2025-11-05,2025-11-05,SHP-LON-000940,SKU-0196,18,LOC-29,LOC-38,UPS,OCEAN,16
2025-07-14,2025-07-23,2025-07-27,SHP-LON-000941,SKU-0208,19,LOC-35,LOC-40,DTDC,OCEAN,13
2025-09-18,2025-10-03,2025-10-03,SHP-LON-000942,SKU-0196,18,LOC-06,LOC-15,UPS,AIR,15
2025-05-26,2025-06-11,2025-06-11,SHP-LON-000943,SKU-0147,24,LOC-17,LOC-40,BlueDart,OCEAN,16
2025-06-11,2025-06-26,2025-06-29,SHP-LON-000944,SKU-0215,11,LOC-36,LOC-24,XPO,OCEAN,18
2025-11-19,2025-12-03,2025-12-03,SHP-LON-000945,SKU-0097,24,LOC-04,LOC-09,DHL,AIR,14
2025-05-03,2025-05-20,2025-05-20,SHP-LON-000946,SKU-0111,6,LOC-06,LOC-38,Maersk,GROUND,17
2025-09-12,2025-09-26,2025-09-26,SHP-LON-000947,SKU-0056,17,LOC-01,LOC-06,Maersk,AIR,14
2025-09-03,2025-09-11,2025-09-12,SHP-LON-000948,SKU-0272,62,LOC-31,LOC-23,UPS,OCEAN,9
2025-09-02,2025-09-20,2025-09-20,SHP-LON-000949,SKU-0261,37,LOC-14,LOC-35,UPS,AIR,18
2025-11-20,2025-12-07,2025-12-09,SHP-LON-000950,SKU-0145,33,LOC-05,LOC-04,UPS,AIR,19
2025-08-24,2025-09-04,2025-09-07,SHP-LON-000951,SKU-0198,53,LOC-23,LOC-27,Maersk,GROUND,14
2025-04-23,2025-05-05,2025-05-05,SHP-LON-000952,SKU-0268,15,LOC-22,LOC-13,FedEx,AIR,12
2025-08-10,2025-08-19,2025-08-19,SHP-LON-000953,SKU-0159,33,LOC-14,LOC-32,DTDC,AIR,9
2025-07-11,2025-07-21,2025-07-20,SHP-LON-000954,SKU-0022,13,LOC-04,LOC-14,UPS,GROUND,9
2025-05-16,2025-05-26,2025-05-25,SHP-LON-000955,SKU-0196,20,LOC-34,LOC-21,XPO,AIR,9
2025-07-19,2025-08-05,2025-08-07,SHP-LON-000956,SKU-0135,11,LOC-29,LOC-37,UPS,GROUND,19
2025-08-06,2025-08-24,2025-08-24,SHP-LON-000957,SKU-0080,35,LOC-39,LOC-03,DTDC,OCEAN,18
2025-11-29,2025-12-09,2025-12-11,SHP-LON-000958,SKU-0287,58,LOC-39,LOC-34,USPS,AIR,12
2025-04-13,2025-04-30,2025-04-30,SHP-LON-000959,SKU-0055,9,LOC-28,LOC-06,Maersk,OCEAN,17
2025-04-25,2025-05-04,2025-05-04,SHP-LON-000960,SKU-0217,65,LOC-28,LOC-35,FedEx,GROUND,9
2025-04-30,2025-05-12,2025-05-12,SHP-LON-000961,SKU-0225,21,LOC-31,LOC-25,Maersk,OCEAN,12
2025-11-20,2025-11-28,2025-11-28,SHP-LON-000962,SKU-0102,44,LOC-34,LOC-13,DHL,AIR,8
2025-03-31,2025-04-17,2025-04-20,SHP-LON-000963,SKU-0015,29,LOC-03,LOC-22,Maersk,OCEAN,20
2025-05-22,2025-06-09,2025-06-10,SHP-LON-000964,SKU-0183,12,LOC-13,LOC-18,FedEx,OCEAN,19
2025-03-20,2025-04-01,2025-04-05,SHP-LON-000965,SKU-0077,19,LOC-21,LOC-30,Maersk,GROUND,16
2025-10-10,2025-10-26,2025-10-26,SHP-LON-000966,SKU-0297,19,LOC-16,LOC-17,DHL,AIR,16
2025-10-24,2025-11-05,2025-11-08,SHP-LON-000967,SKU-0049,43,LOC-26,LOC-10,DTDC,OCEAN,15
2025-04-30,2025-05-12,2025-05-12,SHP-LON-000968,SKU-0035,19,LOC-36,LOC-03,Maersk,OCEAN,12
2025-09-08,2025-09-18,2025-09-17,SHP-LON-000969,SKU-0281,37,LOC-28,LOC-29,DTDC,OCEAN,9
2025-11-22,2025-12-05,2025-12-05,SHP-LON-000970,SKU-0004,28,LOC-01,LOC-14,DHL,OCEAN,13
2025-03-17,2025-03-29,2025-03-30,SHP-LON-000971,SKU-0092,32,LOC-11,LOC-31,DTDC,AIR,13
2025-05-14,2025-05-29,2025-05-29,SHP-LON-000972,SKU-0131,33,LOC-36,LOC-15,Maersk,GROUND,15
2025-11-19,2025-12-07,2025-12-07,SHP-LON-000973,SKU-0164,46,LOC-04,LOC-12,DHL,OCEAN,18
2025-10-21,2025-11-06,2025-11-07,SHP-LON-000974,SKU-0055,43,LOC-20,LOC-29,USPS,GROUND,17
2025-04-01,2025-04-13,2025-04-13,SHP-LON-000975,SKU-0004,10,LOC-30,LOC-13,DTDC,GROUND,12
2025-04-07,2025-04-25,2025-04-25,SHP-LON-000976,SKU-0115,13,LOC-01,LOC-31,DHL,AIR,18
2025-11-18,2025-12-03,2025-12-03,SHP-LON-000977,SKU-0060,72,LOC-31,LOC-30,FedEx,OCEAN,15
2025-04-23,2025-05-11,2025-05-12,SHP-LON-000978,SKU-0247,27,LOC-21,LOC-09,BlueDart,GROUND,19
2025-05-22,2025-06-01,2025-06-05,SHP-LON-000979,SKU-0005,9,LOC-39,LOC-04,DTDC,GROUND,14
2025-08-04,2025-08-14,2025-08-18,SHP-LON-000980,SKU-0143,21,LOC-04,LOC-11,DHL,GROUND,14
2025-09-25,2025-10-09,2025-10-13,SHP-LON-000981,SKU-0111,41,LOC-19,LOC-33,UPS,AIR,18
2025-11-22,2025-12-07,2025-12-07,SHP-LON-000982,SKU-0241,22,LOC-31,LOC-29,FedEx,OCEAN,15
2025-11-14,2025-11-23,2025-11-23,SHP-LON-000983,SKU-0297,45,LOC-28,LOC-08,DTDC,GROUND,9
2025-04-12,2025-04-25,2025-04-25,SHP-LON-000984,SKU-0180,47,LOC-40,LOC-28,BlueDart,AIR,13
2025-11-06,2025-11-19,2025-11-19,SHP-LON-000985,SKU-0021,17,LOC-27,LOC-19,BlueDart,OCEAN,13
2025-08-19,2025-08-27,2025-08-27,SHP-LON-000986,SKU-0137,34,LOC-13,LOC-20,UPS,GROUND,8
2025-06-15,2025-06-24,2025-06-23,SHP-LON-000987,SKU-0083,41,LOC-24,LOC-10,XPO,GROUND,8
2025-04-14,2025-05-02,2025-05-03,SHP-LON-000988,SKU-0101,16,LOC-25,LOC-24,DTDC,OCEAN,19
2025-11-07,2025-11-18,2025-11-20,SHP-LON-000989,SKU-0046,31,LOC-12,LOC-09,FedEx,AIR,13
2025-10-07,2025-10-21,2025-10-26,SHP-LON-000990,SKU-0235,38,LOC-40,LOC-01,UPS,AIR,19
2025-09-20,2025-10-03,2025-10-04,SHP-LON-000991,SKU-0216,7,LOC-31,LOC-16,UPS,GROUND,14
2025-03-28,2025-04-11,2025-04-11,SHP-LON-000992,SKU-0043,7,LOC-38,LOC-08,Maersk,GROUND,14
2025-05-20,2025-05-29,2025-05-29,SHP-LON-000993,SKU-0036,32,LOC-07,LOC-03,BlueDart,OCEAN,9
2025-07-07,2025-07-18,2025-07-17,SHP-LON-000994,SKU-0005,25,LOC-10,LOC-28,UPS,OCEAN,10
2025-03-26,2025-04-08,2025-04-08,SHP-LON-000995,SKU-0287,17,LOC-26,LOC-23,USPS,OCEAN,13
2025-04-15,2025-05-03,2025-05-06,SHP-LON-000996,SKU-0234,34,LOC-30,LOC-22,USPS,GROUND,21
2025-06-20,2025-06-28,2025-07-01,SHP-LON-000997,SKU-0106,29,LOC-33,LOC-34,Maersk,AIR,11
2025-08-28,2025-09-07,2025-09-07,SHP-LON-000998,SKU-0056,9,LOC-39,LOC-12,XPO,OCEAN,10
2025-08-08,2025-08-16,2025-08-16,SHP-LON-000999,SKU-0130,10,LOC-37,LOC-06,BlueDart,GROUND,8
2025-04-21,2025-05-03,2025-05-03,SHP-LON-001000,SKU-0199,8,LOC-33,LOC-27,XPO,OCEAN,12
2025-05-16,2025-05-25,2025-05-25,SHP-LON-001001,SKU-0107,27,LOC-10,LOC-02,FedEx,AIR,9
2025-06-10,2025-06-19,2025-06-18,SHP-LON-001002,SKU-0187,24,LOC-27,LOC-29,DHL,OCEAN,8
2025-06-09,2025-06-21,2025-06-22,SHP-LON-001003,SKU-0171,26,LOC-26,LOC-36,XPO,OCEAN,13
2025-08-15,2025-08-27,2025-08-27,SHP-LON-001004,SKU-0149,48,LOC-32,LOC-09,UPS,GROUND,12
2025-09-24,2025-10-11,2025-10-11,SHP-LON-001005,SKU-0280,11,LOC-10,LOC-02,BlueDart,OCEAN,17
2025-08-11,2025-08-24,2025-08-24,SHP-LON-001006,SKU-0009,21,LOC-20,LOC-26,Maersk,GROUND,13
2025-11-23,2025-12-08,2025-12-08,SHP-LON-001007,SKU-0144,46,LOC-36,LOC-22,USPS,GROUND,15
2025-08-05,2025-08-20,2025-08-20,SHP-LON-001008,SKU-0104,19,LOC-08,LOC-27,UPS,OCEAN,15
2025-03-07,2025-03-21,2025-03-21,SHP-LON-001009,SKU-0164,32,LOC-13,LOC-17,BlueDart,OCEAN,14
2025-04-23,2025-05-09,2025-05-09,SHP-LON-001010,SKU-0103,26,LOC-25,LOC-40,UPS,GROUND,16
2025-03-20,2025-03-30,2025-03-30,SHP-LON-001011,SKU-0027,8,LOC-04,LOC-03,USPS,GROUND,10
2025-03-13,2025-03-31,2025-03-31,SHP-LON-001012,SKU-0002,66,LOC-34,LOC-08,XPO,OCEAN,18
2025-11-28,2025-12-06,2025-12-06,SHP-LON-001013,SKU-0119,14,LOC-12,LOC-35,Maersk,OCEAN,8
2025-05-27,2025-06-10,2025-06-10,SHP-LON-001014,SKU-0279,22,LOC-05,LOC-23,DHL,OCEAN,14
2025-04-25,2025-05-13,2025-05-13,SHP-LON-001015,SKU-0026,23,LOC-40,LOC-15,XPO,OCEAN,18
2025-06-30,2025-07-11,2025-07-15,SHP-LON-001016,SKU-0218,24,LOC-29,LOC-27,FedEx,GROUND,15
2025-10-20,2025-10-31,2025-11-01,SHP-LON-001017,SKU-0274,47,LOC-26,LOC-11,UPS,OCEAN,12
2025-08-04,2025-08-19,2025-08-19,SHP-LON-001018,SKU-0071,9,LOC-06,LOC-10,BlueDart,OCEAN,15
2025-10-02,2025-10-16,2025-10-17,SHP-LON-001019,SKU-0235,20,LOC-37,LOC-20,XPO,AIR,15
2025-11-08,2025-11-20,2025-11-20,SHP-LON-001020,SKU-0038,32,LOC-23,LOC-15,FedEx,GROUND,12
2025-05-07,2025-05-22,2025-05-23,SHP-LON-001021,SKU-0126,3,LOC-36,LOC-14,UPS,OCEAN,16
2025-07-22,2025-07-31,2025-07-31,SHP-LON-001022,SKU-0230,40,LOC-13,LOC-40,XPO,GROUND,9
2025-06-07,2025-06-18,2025-06-21,SHP-LON-001023,SKU-0158,30,LOC-38,LOC-08,DHL,OCEAN,14
2025-11-16,2025-12-04,2025-12-04,SHP-LON-001024,SKU-0209,23,LOC-15,LOC-32,Maersk,OCEAN,18
2025-05-03,2025-05-21,2025-05-21,SHP-LON-001025,SKU-0249,53,LOC-07,LOC-27,BlueDart,AIR,18
2025-06-05,2025-06-16,2025-06-16,SHP-LON-001026,SKU-0254,28,LOC-07,LOC-34,DTDC,AIR,11
2025-10-29,2025-11-08,2025-11-08,SHP-LON-001027,SKU-0278,30,LOC-09,LOC-35,USPS,AIR,10
2025-11-13,2025-11-27,2025-11-26,SHP-LON-001028,SKU-0270,54,LOC-28,LOC-36,Maersk,GROUND,13
2025-06-04,2025-06-14,2025-06-15,SHP-LON-001029,SKU-0236,13,LOC-26,LOC-11,BlueDart,GROUND,11
2025-06-24,2025-07-09,2025-07-09,SHP-LON-001030,SKU-0222,26,LOC-12,LOC-29,BlueDart,AIR,15
2025-04-02,2025-04-16,2025-04-16,SHP-LON-001031,SKU-0292,13,LOC-33,LOC-01,USPS,AIR,14
2025-04-25,2025-05-12,2025-05-12,SHP-LON-001032,SKU-0167,19,LOC-06,LOC-27,DHL,GROUND,17
2025-06-16,2025-07-02,2025-07-02,SHP-LON-001033,SKU-0001,45,LOC-39,LOC-35,DTDC,AIR,16
2025-03-16,2025-03-24,2025-03-24,SHP-LON-001034,SKU-0290,33,LOC-16,LOC-22,FedEx,GROUND,8
2025-11-16,2025-12-02,2025-12-03,SHP-LON-001035,SKU-0246,22,LOC-40,LOC-31,DTDC,GROUND,17
